Time(s),X,Y,Z,Yaw,Velocity,Acc,AngularRate
5.3116490840911865,343.72674560546875,-252.6216583251953,33.38032531738281,0.46962069478110957,1.475578833182253,-0.15404579325135592,3.4906585039886596e-06
5.313446044921875,343.75250244140625,-252.60694885253906,33.380123138427734,0.47058229567170995,1.4768317321961264,-0.15043805594714896,0.0006003932626860493
5.314826011657715,343.75250244140625,-252.60694885253906,33.380123138427734,0.47058229567170995,1.4768317321961264,-0.1397068212920389,-1.7453292519943298e-06
5.316145420074463,343.75250244140625,-252.60694885253906,33.380123138427734,0.47058229567170995,1.4768317321961264,-0.12945208348242904,-0.0005969026041820607
5.317410230636597,343.75250244140625,-252.60694885253906,33.380123138427734,0.47058229567170995,1.4768317321961264,-0.13517179131282803,3.4906585039886596e-06
5.318164825439453,343.75250244140625,-252.60694885253906,33.380123138427734,0.47058229567170995,1.4768317321961264,-0.1603766685631934,0.0006003932626860493
5.319029092788696,343.75250244140625,-252.60694885253906,33.380123138427734,0.47058229567170995,1.4768317321961264,-0.14920647656127706,-1.7453292519943298e-06
5.319951295852661,343.75250244140625,-252.60694885253906,33.380123138427734,0.47058229567170995,1.4768317321961264,-0.11232648549138817,-0.000598647933434055
5.320685625076294,343.75250244140625,-252.60694885253906,33.380123138427734,0.47058229567170995,1.4768317321961264,-0.11954652077739557,3.4906585039886596e-06
5.321479558944702,343.75250244140625,-252.60694885253906,33.380123138427734,0.47058229567170995,1.4768317321961264,-0.16547644007830406,0.000598647933434055
5.322189092636108,343.75250244140625,-252.60694885253906,33.380123138427734,0.47058229567170995,1.4768317321961264,-0.16411433395143965,-1.7453292519943298e-06
5.32990288734436,343.75250244140625,-252.60694885253906,33.380123138427734,0.47058229567170995,1.4768317321961264,-0.10825409527919155,-0.0011938052083641214
5.340021371841431,343.75250244140625,-252.60694885253906,33.380123138427734,0.47058229567170995,1.4768317321961264,-0.10243330111950781,0.000598647933434055
5.3500025272369385,343.75250244140625,-252.60694885253906,33.380123138427734,0.47058229567170995,1.4768317321961264,-0.16848070448882413,0.000598647933434055
5.360177516937256,216.34304809570312,-220.8074188232422,33.43499755859375,-0.3076650471722802,1.4768291562829148,-0.15947513025587035,-0.0
5.369838237762451,216.34304809570312,-220.8074188232422,33.43499755859375,-0.3076650471722802,1.4768291562829148,-0.07966948429559309,-0.0011920598791121271
5.380382776260376,216.34304809570312,-220.8074188232422,33.43499755859375,-0.3076650471722802,1.4768291562829148,-0.08030179894403455,3.4906585039886596e-06
5.390067100524902,216.3416290283203,-220.8145294189453,33.11369705200195,-0.3074749973389894,1.252782231248697,-0.17003776427565148,0.0011938052083641214
5.400099039077759,216.3416290283203,-220.8145294189453,33.11369705200195,-0.3074749973389894,1.252782231248697,-0.17611540376106366,0.0
5.410380840301514,216.3416290283203,-220.8145294189453,33.11369705200195,-0.3074749973389894,1.252782231248697,-0.07609840640170033,-0.0011938052083641214
5.420356512069702,216.34011840820312,-220.8209686279297,33.113651275634766,-0.3075580546754863,1.1458923550643973,-0.07065669106403283,3.4906585039886596e-06
5.430539131164551,216.34011840820312,-220.8209686279297,33.113651275634766,-0.3075580546754863,1.1458923550643973,-0.1545347272365067,0.0011938052083641214
5.4400458335876465,216.33924865722656,-220.82423400878906,33.113616943359375,-0.30766827625510196,1.1105562418001511,-0.18358351553894972,0.0005969026041820607
5.450384855270386,216.33924865722656,-220.82423400878906,33.113616943359375,-0.30766827625510196,1.1105562418001511,-0.0861509592693277,-0.0011920598791121271
5.460315942764282,216.33924865722656,-220.82423400878906,33.113616943359375,-0.30766827625510196,1.1105562418001511,-0.07188779486075964,1.7453292519943298e-06
5.469897508621216,216.33888244628906,-220.82589721679688,33.11357879638672,-0.30775715925648334,1.0972032037370092,-0.1497041793802777,0.000598647933434055
5.480170965194702,216.33888244628906,-220.82589721679688,33.11357879638672,-0.30775715925648334,1.0972032037370092,-0.19735413646306377,0.0005969026041820607
5.490097522735596,216.33888244628906,-220.82589721679688,33.11357879638672,-0.30775715925648334,1.0972032037370092,-0.10890600725939258,-1.7453292519943298e-06
5.500703811645508,216.33872985839844,-220.82672119140625,33.11354446411133,-0.30781578208997873,1.0918153831466635,-0.06857356229259537,-0.0005951572749300664
5.510226488113403,216.33872985839844,-220.82672119140625,33.11354446411133,-0.30781578208997873,1.0918153831466635,-0.1416816324521721,0.000598647933434055
5.519928693771362,216.33872985839844,-220.82672119140625,33.11354446411133,-0.30781578208997873,1.0918153831466635,-0.19609466650072746,0.0005969026041820607
5.530414342880249,216.338623046875,-220.8271026611328,33.1135139465332,-0.30784937120922734,1.0893116424278912,-0.13421713017358927,-0.0005969026041820607
5.540053367614746,216.338623046875,-220.8271026611328,33.1135139465332,-0.30784937120922734,1.0893116424278912,-0.07142722704121832,-0.0005951572749300664
5.550635099411011,216.338623046875,-220.8271026611328,33.1135139465332,-0.30784937120922734,1.0893116424278912,-0.12407947880913353,3.4906585039886596e-06
5.560661792755127,216.3394317626953,-220.82730102539062,33.11347961425781,-0.30786847939004863,1.0879012835061233,-0.18600136913433757,0.0005969026041820607
5.570101261138916,216.3394317626953,-220.82730102539062,33.11347961425781,-0.30786847939004863,1.0879012835061233,-0.1620719496787648,-0.0
5.580267906188965,216.33941650390625,-220.82737731933594,33.11344528198242,-0.3078780667699729,1.086976996502448,-0.07844714933271614,-0.000598647933434055
5.590220212936401,216.33941650390625,-220.82737731933594,33.11344528198242,-0.3078780667699729,1.086976996502448,-0.12444256979869342,3.4906585039886596e-06
5.601017475128174,216.33941650390625,-220.82737731933594,33.11344528198242,-0.3078780667699729,1.086976996502448,-0.1902898601735001,0.0011938052083641214
5.61012077331543,216.33944702148438,-220.8274383544922,33.11341094970703,-0.30788345967118036,1.0862415681730817,-0.1730863826842374,-1.7453292519943298e-06
5.619948625564575,216.33944702148438,-220.8274383544922,33.11341094970703,-0.30788345967118036,1.0862415681730817,-0.06839820596439201,-0.0011938052083641214
5.62996244430542,216.33944702148438,-220.8274383544922,33.11341094970703,-0.30788345967118036,1.0862415681730817,-0.09763111942888822,1.7453292519943298e-06
5.640668869018555,216.3394317626953,-220.8263397216797,33.113380432128906,-0.3078860229637295,1.0856009997628424,-0.16738782202084135,0.0011955505376161158
5.650185585021973,216.3394317626953,-220.8263397216797,33.113380432128906,-0.3078860229637295,1.0856009997628424,-0.16233240450379655,-0.0
5.661110162734985,216.3394317626953,-220.8263397216797,33.113380432128906,-0.3078860229637295,1.0856009997628424,-0.06655954418552996,-0.000598647933434055
5.6701600551605225,216.33944702148438,-220.8263397216797,33.11334991455078,-0.3078866221749748,1.085013419744327,-0.09407241986814859,1.7453292519943298e-06
5.680112838745117,216.33944702148438,-220.8263397216797,33.11334991455078,-0.3078866221749748,1.085013419744327,-0.17750587605353751,0.000598647933434055
5.690267324447632,216.33944702148438,-220.8263397216797,33.11334991455078,-0.3078866221749748,1.085013419744327,-0.16777051034216078,0.0
5.700194597244263,216.33944702148438,-220.82635498046875,33.11331558227539,-0.30788768743941086,1.0844695144946606,-0.06658791035113942,-0.000598647933434055
5.710123777389526,216.33944702148438,-220.82635498046875,33.11331558227539,-0.30788768743941086,1.0844695144946606,-0.06446042758163617,1.7453292519943298e-06
5.720096111297607,216.33944702148438,-220.82635498046875,33.11331558227539,-0.30788768743941086,1.0844695144946606,-0.15783658147151788,0.0006021385919380437
5.730240821838379,216.33946228027344,-220.82638549804688,33.113285064697266,-0.30788772072892445,1.0839121821564675,-0.17838987669316084,0.0
5.74013352394104,216.33946228027344,-220.82638549804688,33.113285064697266,-0.30788772072892445,1.0839121821564675,-0.09004438365401773,-0.000598647933434055
5.750244379043579,216.33946228027344,-220.82638549804688,33.113285064697266,-0.30788772072892445,1.0839121821564675,-0.08838984703720892,1.7453292519943298e-06
5.760177373886108,216.33949279785156,-220.82635498046875,33.11325454711914,-0.30788772072892445,1.0833644199805619,-0.16604686306097993,0.0006003932626860493
5.770112991333008,216.33949279785156,-220.82635498046875,33.11325454711914,-0.30788772072892445,1.0833644199805619,-0.17452120897477702,0.0005969026041820607
5.780217409133911,216.33949279785156,-220.82635498046875,33.11325454711914,-0.30788772072892445,1.0833644199805619,-0.07669358605068245,-0.000598647933434055
5.7903101444244385,216.33946228027344,-220.82638549804688,33.113224029541016,-0.3078871548071928,1.0828269766074055,-0.07751363536048037,-0.0005951572749300664
5.800094842910767,216.33946228027344,-220.82638549804688,33.113224029541016,-0.3078871548071928,1.0828269766074055,-0.15986297791173643,0.0011938052083641214
5.810341119766235,216.33946228027344,-220.82638549804688,33.113224029541016,-0.3078871548071928,1.0828269766074055,-0.19861360642540005,1.7453292519943298e-06
5.82089900970459,216.33950805664062,-220.82638549804688,33.11319351196289,-0.30788665546448846,1.082280777856626,-0.09376606120980766,-3.4906585039886596e-06
5.830626964569092,216.33950805664062,-220.82638549804688,33.11319351196289,-0.30788665546448846,1.082280777856626,-0.07662086588700717,-0.0005969026041820607
5.84057879447937,216.3395233154297,-220.82640075683594,33.113162994384766,-0.3078866221749748,1.081727915694328,-0.15188117548239335,0.000598647933434055
5.85057520866394,216.3395233154297,-220.82640075683594,33.113162994384766,-0.3078866221749748,1.081727915694328,-0.1962736323282341,0.0005969026041820607
5.860437870025635,216.3395233154297,-220.82640075683594,33.113162994384766,-0.3078866221749748,1.081727915694328,-0.09188665493218307,-0.000598647933434055
5.870115041732788,216.33950805664062,-220.82638549804688,33.113136291503906,-0.3078861228322704,1.0811956761178838,-0.06163151949931944,-0.0005969026041820607
5.879983901977539,216.33950805664062,-220.82638549804688,33.113136291503906,-0.3078861228322704,1.0811956761178838,-0.1512452513346487,0.0006003932626860493
5.890072584152222,216.33950805664062,-220.82638549804688,33.113136291503906,-0.3078861228322704,1.0811956761178838,-0.2080833579771984,0.0005969026041820607
5.900129079818726,216.3395233154297,-220.82638549804688,33.11310577392578,-0.3078861228322704,1.0806606768255866,-0.10752430380076859,-0.000598647933434055
5.910067081451416,216.3395233154297,-220.82638549804688,33.11310577392578,-0.3078861228322704,1.0806606768255866,-0.06550018721770326,-0.0005969026041820607
5.920661211013794,216.3395233154297,-220.82638549804688,33.11310577392578,-0.3078861228322704,1.0806606768255866,-0.15565597587009897,0.00119729586686811
5.9306275844573975,216.3395233154297,-220.82638549804688,33.113075256347656,-0.3078861228322704,1.0801305189343113,-0.19971009839268605,3.4906585039886596e-06
5.940166473388672,216.3395233154297,-220.82638549804688,33.113075256347656,-0.3078861228322704,1.0801305189343113,-0.1038593585761976,-0.000598647933434055
5.950860977172852,216.3395233154297,-220.82638549804688,33.113075256347656,-0.3078861228322704,1.0801305189343113,-0.06753019315722503,-0.0005969026041820607
5.960099697113037,216.3386993408203,-220.82749938964844,33.11304473876953,-0.3078849909888071,1.0795946178468436,-0.15142060766285204,0.000598647933434055
5.97013783454895,216.3386993408203,-220.82749938964844,33.11304473876953,-0.3078849909888071,1.0795946178468436,-0.19922116440753526,0.000598647933434055
5.980163335800171,216.33872985839844,-220.8275146484375,33.113014221191406,-0.30788555691053876,1.0790568951940323,-0.11273393047901381,-1.7453292519943298e-06
5.990042209625244,216.33872985839844,-220.8275146484375,33.113014221191406,-0.30788555691053876,1.0790568951940323,-0.06425670508782333,-0.0005951572749300664
6.000127553939819,216.33872985839844,-220.8275146484375,33.113014221191406,-0.30788555691053876,1.0790568951940323,-0.13915031419434643,3.4906585039886596e-06
6.010309219360352,216.3386993408203,-220.82749938964844,33.11298751831055,-0.30788449164610276,1.0785057319605365,-0.19187528612593693,0.000598647933434055
6.020061016082764,216.3386993408203,-220.82749938964844,33.11298751831055,-0.30788449164610276,1.0785057319605365,-0.10928508608140877,-3.4906585039886596e-06
6.030489444732666,216.3386993408203,-220.82749938964844,33.11298751831055,-0.30788449164610276,1.0785057319605365,-0.05375957223311099,-0.0005951572749300664
6.040087699890137,216.33786010742188,-220.8275604248047,33.11295700073242,-0.30788502427832076,1.0779972138022629,-0.12954595081310727,0.000598647933434055
6.0502119064331055,216.33786010742188,-220.8275604248047,33.11295700073242,-0.30788502427832076,1.0779972138022629,-0.19437823821815314,0.000598647933434055
6.060154438018799,216.33786010742188,-220.8275604248047,33.11295700073242,-0.30788502427832076,1.0779972138022629,-0.11667170886176967,-1.7453292519943298e-06
6.07028603553772,216.33792114257812,-220.82862854003906,33.11293029785156,-0.30788452493561635,1.0774751983430784,-0.06437893858411103,-0.000598647933434055
6.0800275802612305,216.33792114257812,-220.82862854003906,33.11293029785156,-0.30788452493561635,1.0774751983430784,-0.12938297281805705,0.000598647933434055
6.0903332233428955,216.33792114257812,-220.82862854003906,33.11293029785156,-0.30788452493561635,1.0774751983430784,-0.19140233997324252,0.000598647933434055
6.100571155548096,216.33790588378906,-220.82864379882812,33.1129035949707,-0.30788449164610276,1.0769591630320114,-0.11945987244532383,-0.000598647933434055
6.110081195831299,216.33790588378906,-220.82864379882812,33.1129035949707,-0.30788449164610276,1.0769591630320114,-0.06190435265750428,-1.7453292519943298e-06
6.1203508377075195,216.33792114257812,-220.82862854003906,33.11287307739258,-0.3078839590138847,1.076450873374199,-0.12229393986218716,1.7453292519943298e-06
6.1302618980407715,216.33792114257812,-220.82862854003906,33.11287307739258,-0.3078839590138847,1.076450873374199,-0.1951487741953386,0.000598647933434055
6.140637159347534,216.33792114257812,-220.82862854003906,33.11287307739258,-0.3078839590138847,1.076450873374199,-0.135435855637163,-1.7453292519943298e-06
6.150360345840454,216.33795166015625,-220.82862854003906,33.112850189208984,-0.3078834263816667,1.0759211688760495,-0.07486369310567026,-0.0005969026041820607
6.1606526374816895,216.33795166015625,-220.82862854003906,33.112850189208984,-0.3078834263816667,1.0759211688760495,-0.13088330027366543,3.4906585039886596e-06
6.170459270477295,216.33795166015625,-220.82862854003906,33.112850189208984,-0.3078834263816667,1.0759211688760495,-0.19073804965988833,1.7453292519943298e-06
6.180784463882446,216.33792114257812,-220.82864379882812,33.11281967163086,-0.3078834263816667,1.0754082552321906,-0.12787387652859875,-1.7453292519943298e-06
6.19025993347168,216.33792114257812,-220.82864379882812,33.11281967163086,-0.3078834263816667,1.0754082552321906,-0.05451772987714338,-0.0005969026041820607
6.200140476226807,216.33792114257812,-220.82864379882812,33.11281967163086,-0.3078834263816667,1.0754082552321906,-0.12407947880913353,0.000598647933434055
6.210489273071289,216.33795166015625,-220.82862854003906,33.11279296875,-0.30788345967118036,1.0748961075584196,-0.19825928426969008,0.000598647933434055
6.220290660858154,216.33795166015625,-220.82862854003906,33.11279296875,-0.30788345967118036,1.0748961075584196,-0.13820803138826082,-0.0005969026041820607
6.23086953163147,216.33795166015625,-220.82867431640625,33.11276626586914,-0.30788296032847595,1.0743832319592281,-0.07015537874572893,-0.0005969026041820607
6.240743637084961,216.33795166015625,-220.82867431640625,33.11276626586914,-0.30788296032847595,1.0743832319592281,-0.13096478927119057,0.000598647933434055
6.2503275871276855,216.33795166015625,-220.82867431640625,33.11276626586914,-0.30788296032847595,1.0743832319592281,-0.18708548276847045,0.0006003932626860493
6.260540246963501,216.3379669189453,-220.82864379882812,33.11273956298828,-0.30788236111723066,1.0738716868174583,-0.12922721382161326,-1.7453292519943298e-06
6.270468711853027,216.3379669189453,-220.82864379882812,33.11273956298828,-0.30788236111723066,1.0738716868174583,-0.059780479387304276,-0.000598647933434055
6.28034520149231,216.3379669189453,-220.82864379882812,33.11273956298828,-0.30788236111723066,1.0738716868174583,-0.11776098183044918,0.000598647933434055
6.290650367736816,216.33798217773438,-220.82864379882812,33.11271286010742,-0.30788236111723066,1.0733706711160562,-0.19287430126324148,0.000598647933434055
6.300618648529053,216.33798217773438,-220.82864379882812,33.11271286010742,-0.30788236111723066,1.0733706711160562,-0.1492348427268865,-0.0
6.310345888137817,216.33798217773438,-220.82864379882812,33.11271286010742,-0.30788236111723066,1.0733706711160562,-0.06827597246810432,-0.000598647933434055
6.32033896446228,216.3379669189453,-220.82757568359375,33.11268615722656,-0.30788182848501267,1.0728544975687875,-0.12081836907288496,1.7453292519943298e-06
6.330265760421753,216.3379669189453,-220.82757568359375,33.11268615722656,-0.30788182848501267,1.0728544975687875,-0.18845119839463811,0.0011938052083641214
6.3403215408325195,216.3379669189453,-220.82757568359375,33.11268615722656,-0.30788182848501267,1.0728544975687875,-0.14408194837986021,-0.0005969026041820607
6.350465297698975,216.3379669189453,-220.8275604248047,33.1126594543457,-0.3078818617745263,1.072333024253629,-0.055695710841954515,-0.000598647933434055
6.360336780548096,216.3379669189453,-220.8275604248047,33.1126594543457,-0.3078818617745263,1.072333024253629,-0.10535607653250276,0.000598647933434055
6.370144605636597,216.3379669189453,-220.8275604248047,33.1126594543457,-0.3078818617745263,1.072333024253629,-0.19486356270400065,0.000598647933434055
6.380354166030884,216.33798217773438,-220.8275909423828,33.11263656616211,-0.3078818617745263,1.071837170572952,-0.16323755231042286,-0.0
6.390187501907349,216.33798217773438,-220.8275909423828,33.11263656616211,-0.3078818617745263,1.071837170572952,-0.0669102568419367,-0.0011955505376161158
6.400331497192383,216.33798217773438,-220.8275909423828,33.11263656616211,-0.3078818617745263,1.071837170572952,-0.104936253211724,1.7453292519943298e-06
6.410165548324585,216.33798217773438,-220.82757568359375,33.11260986328125,-0.3078807632205766,1.07132923886084,-0.1823771684085291,0.0011955505376161158
6.420787572860718,216.33798217773438,-220.82757568359375,33.11260986328125,-0.3078807632205766,1.07132923886084,-0.15562245036994288,0.0
6.430482864379883,216.33798217773438,-220.8275604248047,33.11258316040039,-0.30788129585279467,1.0708362470100263,-0.059254410402694184,-0.0011938052083641214
6.440121412277222,216.33798217773438,-220.8275604248047,33.11258316040039,-0.30788129585279467,1.0708362470100263,-0.08736246573429493,1.7453292519943298e-06
6.450807094573975,216.33798217773438,-220.8275604248047,33.11258316040039,-0.30788129585279467,1.0708362470100263,-0.18413434118986607,0.000598647933434055
6.460497617721558,216.3388671875,-220.82757568359375,33.11255645751953,-0.307880729931063,1.0703288572798302,-0.1772526402271123,0.0
6.470484972000122,216.3388671875,-220.82757568359375,33.11255645751953,-0.307880729931063,1.0703288572798302,-0.07128023687862442,-0.000598647933434055
6.4802165031433105,216.3388671875,-220.82757568359375,33.11255645751953,-0.307880729931063,1.0703288572798302,-0.08358766534658933,0.0
6.490441799163818,216.3388671875,-220.8275604248047,33.1125373840332,-0.307880729931063,1.0698216592467924,-0.17623402775804814,0.000598647933434055
6.5003533363342285,216.3388671875,-220.8275604248047,33.1125373840332,-0.307880729931063,1.0698216592467924,-0.1698128946148357,0.0005969026041820607
6.510846138000488,216.3388671875,-220.8275604248047,33.1125373840332,-0.307880729931063,1.0698216592467924,-0.06342066794556908,-0.0006003932626860493
6.520439624786377,216.3388671875,-220.8275604248047,33.112510681152344,-0.3078806966415494,1.0693111745974386,-0.07832491583642845,1.7453292519943298e-06
6.530309438705444,216.3388671875,-220.8275604248047,33.112510681152344,-0.3078806966415494,1.0693111745974386,-0.18770541908375882,0.0006003932626860493
6.540818214416504,216.33888244628906,-220.82757568359375,33.112483978271484,-0.3078807632205766,1.0688214772237672,-0.19508327303026987,1.7453292519943298e-06
6.55058741569519,216.33888244628906,-220.82757568359375,33.112483978271484,-0.3078807632205766,1.0688214772237672,-0.07616390756676913,-0.0006003932626860493
6.560340404510498,216.33888244628906,-220.82757568359375,33.112483978271484,-0.3078807632205766,1.0688214772237672,-0.0745908599474854,-0.0005951572749300664
6.570567607879639,216.3388671875,-220.8264617919922,33.11246109008789,-0.30788026387787226,1.0683316610722122,-0.17406940998908557,0.00119729586686811
6.5803797245025635,216.3388671875,-220.8264617919922,33.11246109008789,-0.30788026387787226,1.0683316610722122,-0.19523387269216702,0.000598647933434055
6.5909528732299805,216.3388671875,-220.8264617919922,33.11246109008789,-0.30788026387787226,1.0683316610722122,-0.07406840046217858,-0.0006003932626860493
6.600497722625732,216.33888244628906,-220.82644653320312,33.11243438720703,-0.3078797312456542,1.0678610585798496,-0.07179031803077815,-0.0005951572749300664
6.610435962677002,216.33888244628906,-220.82644653320312,33.11243438720703,-0.3078797312456542,1.0678610585798496,-0.17030698793453306,0.0011955505376161158
6.620786190032959,216.33888244628906,-220.82644653320312,33.11243438720703,-0.3078797312456542,1.0678610585798496,-0.2160120375746258,1.7453292519943298e-06
6.630518198013306,216.33888244628906,-220.8264617919922,33.1124153137207,-0.30787976453516785,1.06735752864185,-0.08612259310371828,-0.000598647933434055
6.640470743179321,216.33888244628906,-220.8264617919922,33.1124153137207,-0.30787976453516785,1.06735752864185,-0.05492156536546579,-0.0005969026041820607
6.6504807472229,216.33888244628906,-220.8264617919922,33.1124153137207,-0.30787976453516785,1.06735752864185,-0.1563733890153688,0.0011955505376161158
6.660562753677368,216.33888244628906,-220.8264617919922,33.112388610839844,-0.3078797978246815,1.066867763014259,-0.21164205753793805,1.7453292519943298e-06
6.670565128326416,216.33888244628906,-220.8264617919922,33.112388610839844,-0.3078797978246815,1.066867763014259,-0.09168293243837021,-0.000598647933434055
6.680390119552612,216.33888244628906,-220.8264617919922,33.112388610839844,-0.3078797978246815,1.066867763014259,-0.04940197052957638,-0.0005969026041820607
6.690734624862671,216.33889770507812,-220.82644653320312,33.112361907958984,-0.3078798311141951,1.0663627595309926,-0.14919048872882068,0.0006003932626860493
6.700385808944702,216.33889770507812,-220.82644653320312,33.112361907958984,-0.3078798311141951,1.0663627595309926,-0.20412082292813633,0.000598647933434055
6.7108154296875,216.33889770507812,-220.82644653320312,33.112361907958984,-0.3078798311141951,1.0663627595309926,-0.0941858845305864,-0.0006003932626860493
6.720420837402344,216.33889770507812,-220.82647705078125,33.112342834472656,-0.30787923190294986,1.065896335022479,-0.06049428303327086,-0.0005969026041820607
6.73067045211792,216.33889770507812,-220.82647705078125,33.112342834472656,-0.30787923190294986,1.065896335022479,-0.15221950980564697,0.0011955505376161158
6.740307331085205,216.33889770507812,-220.8264617919922,33.11231994628906,-0.3078786659812182,1.0653881298527297,-0.20620395169957378,1.7453292519943298e-06
6.750535488128662,216.33889770507812,-220.8264617919922,33.11231994628906,-0.3078786659812182,1.0653881298527297,-0.09234722275172436,-0.000598647933434055
6.761022329330444,216.33889770507812,-220.8264617919922,33.11231994628906,-0.3078786659812182,1.0653881298527297,-0.046589050279716014,-0.0005969026041820607
6.770343542098999,216.33889770507812,-220.8264617919922,33.11229705810547,-0.3078791986134362,1.0649170989324666,-0.13689182909470562,0.0011955505376161158
6.780459642410278,216.33889770507812,-220.8264617919922,33.11229705810547,-0.3078791986134362,1.0649170989324666,-0.20855630412989282,0.0005969026041820607
6.790642976760864,216.33889770507812,-220.8264617919922,33.11229705810547,-0.3078791986134362,1.0649170989324666,-0.1126116969827261,-0.000598647933434055
6.800484657287598,216.3397674560547,-220.8264617919922,33.112274169921875,-0.3078780667699729,1.0643891257066354,-0.0675709376559876,-0.0005969026041820607
6.810844898223877,216.3397674560547,-220.8264617919922,33.112274169921875,-0.3078780667699729,1.0643891257066354,-0.14012457266534473,0.000598647933434055
6.821205139160156,216.3397674560547,-220.8264617919922,33.112274169921875,-0.3078780667699729,1.0643891257066354,-0.1918221632940213,0.0005969026041820607
6.830630779266357,216.3397674560547,-220.8253631591797,33.11225128173828,-0.3078786992707318,1.06393246971417,-0.10312956709777465,-0.000598647933434055
6.8405234813690186,216.3397674560547,-220.8253631591797,33.11225128173828,-0.3078786992707318,1.06393246971417,-0.05822341960047693,-0.0
6.851289987564087,216.3397674560547,-220.8253631591797,33.11225128173828,-0.3078786992707318,1.06393246971417,-0.14250529126127326,3.4906585039886596e-06
6.8607258796691895,216.33978271484375,-220.82534790039062,33.11223220825195,-0.30787813334900016,1.0634506980945737,-0.20783889098462302,0.000598647933434055
6.870978355407715,216.33978271484375,-220.82534790039062,33.11223220825195,-0.30787813334900016,1.0634506980945737,-0.11545298339819597,-3.4906585039886596e-06
6.880808591842651,216.33978271484375,-220.82647705078125,33.112205505371094,-0.3078775674272685,1.062949776902232,-0.05899395557766242,-0.0005969026041820607
6.891072034835815,216.33978271484375,-220.82647705078125,33.112205505371094,-0.3078775674272685,1.062949776902232,-0.14220770143678219,5.235987755982988e-06
6.900919437408447,216.33978271484375,-220.82647705078125,33.112205505371094,-0.3078775674272685,1.062949776902232,-0.20053375720178723,0.000598647933434055
6.910668849945068,216.33892822265625,-220.82647705078125,33.112186431884766,-0.3078780667699729,1.0624780631281276,-0.11480468091729817,-0.0005969026041820607
6.920647144317627,216.33892822265625,-220.82647705078125,33.112186431884766,-0.3078780667699729,1.0624780631281276,-0.058561753923730565,-1.7453292519943298e-06
6.930652379989624,216.33892822265625,-220.82647705078125,33.112186431884766,-0.3078780667699729,1.0624780631281276,-0.1344419998344051,3.4906585039886596e-06
6.940969705581665,216.3389434814453,-220.82647705078125,33.112159729003906,-0.3078775674272685,1.0619831016250363,-0.1975702372900297,0.000598647933434055
6.951079368591309,216.3389434814453,-220.82647705078125,33.112159729003906,-0.3078775674272685,1.0619831016250363,-0.09266080040867175,-1.7453292519943298e-06
6.961172342300415,216.3389434814453,-220.82647705078125,33.112159729003906,-0.3078775674272685,1.0619831016250363,0.04377562020103913,-0.000598647933434055
6.970808982849121,216.33897399902344,-220.82757568359375,33.112144470214844,-0.30787810005948657,1.0615062187859534,0.0135736076000912,0.0011955505376161158
6.980689764022827,216.33897399902344,-220.82757568359375,33.112144470214844,-0.30787810005948657,1.0615062187859534,-0.06281877912679695,0.0011990411961201044
6.991042613983154,216.33897399902344,-220.82757568359375,33.112144470214844,-0.30787810005948657,1.0615062187859534,0.03291849602725372,0.000598647933434055
7.0006186962127686,216.3389434814453,-220.8275909423828,33.11212158203125,-0.3078775674272685,1.0610569152671272,0.08479505248343679,3.4906585039886596e-06
7.011412620544434,216.3389434814453,-220.8275909423828,33.11212158203125,-0.3078775674272685,1.0610569152671272,0.010944812512284047,0.0017976891295541594
7.021116256713867,216.3389434814453,-220.8275909423828,33.11212158203125,-0.3078775674272685,1.0610569152671272,-0.022467752751005376,0.0012007865253720986
7.030738115310669,216.33895874023438,-220.8275909423828,33.112098693847656,-0.3078770347950505,1.060535518978909,0.048105467445794275,1.7453292519943298e-06
7.0406413078308105,216.33895874023438,-220.8275909423828,33.112098693847656,-0.3078770347950505,1.060535518978909,0.07087022239812235,-0.0005899212871740833
7.050690650939941,216.33981323242188,-220.82870483398438,33.11207580566406,-0.3078775674272685,1.0600584921456762,0.026870965871182095,0.0018029251173101422
7.060387849807739,216.33981323242188,-220.82870483398438,33.11207580566406,-0.3078775674272685,1.0600584921456762,0.005404315518434316,0.0017994344588061536
7.070791006088257,216.33981323242188,-220.82870483398438,33.11207580566406,-0.3078775674272685,1.0600584921456762,0.01045726199598443,1.7453292519943298e-06
7.0805182456970215,216.341552734375,-220.82977294921875,33.112064361572266,-0.3079771363625239,1.0595827824873263,0.02495589528137232,5.235987755982988e-06
7.090659141540527,216.341552734375,-220.82977294921875,33.112064361572266,-0.3079771363625239,1.0595827824873263,0.027653865270205136,0.0006108652381980154
7.100742816925049,216.341552734375,-220.82977294921875,33.112064361572266,-0.3079771363625239,1.0595827824873263,-0.01350030927833995,0.001202531854624093
7.1107399463653564,216.34327697753906,-220.8297576904297,33.1120491027832,-0.3079766703093331,1.059116345363178,-0.022651799356502772,-0.000593411945678072
7.120531320571899,216.34327697753906,-220.8297576904297,33.1120491027832,-0.3079766703093331,1.059116345363178,0.009505650965969892,-0.0005916666164260776
7.130640745162964,216.34327697753906,-220.8297576904297,33.1120491027832,-0.3079766703093331,1.059116345363178,0.044879054700030396,1.0471975511965975e-05
7.140752792358398,216.34500122070312,-220.83087158203125,33.112030029296875,-0.3079766370198195,1.0585988459293787,-0.0012290701338654453,8.726646259971648e-06
7.15048360824585,216.34500122070312,-220.83087158203125,33.112030029296875,-0.3079766370198195,1.0585988459293787,-0.014386385912089933,-0.000593411945678072
7.160782098770142,216.34754943847656,-220.83197021484375,33.11200714111328,-0.30797716965203753,1.058171364422231,0.03556233943560136,-0.0011885692206081383
7.17069149017334,216.34754943847656,-220.83197021484375,33.11200714111328,-0.30797716965203753,1.058171364422231,0.06981808442890215,8.726646259971648e-06
7.180583477020264,216.34754943847656,-220.83197021484375,33.11200714111328,-0.30797716965203753,1.058171364422231,0.025172391756636187,6.981317007977319e-06
7.191028118133545,216.35009765625,-220.8319549560547,33.111995697021484,-0.3078764688733189,1.057699436184144,0.024989816429826284,-0.0011903145498601327
7.200638771057129,216.35009765625,-220.8319549560547,33.111995697021484,-0.3078764688733189,1.057699436184144,0.0803523522830738,-0.0011903145498601327
7.210617542266846,216.35009765625,-220.8319549560547,33.111995697021484,-0.3078764688733189,1.057699436184144,0.09157411728166247,6.981317007977319e-06
7.220554351806641,216.3543701171875,-220.83302307128906,33.111976623535156,-0.30787590295158723,1.0572161847516843,0.019342828763102615,0.0006021385919380437
7.23084020614624,216.3543701171875,-220.83302307128906,33.111976623535156,-0.30787590295158723,1.0572161847516843,0.028589260489328527,-0.0005951572749300664
7.2405617237091064,216.3543701171875,-220.83302307128906,33.111976623535156,-0.30787590295158723,1.0572161847516843,0.10883071760284088,-0.0005969026041820607
7.251020669937134,216.35780334472656,-220.83412170410156,33.11196517944336,-0.3078765021628325,1.0567418004345714,0.09515757350870836,3.4906585039886596e-06
7.260542869567871,216.35780334472656,-220.83412170410156,33.11196517944336,-0.3078765021628325,1.0567418004345714,0.0212629795394898,0.00119729586686811
7.270827054977417,216.35780334472656,-220.83412170410156,33.11196517944336,-0.3078765021628325,1.0567418004345714,0.04595932547294482,-1.7453292519943298e-06
7.2810142040252686,216.36293029785156,-220.8362579345703,33.11195373535156,-0.3078760028201281,1.0562540043975666,0.09975242320621189,-1.7453292519943298e-06
7.290645599365234,216.36293029785156,-220.8362579345703,33.11195373535156,-0.3078760028201281,1.0562540043975666,0.07091457639618817,0.0005969026041820607
7.301074981689453,216.36634826660156,-220.8373565673828,33.11194610595703,-0.3078765021628325,1.0557974530941483,0.01067197935409922,0.0011955505376161158
7.311092376708984,216.36634826660156,-220.8373565673828,33.11194610595703,-0.3078765021628325,1.0557974530941483,0.035975883269689424,-1.7453292519943298e-06
7.320679187774658,216.36634826660156,-220.8373565673828,33.11194610595703,-0.3078765021628325,1.0557974530941483,0.0901196936593632,-1.7453292519943298e-06
7.330946207046509,216.3714599609375,-220.83843994140625,33.111934661865234,-0.3078754036088828,1.0553274451556498,0.08078508223354974,0.0011938052083641214
7.342428207397461,216.3714599609375,-220.83843994140625,33.111934661865234,-0.3078754036088828,1.0553274451556498,-0.010699856652582579,0.00119729586686811
7.351557970046997,216.3714599609375,-220.83843994140625,33.111934661865234,-0.3078754036088828,1.0553274451556498,0.00306677125334337,0.0005951572749300664
7.360965013504028,216.37744140625,-220.83950805664062,33.11193084716797,-0.3079761376771151,1.0548439372843281,0.07647390587183497,-5.235987755982988e-06
7.370809555053711,216.37744140625,-220.83950805664062,33.11193084716797,-0.3079761376771151,1.0548439372843281,0.07038081150624681,0.0005969026041820607
7.380833625793457,216.37744140625,-220.83950805664062,33.11193084716797,-0.3079761376771151,1.0548439372843281,-0.03476827264888677,0.0017941984710501708
7.3909571170806885,216.38340759277344,-220.8416748046875,33.11191940307617,-0.30797560504489707,1.0543912994465383,-0.031920412448293634,1.7453292519943298e-06
7.400892734527588,216.38340759277344,-220.8416748046875,33.11191940307617,-0.30797560504489707,1.0543912994465383,0.057289724722089375,-0.0006003932626860493
7.41091775894165,216.38340759277344,-220.8416748046875,33.11191940307617,-0.30797560504489707,1.0543912994465383,0.06196481325227128,0.0005969026041820607
7.421537399291992,216.39027404785156,-220.8438262939453,33.11191177368164,-0.30797560504489707,1.05391608249309,-0.028612435733956942,0.0006003932626860493
7.430917978286743,216.39027404785156,-220.8438262939453,33.11191177368164,-0.30797560504489707,1.05391608249309,-0.02933677362616602,0.000598647933434055
7.4408698081970215,216.39027404785156,-220.8438262939453,33.11191177368164,-0.30797560504489707,1.05391608249309,0.06251207742843345,-0.0011938052083641214
7.451749086380005,216.39710998535156,-220.8459930419922,33.11190414428711,-0.30797560504489707,1.0534295455731522,0.06429120358538397,-0.0
7.461341142654419,216.39710998535156,-220.8459930419922,33.11190414428711,-0.30797560504489707,1.0534295455731522,-0.026921846435029817,0.0006003932626860493
7.47093939781189,216.39710998535156,-220.8459930419922,33.11190414428711,-0.30797560504489707,1.0534295455731522,-0.033585207438539044,1.7453292519943298e-06
7.480942010879517,216.40220642089844,-220.84706115722656,33.111900329589844,-0.30797553846586984,1.0529610824553715,0.060509164578402636,-0.0011955505376161158
7.490743637084961,216.40220642089844,-220.84706115722656,33.111900329589844,-0.30797553846586984,1.0529610824553715,0.06947312160634281,-0.0005951572749300664
7.501215696334839,216.409912109375,-220.84922790527344,33.11189651489258,-0.3079755717553835,1.05247553580412,-0.03345623589513033,0.0006003932626860493
7.5115814208984375,216.409912109375,-220.84922790527344,33.11189651489258,-0.3079755717553835,1.05247553580412,-0.034004194669094934,-0.000593411945678072
7.521519660949707,216.409912109375,-220.84922790527344,33.11189651489258,-0.3079755717553835,1.05247553580412,0.07639303650106452,-0.0011955505376161158
7.531557083129883,216.41847229003906,-220.85247802734375,33.11188888549805,-0.3079750724126791,1.0520285785992605,0.09749228824061987,-0.0005969026041820607
7.54121994972229,216.41847229003906,-220.85247802734375,33.11188888549805,-0.3079750724126791,1.0520285785992605,-0.005356199890082819,5.235987755982988e-06
7.551246881484985,216.41847229003906,-220.85247802734375,33.11188888549805,-0.3079750724126791,1.0520285785992605,-0.016510602818276432,3.4906585039886596e-06
7.561522960662842,216.42698669433594,-220.85462951660156,33.11189270019531,-0.30797503912316543,1.0515792573505893,0.10183555197764929,-0.001790707812546182
7.5716307163238525,216.42698669433594,-220.85462951660156,33.11189270019531,-0.30797503912316543,1.0515792573505893,0.11373398562274518,-0.0005951572749300664
7.580860137939453,216.42698669433594,-220.85462951660156,33.11189270019531,-0.30797503912316543,1.0515792573505893,-0.011569377984508633,6.981317007977319e-06
7.5910186767578125,216.4363555908203,-220.8567657470703,33.11188507080078,-0.3078748709766648,1.0510923091632858,-0.029623330613238685,3.4906585039886596e-06
7.601313352584839,216.4363555908203,-220.8567657470703,33.11188507080078,-0.3078748709766648,1.0510923091632858,0.08622265977536991,-0.0011938052083641214
7.610894680023193,216.4363555908203,-220.8567657470703,33.11188507080078,-0.3078748709766648,1.0510923091632858,0.10993081906943016,-0.0005951572749300664
7.621422052383423,216.44235229492188,-220.85894775390625,33.11188888549805,-0.3078748709766648,1.0506333621358794,0.005759942500345061,0.0006003932626860493
7.631314992904663,216.44235229492188,-220.85894775390625,33.11188888549805,-0.3078748709766648,1.0506333621358794,-0.020626525214134717,1.7453292519943298e-06
7.640937089920044,216.45175170898438,-220.8622283935547,33.11188507080078,-0.30787493755569206,1.0501530263438774,0.07396835413932071,-0.0011955505376161158
7.651189804077148,216.45175170898438,-220.8622283935547,33.11188507080078,-0.30787493755569206,1.0501530263438774,0.09064060330942672,0.0
7.661559104919434,216.45175170898438,-220.8622283935547,33.11188507080078,-0.30787493755569206,1.0501530263438774,0.025213136255398727,0.000598647933434055
7.67087197303772,216.46286010742188,-220.86541748046875,33.11188888549805,-0.3078749042661785,1.0497140430360583,0.02419091428703135,1.7453292519943298e-06
7.680973768234253,216.46286010742188,-220.86541748046875,33.11188888549805,-0.3078749042661785,1.0497140430360583,0.10443237140054372,-3.4906585039886596e-06
7.690814256668091,216.46286010742188,-220.86541748046875,33.11188888549805,-0.3078749042661785,1.0497140430360583,0.09174947360986584,-0.0
7.700814247131348,216.4730987548828,-220.86868286132812,33.11189270019531,-0.3078743716339604,1.0492084208481354,-0.00038319815013590497,0.0011955505376161158
7.710767030715942,216.4730987548828,-220.86868286132812,33.11189270019531,-0.3078743716339604,1.0492084208481354,0.0164252126846543,1.7453292519943298e-06
7.720751762390137,216.4730987548828,-220.86868286132812,33.11189270019531,-0.3078743716339604,1.0492084208481354,0.09214609009958175,-0.0005969026041820607
7.73088812828064,216.4842071533203,-220.87193298339844,33.111900329589844,-0.30787440492347407,1.0487876082094414,0.08576570145513185,1.7453292519943298e-06
7.74091911315918,216.4842071533203,-220.87193298339844,33.111900329589844,-0.30787440492347407,1.0487876082094414,0.04985635935693808,0.0011955505376161158
7.751320123672485,216.4842071533203,-220.87193298339844,33.111900329589844,-0.30787440492347407,1.0487876082094414,0.04040775497214266,1.7453292519943298e-06
7.761350870132446,216.49615478515625,-220.87515258789062,33.111900329589844,-0.3078749042661785,1.0483009193884052,0.04851540039707669,-0.0005951572749300664
7.771152019500732,216.49615478515625,-220.87515258789062,33.111900329589844,-0.3078749042661785,1.0483009193884052,0.026685097545397718,3.4906585039886596e-06
7.780863285064697,216.5046844482422,-220.8773193359375,33.11190414428711,-0.30787440492347407,1.047841308574531,0.0671449353430292,-0.000593411945678072
7.7912538051605225,216.5046844482422,-220.8773193359375,33.11190414428711,-0.30787440492347407,1.047841308574531,0.06868239779809693,-0.0011920598791121271
7.800859212875366,216.5046844482422,-220.8773193359375,33.11190414428711,-0.30787440492347407,1.047841308574531,0.039017282679668835,-0.0011885692206081383
7.810883522033691,216.51666259765625,-220.88165283203125,33.11191177368164,-0.30787440492347407,1.0473727980786516,0.055701910182928055,5.235987755982988e-06
7.820902347564697,216.51666259765625,-220.88165283203125,33.11191177368164,-0.30787440492347407,1.0473727980786516,0.11093499354128133,-0.0011903145498601327
7.831089973449707,216.51666259765625,-220.88165283203125,33.11191177368164,-0.30787440492347407,1.0473727980786516,0.08582398362159419,-0.0011920598791121271
7.840820074081421,216.53030395507812,-220.88485717773438,33.11191940307617,-0.30787440492347407,1.0469017493346182,0.06809221905263049,-0.00118507856210415
7.8514015674591064,216.53030395507812,-220.88485717773438,33.11191940307617,-0.30787440492347407,1.0469017493346182,0.12022668307149126,-0.0005899212871740833
7.861144065856934,216.53030395507812,-220.88485717773438,33.11191940307617,-0.30787440492347407,1.0469017493346182,0.1586656039531783,-0.0011920598791121271
7.8708882331848145,216.54397583007812,-220.8903045654297,33.11193084716797,-0.30777423677697346,1.0464280882410903,0.06851228930561715,-0.0011885692206081383
7.880992889404297,216.54397583007812,-220.8903045654297,33.11193084716797,-0.30777423677697346,1.0464280882410903,0.09658047714664172,-0.000588175957922089
7.891300916671753,216.55337524414062,-220.8924560546875,33.1119384765625,-0.3077742700664871,1.0459838969636015,0.2041117500825509,-0.0011903145498601327
7.901038885116577,216.55337524414062,-220.8924560546875,33.1119384765625,-0.3077742700664871,1.0459838969636015,0.1514947506123797,-0.0005951572749300664
7.911759853363037,216.55337524414062,-220.8924560546875,33.1119384765625,-0.3077742700664871,1.0459838969636015,0.05753526872463019,-0.000588175957922089
7.921045303344727,216.56793212890625,-220.89788818359375,33.11194610595703,-0.3077742700664871,1.0455162219719258,0.16896493381367148,-0.0005916666164260776
7.931296110153198,216.56793212890625,-220.89788818359375,33.11194610595703,-0.3077742700664871,1.0455162219719258,0.24759280876064127,-0.0006003932626860493
7.941420078277588,216.56793212890625,-220.89788818359375,33.11194610595703,-0.3077742700664871,1.0455162219719258,0.09182007852948795,6.981317007977319e-06
7.951431035995483,216.58328247070312,-220.9033203125,33.111961364746094,-0.3076741352095001,1.0450638339192035,0.10657399618961935,8.726646259971648e-06
7.96130633354187,216.58328247070312,-220.9033203125,33.111961364746094,-0.3076741352095001,1.0450638339192035,0.25669606722159755,-1.7453292519943298e-06
7.971128225326538,216.58328247070312,-220.9033203125,33.111961364746094,-0.3076741352095001,1.0450638339192035,0.16013430555256947,-0.0005916666164260776
7.980988025665283,216.59950256347656,-220.90760803222656,33.11197280883789,-0.30767416849901374,1.0446010405350579,0.10006254462602021,1.2217304763960306e-05
7.990811109542847,216.59950256347656,-220.90760803222656,33.11197280883789,-0.30767416849901374,1.0446010405350579,0.22192922676634835,1.7453292519943298e-06
8.000991106033325,216.59950256347656,-220.90760803222656,33.11197280883789,-0.30767416849901374,1.0446010405350579,0.1901641659972184,1.7453292519943298e-06
8.011073589324951,216.6166229248047,-220.9141387939453,33.111995697021484,-0.30767466784171815,1.044146415539243,0.09117186813645259,1.0471975511965975e-05
8.02104663848877,216.6166229248047,-220.9141387939453,33.111995697021484,-0.30767466784171815,1.044146415539243,0.21440147348263566,5.235987755982988e-06
8.032077074050903,216.62855529785156,-220.9173583984375,33.11201477050781,-0.30767416849901374,1.0436722100636173,0.21213063243813535,-0.000593411945678072
8.040866613388062,216.62855529785156,-220.9173583984375,33.11201477050781,-0.30767416849901374,1.0436722100636173,0.09216251422368155,1.0471975511965975e-05
8.051148414611816,216.62855529785156,-220.9173583984375,33.11201477050781,-0.30767416849901374,1.0436722100636173,0.18123003248758504,-0.001186823891356144
8.06093454360962,216.646484375,-220.92388916015625,33.112022399902344,-0.30767466784171815,1.0432424189338778,0.22641383623964997,-0.0017837264955382047
8.071270942687988,216.646484375,-220.92388916015625,33.112022399902344,-0.30767466784171815,1.0432424189338778,0.16845740700191147,-0.0005846852994181004
8.08116340637207,216.646484375,-220.92388916015625,33.112022399902344,-0.30767466784171815,1.0432424189338778,0.22903223613393398,-0.0011833332328521553
8.091037034988403,216.66612243652344,-220.9303436279297,33.11204147338867,-0.30757400035251314,1.0427764445114864,0.21913207408111157,-0.0017784905077822216
8.101023197174072,216.66612243652344,-220.9303436279297,33.11204147338867,-0.30757400035251314,1.0427764445114864,0.19700360173681766,-0.001181587903600161
8.111131429672241,216.66612243652344,-220.9303436279297,33.11204147338867,-0.30757400035251314,1.0427764445114864,0.25225847890766173,-0.002373647782712288
8.121025085449219,216.68661499023438,-220.93572998046875,33.11206817626953,-0.30757403364202673,1.0422950779570415,0.2273373176671863,-0.001774999849278233
8.13164734840393,216.68661499023438,-220.93572998046875,33.11206817626953,-0.30757403364202673,1.0422950779570415,0.2244662897680797,-0.0017732545200262388
8.141281843185425,216.68661499023438,-220.93572998046875,33.11206817626953,-0.30757403364202673,1.0422950779570415,0.2742360611638718,-0.002373647782712288
8.151211977005005,216.7079620361328,-220.943359375,33.11209487915039,-0.3074743981277442,1.041843459537893,0.2692740102593004,-0.001774999849278233
8.161603689193726,216.7079620361328,-220.943359375,33.11209487915039,-0.3074743981277442,1.041843459537893,0.2598637039019746,-0.0023684117949563047
8.17127251625061,216.72335815429688,-220.94764709472656,33.11212158203125,-0.3074743981277442,1.041378807008685,0.2955030300510485,-0.0023719024534602936
8.181129932403564,216.72335815429688,-220.94764709472656,33.11212158203125,-0.3074743981277442,1.041378807008685,0.3260922072256178,-0.0017732545200262388
8.191152811050415,216.72335815429688,-220.94764709472656,33.11212158203125,-0.3074743981277442,1.041378807008685,0.312044973909354,-0.0017732545200262388
8.201127767562866,216.7464141845703,-220.95523071289062,33.112144470214844,-0.3073742632707572,1.0409076650804403,0.3333901979633425,-0.001176351915844178
8.211091756820679,216.7464141845703,-220.95523071289062,33.112144470214844,-0.3073742632707572,1.0409076650804403,0.3580524775943695,-0.0011746065865921838
8.221078395843506,216.7464141845703,-220.95523071289062,33.112144470214844,-0.3073742632707572,1.0409076650804403,0.30177468475437585,-0.0005829399701661061
8.231336116790771,216.7711639404297,-220.96278381347656,33.112178802490234,-0.3073737306385392,1.0404817389646248,0.33313750472048587,-0.000577703982410123
8.241031169891357,216.7711639404297,-220.96278381347656,33.112178802490234,-0.3073737306385392,1.0404817389646248,0.3804191557597521,-0.0005811946409141118
8.251182794570923,216.7711639404297,-220.96278381347656,33.112178802490234,-0.3073737306385392,1.0404817389646248,0.3029631768756784,1.3962634015954639e-05
8.261549949645996,216.79681396484375,-220.97036743164062,33.11221694946289,-0.3073742632707572,1.040001208835253,0.34701983625483457,0.0012077678423800758
8.271175384521484,216.79681396484375,-220.97036743164062,33.11221694946289,-0.3073742632707572,1.040001208835253,0.34799472435076595,1.0471975511965975e-05
8.28158164024353,216.79681396484375,-220.97036743164062,33.11221694946289,-0.3073742632707572,1.040001208835253,0.2854794841019267,0.0012077678423800758
8.291769981384277,216.81385803222656,-220.9757537841797,33.11225509643555,-0.3073742299812436,1.0395578874716151,0.3594577780830338,0.0006108652381980154
8.30106806755066,216.81385803222656,-220.9757537841797,33.11225509643555,-0.3073742299812436,1.0395578874716151,0.3181175195362842,0.0012007865253720986
8.311558723449707,216.84207153320312,-220.98440551757812,33.11227798461914,-0.3073741634022163,1.0390954455855317,0.30967439835072913,0.0012060225131280816
8.321038246154785,216.84207153320312,-220.98440551757812,33.11227798461914,-0.3073741634022163,1.0390954455855317,0.32529397016556605,0.0006073745796940265
8.331663370132446,216.84207153320312,-220.98440551757812,33.11227798461914,-0.3073741634022163,1.0390954455855317,0.3003367037322068,0.0006073745796940265
8.341101169586182,216.87106323242188,-220.99302673339844,33.11231994628906,-0.30737419669172994,1.0386439817810162,0.31532294026890706,0.0006073745796940265
8.351086378097534,216.87106323242188,-220.99302673339844,33.11231994628906,-0.30737419669172994,1.0386439817810162,0.26362780544822817,1.0471975511965975e-05
8.36099624633789,216.87106323242188,-220.99302673339844,33.11231994628906,-0.30737419669172994,1.0386439817810162,0.31646913883073413,1.2217304763960306e-05
8.371109008789062,216.9009552001953,-221.00279235839844,33.112369537353516,-0.3073737306385392,1.0382040209843053,0.3049236342075088,-0.000588175957922089
8.381240844726562,216.9009552001953,-221.00279235839844,33.112369537353516,-0.3073737306385392,1.0382040209843053,0.306705304275466,-0.0005864306286700947
8.391191959381104,216.9009552001953,-221.00279235839844,33.112369537353516,-0.3073737306385392,1.0382040209843053,0.33908957835297004,-0.001181587903600161
8.401291847229004,216.93255615234375,-221.01251220703125,33.112422943115234,-0.3073742299812436,1.0377389336735288,0.31413338003360763,-0.0017784905077822216
8.411051988601685,216.93255615234375,-221.01251220703125,33.112422943115234,-0.3073742299812436,1.0377389336735288,0.3661663162658436,-0.0017767451785302274
8.421177625656128,216.93255615234375,-221.01251220703125,33.112422943115234,-0.3073742299812436,1.0377389336735288,0.3393460520334416,-0.0023753931119642824
8.431586980819702,216.96499633789062,-221.02224731445312,33.11247253417969,-0.3072746277564746,1.0372721049781113,0.34015312821040056,-0.0023719024534602936
8.441041469573975,216.96499633789062,-221.02224731445312,33.11247253417969,-0.3072746277564746,1.0372721049781113,0.39727455220397795,-0.002373647782712288
8.451737403869629,216.96499633789062,-221.02224731445312,33.11247253417969,-0.3072746277564746,1.0372721049781113,0.3284435110642192,-0.0023753931119642824
8.461111307144165,216.98806762695312,-221.0286865234375,33.11252212524414,-0.30717452618900126,1.0368244964548272,0.37758401863214874,-0.0029688050576423546
8.4717116355896,216.98806762695312,-221.0286865234375,33.11252212524414,-0.30717452618900126,1.0368244964548272,0.4028374273353649,-0.0029757863746503323
8.481170892715454,217.02308654785156,-221.03952026367188,33.1125602722168,-0.30717452618900126,1.0363750432935823,0.39507572771993293,-0.0023753931119642824
8.491379499435425,217.02308654785156,-221.03952026367188,33.1125602722168,-0.30717452618900126,1.0363750432935823,0.437509632115591,-0.0023771384412162766
8.501542568206787,217.02308654785156,-221.03952026367188,33.1125602722168,-0.30717452618900126,1.0363750432935823,0.4323018465790002,-0.0017819811662862105
8.51118779182434,217.05894470214844,-221.0514373779297,33.11262512207031,-0.307074857385205,1.0359106325897225,0.46746469791274026,-0.0017837264955382047
8.521323680877686,217.05894470214844,-221.0514373779297,33.11262512207031,-0.307074857385205,1.0359106325897225,0.3963120404012488,-0.001785471824790199
8.531202793121338,217.05894470214844,-221.0514373779297,33.11262512207031,-0.307074857385205,1.0359106325897225,0.4488500400501018,-0.001186823891356144
8.541442394256592,217.0965118408203,-221.06219482421875,33.11268615722656,-0.30707435804250066,1.0354663734218246,0.4131297920527607,-0.0005951572749300664
8.551471471786499,217.0965118408203,-221.06219482421875,33.11268615722656,-0.30707435804250066,1.0354663734218246,0.40476929202849576,-0.0005969026041820607
8.56134033203125,217.0965118408203,-221.06219482421875,33.11268615722656,-0.30707435804250066,1.0354663734218246,0.4137153110741155,-0.0006003932626860493
8.571261882781982,217.1221466064453,-221.0708770751953,33.11275100708008,-0.3069747558177317,1.0349984068492768,0.3774088412862161,-0.0006003932626860493
8.581210374832153,217.1221466064453,-221.0708770751953,33.11275100708008,-0.3069747558177317,1.0349984068492768,0.4359678941948654,-1.7453292519943298e-06
8.591402292251587,217.16226196289062,-221.08274841308594,33.112796783447266,-0.30697428976454094,1.0345519040127362,0.39515068836061773,-6.981317007977319e-06
8.601370334625244,217.16226196289062,-221.08274841308594,33.112796783447266,-0.30697428976454094,1.0345519040127362,0.3721108823395669,0.0005899212871740833
8.611631631851196,217.16226196289062,-221.08274841308594,33.112796783447266,-0.30697428976454094,1.0345519040127362,0.36896127566104786,-8.726646259971648e-06
8.621293067932129,217.20327758789062,-221.09461975097656,33.11286926269531,-0.3069742564750273,1.0340929153108953,0.32962781753432807,-8.726646259971648e-06
8.631124019622803,217.20327758789062,-221.09461975097656,33.11286926269531,-0.3069742564750273,1.0340929153108953,0.40067429137118166,0.000588175957922089
8.641265869140625,217.20327758789062,-221.09461975097656,33.11286926269531,-0.3069742564750273,1.0340929153108953,0.3090570535078819,-0.0006038839211900379
8.651412963867188,217.24508666992188,-221.1075897216797,33.11294174194336,-0.30697482239675894,1.0336477875893442,0.2942906819101925,-5.235987755982988e-06
8.661357402801514,217.24508666992188,-221.1075897216797,33.11294174194336,-0.30697482239675894,1.0336477875893442,0.32755855080544505,-0.0012007865253720986
8.67104959487915,217.24508666992188,-221.1075897216797,33.11294174194336,-0.30697482239675894,1.0336477875893442,0.29806934041051825,-0.0011990411961201044
8.681411027908325,217.28866577148438,-221.1216583251953,33.1130256652832,-0.3069742564750273,1.033184574632446,0.27611350683127395,-0.00119729586686811
8.691200971603394,217.28866577148438,-221.1216583251953,33.1130256652832,-0.3069742564750273,1.033184574632446,0.23356731661010038,-0.0023911010752322315
8.701277494430542,217.28866577148438,-221.1216583251953,33.1130256652832,-0.3069742564750273,1.033184574632446,0.2808760615014565,-0.0017924531417981766
8.711339950561523,217.33303833007812,-221.13462829589844,33.11310577392578,-0.3068751535929627,1.0327336761739594,0.25587213287225563,-0.003583160954344359
8.721372365951538,217.33303833007812,-221.13462829589844,33.11310577392578,-0.3068751535929627,1.0327336761739594,0.24289670486336076,-0.002986258350162298
8.731439113616943,217.36378479003906,-221.14434814453125,33.113182067871094,-0.30687518688247634,1.0322790538345978,0.304610589946967,-0.003583160954344359
8.741515874862671,217.36378479003906,-221.14434814453125,33.113182067871094,-0.30687518688247634,1.0322790538345978,0.22498757948699158,-0.0029845130209103037
8.75126600265503,217.36378479003906,-221.14434814453125,33.113182067871094,-0.30687518688247634,1.0322790538345978,0.2826965925489849,-0.0035796702958403696
8.761246919631958,217.40989685058594,-221.1583709716797,33.11323928833008,-0.3067745859722986,1.0318494164356997,0.29095640492466823,-0.004180063558526419
8.771363019943237,217.40989685058594,-221.1583709716797,33.11323928833008,-0.3067745859722986,1.0318494164356997,0.24112017804170294,-0.002986258350162298
8.781212568283081,217.40989685058594,-221.1583709716797,33.11323928833008,-0.3067745859722986,1.0318494164356997,0.311872181550815,-0.003583160954344359
8.791391611099243,217.45773315429688,-221.17242431640625,33.11333084106445,-0.30667491716850237,1.0313663264991801,0.2742354983886338,-0.0029880036794142917
8.801392078399658,217.45773315429688,-221.17242431640625,33.11333084106445,-0.30667491716850237,1.0313663264991801,0.33151732971434456,-0.0023911010752322315
8.811260461807251,217.45773315429688,-221.17242431640625,33.11333084106445,-0.30667491716850237,1.0313663264991801,0.28888835988796147,-0.0023928464044842257
8.821645975112915,217.50640869140625,-221.18756103515625,33.11342239379883,-0.306574815601029,1.0309107623142295,0.2519523344309802,-0.002986258350162298
8.831557512283325,217.50640869140625,-221.18756103515625,33.11342239379883,-0.306574815601029,1.0309107623142295,0.2807993974007456,-0.0023911010752322315
8.84142804145813,217.50640869140625,-221.18756103515625,33.11342239379883,-0.306574815601029,1.0309107623142295,0.24488482901964992,-0.0011990411961201044
8.852122783660889,217.555908203125,-221.20269775390625,33.113521575927734,-0.30647518008674646,1.0304803499238364,0.3011848133388168,-0.0017924531417981766
8.861534833908081,217.555908203125,-221.20269775390625,33.113521575927734,-0.30647518008674646,1.0304803499238364,0.29254753569911546,-0.0012007865253720986
8.87166714668274,217.5891876220703,-221.21351623535156,33.11361312866211,-0.30647518008674646,1.0300095923059742,0.24846601194687276,-0.0011938052083641214
8.88180923461914,217.5891876220703,-221.21351623535156,33.11361312866211,-0.30647518008674646,1.0300095923059742,0.2360544350166149,-0.0011938052083641214
8.89161229133606,217.5891876220703,-221.21351623535156,33.11361312866211,-0.30647518008674646,1.0300095923059742,0.1788009925639461,-0.0011938052083641214
8.901416778564453,217.64048767089844,-221.229736328125,33.11367416381836,-0.3063756111514911,1.0295606020377688,0.195342197194234,-0.0005969026041820607
8.91167140007019,217.64048767089844,-221.229736328125,33.11367416381836,-0.3063756111514911,1.0295606020377688,0.21078485423660234,-0.0017924531417981766
8.921663045883179,217.64048767089844,-221.229736328125,33.11367416381836,-0.3063756111514911,1.0295606020377688,0.21124105772875867,-0.0011955505376161158
8.931541919708252,217.69253540039062,-221.24595642089844,33.1137809753418,-0.3063756111514911,1.0291276935368334,0.18843906185345133,-0.00119729586686811
8.9415864944458,217.69253540039062,-221.24595642089844,33.1137809753418,-0.3063756111514911,1.0291276935368334,0.13852383275174868,-0.0011955505376161158
8.951961517333984,217.69253540039062,-221.24595642089844,33.1137809753418,-0.3063756111514911,1.0291276935368334,0.1727410332321772,-0.001790707812546182
8.961604356765747,217.74549865722656,-221.26327514648438,33.113887786865234,-0.30637501194024586,1.0286735726245555,0.19089478489676376,-0.0017959438003021652
8.971642255783081,217.74549865722656,-221.26327514648438,33.113887786865234,-0.30637501194024586,1.0286735726245555,0.17810555835880112,-0.0017924531417981766
8.982377290725708,217.74549865722656,-221.26327514648438,33.113887786865234,-0.30637501194024586,1.0286735726245555,0.21052096185701336,-0.002389355745980237
8.991909265518188,217.78138732910156,-221.27517700195312,33.11398696899414,-0.3062754097154769,1.028231122900446,0.16546676820440515,-0.0017941984710501708
9.001489162445068,217.78138732910156,-221.27517700195312,33.11398696899414,-0.3062754097154769,1.028231122900446,0.17760669690057784,-0.0023876104167282427
9.011993169784546,217.83604431152344,-221.29249572753906,33.11406326293945,-0.30627487708325885,1.0277885871890193,0.18243555492346414,-0.002986258350162298
9.022110223770142,217.83604431152344,-221.29249572753906,33.11406326293945,-0.30627487708325885,1.0277885871890193,0.2057001370990614,-0.002389355745980237
9.032191753387451,217.83604431152344,-221.29249572753906,33.11406326293945,-0.30627487708325885,1.0277885871890193,0.2230323877368324,-0.002986258350162298
9.041592359542847,217.89154052734375,-221.30978393554688,33.11417007446289,-0.30617530814800353,1.0273095176963145,0.1777378756954982,-0.002389355745980237
9.051814556121826,217.89154052734375,-221.30978393554688,33.11417007446289,-0.30617530814800353,1.0273095176963145,0.17315743405642128,-0.0023858650874762485
9.062049388885498,217.89154052734375,-221.30978393554688,33.11417007446289,-0.30617530814800353,1.0273095176963145,0.16146003653093793,-0.002986258350162298
9.07149052619934,217.94789123535156,-221.32818603515625,33.11428451538086,-0.30607567263372093,1.0268882823497647,0.15913145866884,-0.0029845130209103037
9.08159875869751,217.94789123535156,-221.32818603515625,33.11428451538086,-0.30607567263372093,1.0268882823497647,0.17346369890769875,-0.0023876104167282427
9.091443538665771,217.94789123535156,-221.32818603515625,33.11428451538086,-0.30607567263372093,1.0268882823497647,0.15157856753991172,-0.002389355745980237
9.10211730003357,218.00425720214844,-221.34548950195312,33.11439514160156,-0.3059761369879792,1.026438671329008,0.12427319004040774,-0.0023876104167282427
9.111798286437988,218.00425720214844,-221.34548950195312,33.11439514160156,-0.3059761369879792,1.026438671329008,0.10812865389189424,-0.0029845130209103037
9.121766805648804,218.00425720214844,-221.34548950195312,33.11439514160156,-0.3059761369879792,1.026438671329008,0.07303588820429513,-0.002389355745980237
9.131955623626709,218.06236267089844,-221.36387634277344,33.1145133972168,-0.305976070408952,1.0259782428594344,0.10393448709478548,-0.002982767691658309
9.141785621643066,218.06236267089844,-221.36387634277344,33.1145133972168,-0.305976070408952,1.0259782428594344,0.10871768926124231,-0.003581415625092364
9.151849746704102,218.06236267089844,-221.36387634277344,33.1145133972168,-0.305976070408952,1.0259782428594344,0.06237377230835103,-0.002982767691658309
9.16161322593689,218.10159301757812,-221.37576293945312,33.11463165283203,-0.3058754362092606,1.025537433248123,0.09778077970192248,-0.0029845130209103037
9.171895742416382,218.10159301757812,-221.37576293945312,33.11463165283203,-0.3058754362092606,1.025537433248123,0.10900004154821491,-0.003581415625092364
9.181631088256836,218.1605224609375,-221.39413452148438,33.11471176147461,-0.305775800694978,1.0250867251926552,0.08432360678568246,-0.0029810223624063153
9.191901922225952,218.1605224609375,-221.39413452148438,33.11471176147461,-0.305775800694978,1.0250867251926552,0.14982245452728166,-0.002986258350162298
9.201713800430298,218.1605224609375,-221.39413452148438,33.11471176147461,-0.305775800694978,1.0250867251926552,0.10089939747926557,-0.0029845130209103037
9.211456298828125,218.21945190429688,-221.41249084472656,33.11483383178711,-0.30567619847020905,1.0246333904743479,0.11899496299006745,-0.0023876104167282427
9.221435070037842,218.21945190429688,-221.41249084472656,33.11483383178711,-0.30567619847020905,1.0246333904743479,0.08433237718607892,-0.0023911010752322315
9.23162579536438,218.21945190429688,-221.41249084472656,33.11483383178711,-0.30567619847020905,1.0246333904743479,0.1016534964197919,-0.001790707812546182
9.241471767425537,218.28009033203125,-221.43087768554688,33.11496353149414,-0.3056762317597227,1.024193963646342,0.12194406496714189,-0.002389355745980237
9.251566648483276,218.28009033203125,-221.43087768554688,33.11496353149414,-0.3056762317597227,1.024193963646342,0.05846515133980121,-0.0023876104167282427
9.261922836303711,218.28009033203125,-221.43087768554688,33.11496353149414,-0.3056762317597227,1.024193963646342,0.12021928331211842,-0.0017872171540421937
9.272129535675049,218.34071350097656,-221.44923400878906,33.115089416503906,-0.3055760969027357,1.02374871723002,0.14758174379022657,-0.0017959438003021652
9.28150224685669,218.34071350097656,-221.44923400878906,33.115089416503906,-0.3055760969027357,1.02374871723002,0.11964338376227118,-0.0011955505376161158
9.29177451133728,218.34071350097656,-221.44923400878906,33.115089416503906,-0.3055760969027357,1.02374871723002,0.11958052931015639,-0.0011938052083641214
9.301972150802612,218.4021759033203,-221.4687042236328,33.11521530151367,-0.3055765962454401,1.0232987417108546,0.044955321186983754,-0.001790707812546182
9.311754703521729,218.4021759033203,-221.4687042236328,33.11521530151367,-0.3055765962454401,1.0232987417108546,0.07894977514333523,-0.0017872171540421937
9.321791172027588,218.4431915283203,-221.48060607910156,33.11533737182617,-0.3054759953352623,1.022829534194375,0.09153459483269236,-0.0023858650874762485
9.331650972366333,218.4431915283203,-221.48060607910156,33.11533737182617,-0.3054759953352623,1.022829534194375,0.060185739314203485,-0.0017889624832941875
9.341941833496094,218.4431915283203,-221.48060607910156,33.11533737182617,-0.3054759953352623,1.022829534194375,0.12994673844320775,-0.0011920598791121271
9.351602554321289,218.50552368164062,-221.50006103515625,33.11542892456055,-0.3054764946779667,1.0224233177110504,0.08194639657144775,-0.0017889624832941875
9.361608266830444,218.50552368164062,-221.50006103515625,33.11542892456055,-0.3054764946779667,1.0224233177110504,0.0019312580329561846,-0.0017837264955382047
9.37160325050354,218.50552368164062,-221.50006103515625,33.11542892456055,-0.3054764946779667,1.0224233177110504,0.07147994943954536,-0.001785471824790199
9.381706714630127,218.5686798095703,-221.51950073242188,33.115562438964844,-0.3053757938992481,1.0219641056903912,0.08035587380309621,-0.001790707812546182
9.39161205291748,218.5686798095703,-221.51950073242188,33.115562438964844,-0.3053757938992481,1.0219641056903912,0.09168981526823261,-0.0011903145498601327
9.401624202728271,218.5686798095703,-221.51950073242188,33.115562438964844,-0.3053757938992481,1.0219641056903912,0.08372224419928814,-0.0017872171540421937
9.41197919845581,218.63186645507812,-221.53895568847656,33.11569595336914,-0.3053763265314661,1.0215127894431253,0.05454911171305016,-0.0011938052083641214
9.421813726425171,218.63186645507812,-221.53895568847656,33.11569595336914,-0.3053763265314661,1.0215127894431253,0.06977789870678902,-0.0011938052083641214
9.431849479675293,218.63186645507812,-221.53895568847656,33.11569595336914,-0.3053763265314661,1.0215127894431253,0.056437364513046234,-0.002389355745980237
9.441489458084106,218.67459106445312,-221.55191040039062,33.11582946777344,-0.30527675759621076,1.0210841075678008,0.05805957142176382,-0.0017872171540421937
9.451623439788818,218.67459106445312,-221.55191040039062,33.11582946777344,-0.30527675759621076,1.0210841075678008,0.1055176149111315,-0.0017889624832941875
9.462309837341309,218.73863220214844,-221.57138061523438,33.11592102050781,-0.30527725693891516,1.0206313942795668,0.08195347960204676,-0.001790707812546182
9.471503257751465,218.73863220214844,-221.57138061523438,33.11592102050781,-0.30527725693891516,1.0206313942795668,0.08710414408391035,-0.0017872171540421937
9.481972694396973,218.73863220214844,-221.57138061523438,33.11592102050781,-0.30527725693891516,1.0206313942795668,0.1206895160279905,-0.001790707812546182
9.491589546203613,218.80352783203125,-221.5908203125,33.11606216430664,-0.3051765228706829,1.0201806696937041,0.06374464263410437,-0.001785471824790199
9.501457691192627,218.80352783203125,-221.5908203125,33.11606216430664,-0.3051765228706829,1.0201806696937041,0.022341818091269616,-0.0017837264955382047
9.511877536773682,218.80352783203125,-221.5908203125,33.11606216430664,-0.3051765228706829,1.0201806696937041,-0.0072149416767208485,-0.0023806290997202655
9.521601915359497,218.86924743652344,-221.61134338378906,33.11620330810547,-0.30517708879241456,1.0197413602282357,0.02787603744344358,-0.0017784905077822216
9.532043218612671,218.86924743652344,-221.61134338378906,33.11620330810547,-0.30517708879241456,1.0197413602282357,0.05517121692226823,-0.0023788837704682713
9.541730642318726,218.86924743652344,-221.61134338378906,33.11620330810547,-0.30517708879241456,1.0197413602282357,-0.03324086864171727,-0.0023771384412162766
9.551939487457275,218.9341583251953,-221.63079833984375,33.11634826660156,-0.30507702051445484,1.0193038851029623,-0.047612734067978335,-0.002373647782712288
9.56158971786499,218.9341583251953,-221.63079833984375,33.11634826660156,-0.30507702051445484,1.0193038851029623,-0.07782087817395783,-0.002974041045398337
9.57196044921875,218.9341583251953,-221.63079833984375,33.11634826660156,-0.30507702051445484,1.0193038851029623,-0.05328202622600994,-0.002972295716146343
9.581530332565308,218.97854614257812,-221.6448516845703,33.11648178100586,-0.3049768190784406,1.018868163066559,0.018402086629049796,-0.0029757863746503323
9.591449975967407,218.97854614257812,-221.6448516845703,33.11648178100586,-0.3049768190784406,1.018868163066559,0.011717379856832466,-0.0029792770331543202
9.601606607437134,219.045166015625,-221.66427612304688,33.1165771484375,-0.3048772501431853,1.01843597096344,0.01285842201950646,-0.002977531703902326
9.611664295196533,219.045166015625,-221.66427612304688,33.1165771484375,-0.3048772501431853,1.01843597096344,-0.031136797803039545,-0.00238237442897226
9.621590614318848,219.045166015625,-221.66427612304688,33.1165771484375,-0.3048772501431853,1.01843597096344,0.023069437956550448,-0.0029810223624063153
9.631560325622559,219.1117401123047,-221.68479919433594,33.11672592163086,-0.3048772501431853,1.0179834808023633,0.09173161500061836,-0.0035796702958403696
9.641512393951416,219.1117401123047,-221.68479919433594,33.11672592163086,-0.3048772501431853,1.0179834808023633,0.09996969502019666,-0.0023876104167282427
9.652032375335693,219.1117401123047,-221.68479919433594,33.11672592163086,-0.3048772501431853,1.0179834808023633,0.1805382118562923,-0.0017889624832941875
9.661551237106323,219.17921447753906,-221.70535278320312,33.11687088012695,-0.3047776812079299,1.0175343962808125,0.12743402903446766,-0.001790707812546182
9.671454429626465,219.17921447753906,-221.70535278320312,33.11687088012695,-0.3047776812079299,1.0175343962808125,0.0514221823345703,-0.0011903145498601327
9.681727886199951,219.17921447753906,-221.70535278320312,33.11687088012695,-0.3047776812079299,1.0175343962808125,0.09342680760586682,-0.0011920598791121271
9.692371606826782,219.24668884277344,-221.72698974609375,33.11702346801758,-0.3046775130614293,1.0171006945134982,0.1113896428266269,-0.0011938052083641214
9.702044248580933,219.24668884277344,-221.72698974609375,33.11702346801758,-0.3046775130614293,1.0171006945134982,0.1277353273705124,-0.0005951572749300664
9.711955547332764,219.24668884277344,-221.72698974609375,33.11702346801758,-0.3046775130614293,1.0171006945134982,0.08274789893515008,1.7453292519943298e-06
9.72196078300476,219.3150177001953,-221.74749755859375,33.11717224121094,-0.3046775130614293,1.01667088391982,-0.0033464858449178403,-0.000593411945678072
9.73194408416748,219.3150177001953,-221.74749755859375,33.11717224121094,-0.3046775130614293,1.01667088391982,-0.026428204403613043,-0.0005916666164260776
9.741887092590332,219.3602294921875,-221.7615509033203,33.117313385009766,-0.3046775130614293,1.016225120883586,-0.019614985165174126,-0.0011903145498601327
9.751768112182617,219.3602294921875,-221.7615509033203,33.117313385009766,-0.3046775130614293,1.016225120883586,0.028958314299625476,-0.0017872171540421937
9.761897087097168,219.3602294921875,-221.7615509033203,33.117313385009766,-0.3046775130614293,1.016225120883586,0.01836231895435919,-0.0011920598791121271
9.771815299987793,219.42938232421875,-221.78208923339844,33.1174201965332,-0.30457844346887836,1.0158135305775,-0.09812640164708764,-0.001785471824790199
9.781766414642334,219.42938232421875,-221.78208923339844,33.1174201965332,-0.30457844346887836,1.0158135305775,-0.0304350819805857,-0.0023841197582242543
9.791754245758057,219.42938232421875,-221.78208923339844,33.1174201965332,-0.30457844346887836,1.0158135305775,-0.02994246630771799,-0.0023876104167282427
9.80176591873169,219.49859619140625,-221.8037109375,33.11756896972656,-0.304577944126174,1.0153301859391872,-0.007078572946331574,-0.0029810223624063153
9.811741590499878,219.49859619140625,-221.8037109375,33.11756896972656,-0.304577944126174,1.0153301859391872,0.0347022210058156,-0.0029845130209103037
9.82169508934021,219.49859619140625,-221.8037109375,33.11756896972656,-0.304577944126174,1.0153301859391872,-0.020239153355541717,-0.003581415625092364
9.832105159759521,219.568603515625,-221.82418823242188,33.11772918701172,-0.30447834190140505,1.0149230224357795,0.05884591721274646,-0.0029845130209103037
9.841728210449219,219.568603515625,-221.82418823242188,33.11772918701172,-0.30447834190140505,1.0149230224357795,0.054651865765293475,-0.0029897490086662868
9.852235794067383,219.568603515625,-221.82418823242188,33.11772918701172,-0.30447834190140505,1.0149230224357795,0.04934485900432978,-0.003584906283596353
9.861701250076294,219.6385955810547,-221.84580993652344,33.117881774902344,-0.3043782403339317,1.0144735191485912,0.09830918944773631,-0.003584906283596353
9.871640682220459,219.6385955810547,-221.84580993652344,33.117881774902344,-0.3043782403339317,1.0144735191485912,0.09287371506286841,-0.0029880036794142917
9.881840467453003,219.68472290039062,-221.86097717285156,33.1180305480957,-0.3042780721874311,1.014040022941771,0.11954460012241,-0.0029880036794142917
9.891860961914062,219.68472290039062,-221.86097717285156,33.1180305480957,-0.3042780721874311,1.014040022941771,0.1071817232533847,-0.003584906283596353
9.901806592941284,219.68472290039062,-221.86097717285156,33.1180305480957,-0.3042780721874311,1.014040022941771,0.0926736178970716,-0.0029845130209103037
9.911753177642822,219.7547607421875,-221.88368225097656,33.118133544921875,-0.3041784699626621,1.0135362282560438,0.1307646340285103,-0.0035796702958403696
9.921645164489746,219.7547607421875,-221.88368225097656,33.118133544921875,-0.3041784699626621,1.0135362282560438,0.09996249035071653,-0.002982767691658309
9.93184232711792,219.7547607421875,-221.88368225097656,33.118133544921875,-0.3041784699626621,1.0135362282560438,0.12439929279874719,-0.0029792770331543202
9.941511631011963,219.8247833251953,-221.90530395507812,33.11830139160156,-0.3040783018161615,1.013042613180535,0.027428063864129326,-0.0035726889788323924
9.952119827270508,219.8247833251953,-221.90530395507812,33.11830139160156,-0.3040783018161615,1.013042613180535,0.025884036979123837,-0.002974041045398337
9.961597919464111,219.8247833251953,-221.90530395507812,33.11830139160156,-0.3040783018161615,1.013042613180535,-0.013514261160454066,-0.003570943649580398
9.971781492233276,219.89564514160156,-221.9280242919922,33.11846160888672,-0.3039781669591745,1.0125425640087913,-0.10352686708254244,-0.002972295716146343
9.981863260269165,219.89564514160156,-221.9280242919922,33.11846160888672,-0.3039781669591745,1.0125425640087913,-0.05252287513301068,-0.002974041045398337
9.991591453552246,219.89564514160156,-221.9280242919922,33.11846160888672,-0.3039781669591745,1.0125425640087913,-0.11907713573740739,-0.0035744343080843875
10.00222110748291,219.96739196777344,-221.9507598876953,33.11862564086914,-0.3038785980239192,1.0120458645785568,-0.16126332746153169,-0.003570943649580398
10.011555671691895,219.96739196777344,-221.9507598876953,33.11862564086914,-0.3038785980239192,1.0120458645785568,-0.15306261436660512,-0.003570943649580398
10.021787166595459,220.01524353027344,-221.9658966064453,33.1187858581543,-0.30377899579915024,1.0115246896508379,-0.14259375871146718,-0.0035744343080843875
10.03216290473938,220.01524353027344,-221.9658966064453,33.1187858581543,-0.30377899579915024,1.0115246896508379,-0.09172261073754548,-0.003581415625092364
10.041715383529663,220.01524353027344,-221.9658966064453,33.1187858581543,-0.30377899579915024,1.0115246896508379,-0.11292433747273387,-0.004180063558526419
10.051878452301025,220.08692932128906,-221.98858642578125,33.118896484375,-0.303678794363136,1.011036548787341,-0.11008721366807703,-0.003581415625092364
10.062055110931396,220.08692932128906,-221.98858642578125,33.118896484375,-0.303678794363136,1.011036548787341,-0.06812816488190315,-0.004174827570770436
10.071930170059204,220.08692932128906,-221.98858642578125,33.118896484375,-0.303678794363136,1.011036548787341,-0.13317707017279215,-0.004769984845700502
10.08154296875,220.15866088867188,-222.01132202148438,33.11906814575195,-0.303578659506149,1.0105263547071939,-0.01376826277739221,-0.004768239516448509
10.091852188110352,220.15866088867188,-222.01132202148438,33.11906814575195,-0.303578659506149,1.0105263547071939,0.06053942626136888,-0.0041661009245104645
10.101848125457764,220.15866088867188,-222.01132202148438,33.11906814575195,-0.303578659506149,1.0105263547071939,0.1397483651378636,-0.0023701571242083
10.112380743026733,220.23214721679688,-222.0351104736328,33.11922836303711,-0.3034791238604073,1.0100273247846765,0.11215011730214271,-0.0005829399701661061
10.12180209159851,220.23214721679688,-222.0351104736328,33.11922836303711,-0.3034791238604073,1.0100273247846765,-0.051583166916272155,1.5707963267948964e-05
10.132220029830933,220.23214721679688,-222.0351104736328,33.11922836303711,-0.3034791238604073,1.0100273247846765,-0.009800326860755881,1.0471975511965975e-05
10.14202356338501,220.28082275390625,-222.0502471923828,33.1193962097168,-0.3034785579386757,1.0095248439796922,-0.0708127868070707,1.0471975511965975e-05
10.152212619781494,220.28082275390625,-222.0502471923828,33.1193962097168,-0.3034785579386757,1.0095248439796922,0.01092796564690457,0.0006021385919380437
10.161877870559692,220.35507202148438,-222.07296752929688,33.119510650634766,-0.3034791238604073,1.0089958468795996,0.0009072124084366917,1.7453292519943298e-06
10.172160148620605,220.35507202148438,-222.07296752929688,33.119510650634766,-0.3034791238604073,1.0089958468795996,-0.04046372162799858,1.7453292519943298e-06
10.182403802871704,220.35507202148438,-222.07296752929688,33.119510650634766,-0.3034791238604073,1.0089958468795996,0.017222887435786344,-1.7453292519943298e-06
10.192003965377808,220.43023681640625,-222.09564208984375,33.11968994140625,-0.3034791238604073,1.0084946506255865,-0.024788631229014813,-0.000598647933434055
10.20230770111084,220.43023681640625,-222.09564208984375,33.11968994140625,-0.3034791238604073,1.0084946506255865,0.09105161896053869,-3.4906585039886596e-06
10.212130784988403,220.43023681640625,-222.09564208984375,33.11968994140625,-0.3034791238604073,1.0084946506255865,0.10212861386080467,-5.235987755982988e-06
10.222194910049438,220.50538635253906,-222.11944580078125,33.119869232177734,-0.30347962320311167,1.0079885011365028,0.10008468243787663,-1.7453292519943298e-06
10.232592582702637,220.50538635253906,-222.11944580078125,33.119869232177734,-0.30347962320311167,1.0079885011365028,0.08384498354599859,-0.0005969026041820607
10.242119312286377,220.50538635253906,-222.11944580078125,33.119869232177734,-0.30347962320311167,1.0079885011365028,0.012984572724727722,-0.000593411945678072
10.252058029174805,220.5805206298828,-222.14212036132812,33.12004470825195,-0.3034791238604073,1.0074895888029614,0.08860620656481406,-0.001785471824790199
10.262025833129883,220.5805206298828,-222.14212036132812,33.12004470825195,-0.3034791238604073,1.0074895888029614,0.04324723672204403,-0.0017784905077822216
10.271932363510132,220.5805206298828,-222.14212036132812,33.12004470825195,-0.3034791238604073,1.0074895888029614,0.10873711503498663,-0.001774999849278233
10.28199553489685,220.65652465820312,-222.16590881347656,33.12022018432617,-0.3034796564926253,1.0069870917690211,0.03983262987128405,-0.0017784905077822216
10.291820287704468,220.65652465820312,-222.16590881347656,33.12022018432617,-0.3034796564926253,1.0069870917690211,-0.030683402663931242,-0.0017767451785302274
10.301786184310913,220.65652465820312,-222.16590881347656,33.12022018432617,-0.3034796564926253,1.0069870917690211,-0.009803498056073723,-0.002373647782712288
10.311922073364258,220.70689392089844,-222.1810302734375,33.120391845703125,-0.3033789890034203,1.0064797952695976,-0.10646561350109784,-0.002974041045398337
10.32239556312561,220.70689392089844,-222.1810302734375,33.120391845703125,-0.3033789890034203,1.0064797952695976,-0.048345643132769234,-0.0035744343080843875
10.331957817077637,220.78375244140625,-222.20481872558594,33.12051773071289,-0.30337945505661107,1.0059723886558636,-0.08885010734131799,-0.004773475504204492
10.342088222503662,220.78375244140625,-222.20481872558594,33.12051773071289,-0.30337945505661107,1.0059723886558636,-0.029549873907412233,-0.003583160954344359
10.351670742034912,220.78375244140625,-222.20481872558594,33.12051773071289,-0.30337945505661107,1.0059723886558636,0.009976495677202796,-0.004783947479716458
10.361774682998657,220.860595703125,-222.2285919189453,33.12070083618164,-0.3031802838965868,1.0054595130420052,0.03195503688300376,-0.0047856928089684515
10.37174367904663,220.860595703125,-222.2285919189453,33.12070083618164,-0.3031802838965868,1.0054595130420052,0.10205934298224854,-0.005982988675836562
10.38165831565857,220.860595703125,-222.2285919189453,33.12070083618164,-0.3031802838965868,1.0054595130420052,0.1482001764704588,-0.005387831400906495
10.391859531402588,220.9374542236328,-222.2523956298828,33.120880126953125,-0.3030796164073818,1.0049648233400483,0.25246064086168246,-0.004787438138220446
10.401861190795898,220.9374542236328,-222.2523956298828,33.120880126953125,-0.3030796164073818,1.0049648233400483,0.2798431167716052,-0.0035953782591083188
10.412279605865479,220.9374542236328,-222.2523956298828,33.120880126953125,-0.3030796164073818,1.0049648233400483,0.3039819546058003,-0.002998475654926258
10.4218111038208,220.98953247070312,-222.26747131347656,33.12105941772461,-0.30298001418261283,1.0044779869545677,0.30892513521790643,-0.002405063709248186
10.431913137435913,220.98953247070312,-222.26747131347656,33.12105941772461,-0.30298001418261283,1.0044779869545677,0.19611697728627442,-0.0023963370629882146
10.441973686218262,221.0672149658203,-222.29124450683594,33.12118148803711,-0.3028804119578439,1.0039555496852381,0.23557876265220679,-0.0017994344588061536
10.451831579208374,221.0672149658203,-222.29124450683594,33.12118148803711,-0.3028804119578439,1.0039555496852381,0.1773349529082885,-0.0017976891295541594
10.461878299713135,221.0672149658203,-222.29124450683594,33.12118148803711,-0.3028804119578439,1.0039555496852381,0.11670194767830465,-0.0011990411961201044
10.471790790557861,221.1457977294922,-222.3150177001953,33.12137222290039,-0.3027797777581525,1.0034611091236347,0.053510401600039226,-0.0012042771838760874
10.48193073272705,221.1457977294922,-222.3150177001953,33.12137222290039,-0.3027797777581525,1.0034611091236347,0.03277441352966923,-0.0017994344588061536
10.492002725601196,221.1457977294922,-222.3150177001953,33.12137222290039,-0.3027797777581525,1.0034611091236347,0.07112634600335217,-0.001202531854624093
10.501827478408813,221.224365234375,-222.33880615234375,33.12156295776367,-0.30278027710085686,1.0029607027739715,-0.049967809955207165,-0.0006021385919380437
10.511734247207642,221.224365234375,-222.33880615234375,33.12156295776367,-0.30278027710085686,1.0029607027739715,-0.047728195077558266,-0.0012007865253720986
10.521608829498291,221.224365234375,-222.33880615234375,33.12156295776367,-0.30278027710085686,1.0029607027739715,-0.16774393318097383,-0.0018011797880581482
10.53168797492981,221.3037872314453,-222.362548828125,33.12175369262695,-0.3027803103903705,1.0024512522143791,-0.13330823516001797,-0.0018046704465621369
10.541839122772217,221.3037872314453,-222.362548828125,33.12175369262695,-0.3027803103903705,1.0024512522143791,-0.11104608691917725,-0.0018046704465621369
10.551852226257324,221.3037872314453,-222.362548828125,33.12175369262695,-0.3027803103903705,1.0024512522143791,-0.17452415851331604,-0.0017994344588061536
10.561719417572021,221.38316345214844,-222.3863067626953,33.121944427490234,-0.3026806415865743,1.001948020637866,-0.1486693663423481,-0.0029880036794142917
10.571804761886597,221.38316345214844,-222.3863067626953,33.121944427490234,-0.3026806415865743,1.001948020637866,-0.1176059790155948,-0.0017976891295541594
10.581807374954224,221.38316345214844,-222.3863067626953,33.121944427490234,-0.3026806415865743,1.001948020637866,-0.09766817378685047,-0.00239459173373622
10.592214107513428,221.4361114501953,-222.40252685546875,33.122127532958984,-0.30268020882289715,1.0014591511116555,-0.11120976018157896,-0.002389355745980237
10.601804971694946,221.4361114501953,-222.40252685546875,33.122127532958984,-0.30268020882289715,1.0014591511116555,-0.080571403526015,-0.0023858650874762485
10.611759901046753,221.516357421875,-222.42628479003906,33.12225341796875,-0.3025800739659102,1.0009393414291459,-0.037923174970679624,-0.00238237442897226
10.621684789657593,221.516357421875,-222.42628479003906,33.12225341796875,-0.3025800739659102,1.0009393414291459,-0.027762832701421825,-0.0023841197582242543
10.631899356842041,221.516357421875,-222.42628479003906,33.12225341796875,-0.3025800739659102,1.0009393414291459,-0.07014555920693477,-0.0023788837704682713
10.641819477081299,221.5966339111328,-222.45114135742188,33.12245178222656,-0.3024809710838456,1.0004311714598366,-0.0851233434784276,-0.002974041045398337
10.652013063430786,221.5966339111328,-222.45114135742188,33.12245178222656,-0.3024809710838456,1.0004311714598366,-0.03183725816225921,-0.0029705503868943488
10.662046909332275,221.5966339111328,-222.45114135742188,33.12245178222656,-0.3024809710838456,1.0004311714598366,0.006871243599455429,-0.0023719024534602936
10.671850204467773,221.67779541015625,-222.47601318359375,33.12264633178711,-0.30238083622685863,0.9999316537885169,0.0207685917203973,-0.0017767451785302274
10.681901693344116,221.67779541015625,-222.47601318359375,33.12264633178711,-0.30238083622685863,0.9999316537885169,-0.035130918869045236,-0.0017784905077822216
10.691892147064209,221.67779541015625,-222.47601318359375,33.12264633178711,-0.30238083622685863,0.9999316537885169,-0.10669052678037538,-0.002373647782712288
10.701953887939453,221.75889587402344,-222.5008544921875,33.122840881347656,-0.3022807013698716,0.9994345333051337,-0.10202226152523855,-0.0023701571242083
10.7120840549469,221.75889587402344,-222.5008544921875,33.122840881347656,-0.3022807013698716,0.9994345333051337,0.0012450689322181518,-0.0029653143991383657
10.72212028503418,221.75889587402344,-222.5008544921875,33.122840881347656,-0.3022807013698716,0.9994345333051337,0.0723700923316941,-0.0017715091907742446
10.732341527938843,221.84088134765625,-222.52569580078125,33.12303924560547,-0.3022807013698716,0.998938434747023,-0.0027185127491130834,-0.0011798425743481666
10.742414236068726,221.84088134765625,-222.52569580078125,33.12303924560547,-0.3022807013698716,0.998938434747023,-0.01857566270866129,-0.0011833332328521553
10.752132177352905,221.8963623046875,-222.5418701171875,33.12322998046875,-0.3021805998023983,0.9984259493897342,-0.0163533628644435,-0.00118507856210415
10.76249361038208,221.8963623046875,-222.5418701171875,33.12322998046875,-0.3021805998023983,0.9984259493897342,0.010121628995980098,-0.001181587903600161
10.772838592529297,221.8963623046875,-222.5418701171875,33.12322998046875,-0.3021805998023983,0.9984259493897342,0.037654089727485074,-0.0011833332328521553
10.782050609588623,221.97918701171875,-222.5678253173828,33.12336730957031,-0.30218106585558907,0.9979485932304943,0.06132498757832558,-0.0011903145498601327
10.792134761810303,221.97918701171875,-222.5678253173828,33.12336730957031,-0.30218106585558907,0.9979485932304943,0.12047713137928115,-0.001785471824790199
10.802631855010986,221.97918701171875,-222.5678253173828,33.12336730957031,-0.30218106585558907,0.9979485932304943,0.07791595428561572,-0.0011885692206081383
10.812111616134644,222.06204223632812,-222.59266662597656,33.12356948852539,-0.3020809642881157,0.9974450295813037,0.09066518046481555,-0.0005916666164260776
10.822052717208862,222.06204223632812,-222.59266662597656,33.12356948852539,-0.3020809642881157,0.9974450295813037,0.1144498080713224,-0.0011920598791121271
10.832258224487305,222.06204223632812,-222.59266662597656,33.12356948852539,-0.3020809642881157,0.9974450295813037,0.17183961520187602,-0.0011955505376161158
10.842271327972412,222.14572143554688,-222.6186065673828,33.123775482177734,-0.3020809642881157,0.9969388173846145,0.2631910608640653,-1.3962634015954639e-05
10.85238242149353,222.14572143554688,-222.6186065673828,33.123775482177734,-0.3020809642881157,0.9969388173846145,0.2370103566338696,-1.2217304763960306e-05
10.862087726593018,222.14572143554688,-222.6186065673828,33.123775482177734,-0.3020809642881157,0.9969388173846145,0.14022509782639297,-0.0006091199089460211
10.872472524642944,222.22938537597656,-222.64456176757812,33.12397766113281,-0.30208093099860206,0.9964490598430918,0.035668662126734266,-0.0017941984710501708
10.882086515426636,222.22938537597656,-222.64456176757812,33.12397766113281,-0.30208093099860206,0.9964490598430918,0.08891076373903614,-0.0029880036794142917
10.89233684539795,222.22938537597656,-222.64456176757812,33.12397766113281,-0.30208093099860206,0.9964490598430918,0.15633062885976395,-0.0029792770331543202
10.902010440826416,222.28494262695312,-222.661865234375,33.12417221069336,-0.3020814636308201,0.9959572270206375,0.1223920124669079,-0.003581415625092364
10.912448167800903,222.28494262695312,-222.661865234375,33.12417221069336,-0.3020814636308201,0.9959572270206375,-0.0009599170777234434,-0.0035761796373363817
10.922065019607544,222.3694610595703,-222.68890380859375,33.12430953979492,-0.3019807961416151,0.9954507311103826,-0.06643762034101952,-0.004768239516448509
10.932054281234741,222.3694610595703,-222.68890380859375,33.12430953979492,-0.3019807961416151,0.9954507311103826,-0.17402171134506156,-0.005356415474370597
10.942049503326416,222.3694610595703,-222.68890380859375,33.12430953979492,-0.3019807961416151,0.9954507311103826,-0.14431973635392592,-0.006550220682734718
10.952425241470337,222.45399475097656,-222.71484375,33.124515533447266,-0.3017805930066684,0.994951444089857,-0.12961108436915122,-0.007145377957664785
10.962180614471436,222.45399475097656,-222.71484375,33.124515533447266,-0.3017805930066684,0.994951444089857,-0.09755356519711489,-0.007141887299160796
10.972416877746582,222.45399475097656,-222.71484375,33.124515533447266,-0.3017805930066684,0.994951444089857,-0.17602162370155142,-0.007138396640656807
10.98213505744934,222.53854370117188,-222.7429962158203,33.12472152709961,-0.3015808226353988,0.9944518927449297,-0.1608947357549337,-0.007735299244838867
10.992145776748657,222.53854370117188,-222.7429962158203,33.12472152709961,-0.3015808226353988,0.9944518927449297,-0.141759611799361,-0.007742280561846846
11.002198934555054,222.53854370117188,-222.7429962158203,33.12472152709961,-0.3015808226353988,0.9944518927449297,-0.013478886992794037,-0.007738789903342857
11.012095212936401,222.5957794189453,-222.76028442382812,33.12492370605469,-0.3013816181858609,0.9939647162197643,0.036403270507298524,-0.007138396640656807
11.02208662033081,222.5957794189453,-222.76028442382812,33.12492370605469,-0.3013816181858609,0.9939647162197643,0.030240368053340322,-0.007129669994396835
11.032775640487671,222.5957794189453,-222.76028442382812,33.12492370605469,-0.3013816181858609,0.9939647162197643,0.02169344299283152,-0.0059358647860327145
11.04254674911499,222.68118286132812,-222.7884521484375,33.125064849853516,-0.30118081583966894,0.9934711913763246,0.01094056466990162,-0.0059358647860327145
11.052772283554077,222.68118286132812,-222.7884521484375,33.125064849853516,-0.30118081583966894,0.9934711913763246,0.07441019189664175,-0.005946336761544681
11.062869310379028,222.76824951171875,-222.8165740966797,33.12527084350586,-0.3009816446796446,0.9929655856443168,0.11691248131934502,-0.004745550236172581
11.072924375534058,222.76824951171875,-222.8165740966797,33.12527084350586,-0.3009816446796446,0.9929655856443168,0.21980278256784863,-0.004153883619746505
11.08290410041809,222.76824951171875,-222.8165740966797,33.12527084350586,-0.3009816446796446,0.9929655856443168,0.24770470093089636,-0.0017645278737662671
11.092730522155762,222.8553924560547,-222.8447265625,33.12548828125,-0.300881476533144,0.9924891763523762,0.1975362921927587,2.2689280275926283e-05
11.102686405181885,222.8553924560547,-222.8447265625,33.12548828125,-0.300881476533144,0.9924891763523762,0.20119224000943076,3.141592653589793e-05
11.112298727035522,222.8553924560547,-222.8447265625,33.12548828125,-0.300881476533144,0.9924891763523762,0.2753048734498388,0.0006283185307179586
11.12247085571289,222.94337463378906,-222.8717498779297,33.12570571899414,-0.30078084233345265,0.991946477205538,0.2627969898878753,0.0012322024519079964
11.132447957992554,222.94337463378906,-222.8717498779297,33.12570571899414,-0.30078084233345265,0.991946477205538,0.26117468297322,0.0024207716725161347
11.142746448516846,222.94337463378906,-222.8717498779297,33.12570571899414,-0.30078084233345265,0.991946477205538,0.23554047721977803,0.0024329889772800955
11.152938842773438,223.03216552734375,-222.8987579345703,33.12593078613281,-0.300881476533144,0.9914019359171663,0.026366658750099026,0.003626794185644217
11.162197351455688,223.03216552734375,-222.8987579345703,33.12593078613281,-0.300881476533144,0.9914019359171663,-0.002113837706870708,0.0030351275692181386
11.172444343566895,223.03216552734375,-222.8987579345703,33.12593078613281,-0.300881476533144,0.9914019359171663,-0.021240691659141886,0.003026400922958167
11.183019638061523,223.12179565429688,-222.92575073242188,33.126155853271484,-0.30098107875791297,0.9908391608113061,-0.05594491791375808,0.0024364796357840843
11.192373275756836,223.12179565429688,-222.92575073242188,33.126155853271484,-0.30098107875791297,0.9908391608113061,0.023482849985149545,0.0024329889772800955
11.202854871749878,223.12179565429688,-222.92575073242188,33.126155853271484,-0.30098107875791297,0.9908391608113061,-0.04632977076547473,0.0018395770316020233
11.212538957595825,223.1824493408203,-222.9441375732422,33.126365661621094,-0.3009811120474266,0.990315402075128,-0.17148325435626094,4.537856055185257e-05
11.222317218780518,223.1824493408203,-222.9441375732422,33.126365661621094,-0.3009811120474266,0.990315402075128,-0.1159328312352923,-0.0005550147021341969
11.23264765739441,223.27296447753906,-222.9722442626953,33.126522064208984,-0.3009811120474266,0.9897725087624217,-0.026124239377489922,-0.0017558012275062952
11.242400169372559,223.27296447753906,-222.9722442626953,33.126522064208984,-0.3009811120474266,0.9897725087624217,-0.014132977158966276,-0.0017523105690023068
11.252930164337158,223.27296447753906,-222.9722442626953,33.126522064208984,-0.3009811120474266,0.9897725087624217,0.11412422350599964,-0.0023544491609403502
11.262295246124268,223.3634490966797,-222.99920654296875,33.12675094604492,-0.30088144324363036,0.9892234560343565,0.04175175463837741,-0.002356194490192345
11.27230191230774,223.3634490966797,-222.99920654296875,33.12675094604492,-0.30088144324363036,0.9892234560343565,0.013309067303777927,-0.002363175807200322
11.2821364402771,223.3634490966797,-222.99920654296875,33.12675094604492,-0.30088144324363036,0.9892234560343565,0.1891211372576644,-0.002961823740634377
11.292348384857178,223.454833984375,-223.02734375,33.12697982788086,-0.30078134167615705,0.9886800323059483,0.21859851743939854,-0.002373647782712288
11.302257776260376,223.454833984375,-223.02734375,33.12697982788086,-0.30078134167615705,0.9886800323059483,0.28275596022882016,-0.0023684117949563047
11.3124361038208,223.454833984375,-223.02734375,33.12697982788086,-0.30078134167615705,0.9886800323059483,0.28017186767515145,-0.0011798425743481666
11.322655439376831,223.54705810546875,-223.05540466308594,33.12721252441406,-0.300780809043939,0.9881447799562348,0.3781710071001149,-0.0011833332328521553
11.33216643333435,223.54705810546875,-223.05540466308594,33.12721252441406,-0.300780809043939,0.9881447799562348,0.25164342747260116,-0.001785471824790199
11.342263460159302,223.54705810546875,-223.05540466308594,33.12721252441406,-0.300780809043939,0.9881447799562348,0.18834578757430576,-0.0005829399701661061
11.352694749832153,223.64013671875,-223.08349609375,33.12744903564453,-0.3006811735296564,0.9876055818915481,0.17765114421681025,-0.0011833332328521553
11.361945152282715,223.64013671875,-223.08349609375,33.12744903564453,-0.3006811735296564,0.9876055818915481,0.14846570825571115,-0.0011920598791121271
11.372920751571655,223.70245361328125,-223.10296630859375,33.12767028808594,-0.30068173945138804,0.9870833945101428,0.20002720194225646,-0.0017924531417981766
11.382034301757812,223.70245361328125,-223.10296630859375,33.12767028808594,-0.30068173945138804,0.9870833945101428,0.08783459242147387,-0.001790707812546182
11.392340660095215,223.70245361328125,-223.10296630859375,33.12767028808594,-0.30068173945138804,0.9870833945101428,0.04512398540037588,-0.0017924531417981766
11.402483463287354,223.79640197753906,-223.1310272216797,33.12783432006836,-0.3005816045944011,0.9865169674709562,0.1392422042884563,-0.0035883969421003415
11.412093162536621,223.79640197753906,-223.1310272216797,33.12783432006836,-0.3005816045944011,0.9865169674709562,-0.03735567657741168,-0.003584906283596353
11.422693729400635,223.79640197753906,-223.1310272216797,33.12783432006836,-0.3005816045944011,0.9865169674709562,0.03486754759874108,-0.004180063558526419
11.432569980621338,223.8903045654297,-223.15911865234375,33.128074645996094,-0.30048200236963213,0.985976508280192,-0.008758482825575203,-0.00477696616270848
11.442737817764282,223.8903045654297,-223.15911865234375,33.128074645996094,-0.30048200236963213,0.985976508280192,0.029277094181340946,-0.005379104754646523
11.452239751815796,223.8903045654297,-223.15911865234375,33.128074645996094,-0.30048200236963213,0.985976508280192,-0.04984588333397316,-0.006571164633758651
11.462347745895386,223.985107421875,-223.1883087158203,33.12831497192383,-0.3003813015909135,0.9854302408368547,-0.005693341821396913,-0.007169812567192706
11.472126245498657,223.985107421875,-223.1883087158203,33.12831497192383,-0.3003813015909135,0.9854302408368547,0.09685304006630258,-0.00776846050062676
11.48196816444397,223.985107421875,-223.1883087158203,33.12831497192383,-0.3003813015909135,0.9854302408368547,0.11961461981328633,-0.00776846050062676
11.49274730682373,224.0807342529297,-223.2163848876953,33.12855911254883,-0.3000819955739022,0.9849105204148997,0.08886996808848496,-0.007169812567192706
11.502094984054565,224.0807342529297,-223.2163848876953,33.12855911254883,-0.3000819955739022,0.9849105204148997,0.23783493626512536,-0.007176793884200683
11.512315511703491,224.0807342529297,-223.2163848876953,33.12855911254883,-0.3000819955739022,0.9849105204148997,0.1254012292202898,-0.00776846050062676
11.522416353225708,224.14393615722656,-223.23585510253906,33.128787994384766,-0.29998186071691524,0.9843652389045685,0.1789981070464073,-0.007169812567192706
11.532218933105469,224.14393615722656,-223.23585510253906,33.128787994384766,-0.29998186071691524,0.9843652389045685,0.2009721067336224,-0.007168067237940712
11.542760372161865,224.2404022216797,-223.26499938964844,33.12895584106445,-0.29978272284640456,0.9838212887805636,0.28314985364508516,-0.005984734005088556
11.553034543991089,224.2404022216797,-223.26499938964844,33.12895584106445,-0.29978272284640456,0.9838212887805636,0.17754397027052252,-0.005984734005088556
11.56290578842163,224.2404022216797,-223.26499938964844,33.12895584106445,-0.29978272284640456,0.9838212887805636,0.10776945106994423,-0.005982988675836562
11.572765827178955,224.3377685546875,-223.29417419433594,33.12920379638672,-0.29958185392118536,0.9832725349685865,0.08762164557583417,-0.005977752688080579
11.582575798034668,224.3377685546875,-223.29417419433594,33.12920379638672,-0.29958185392118536,0.9832725349685865,0.1137232100612361,-0.006579891280018622
11.592577695846558,224.3377685546875,-223.29417419433594,33.12920379638672,-0.29958185392118536,0.9832725349685865,0.06229461329931624,-0.007770205829878756
11.602582454681396,224.43508911132812,-223.32330322265625,33.129451751708984,-0.2993821168394294,0.9827333369987888,0.03024271948623436,-0.007175048554948689
11.613031148910522,224.43508911132812,-223.32330322265625,33.129451751708984,-0.2993821168394294,0.9827333369987888,0.1166478298528858,-0.0077614791836187825
11.622815370559692,224.43508911132812,-223.32330322265625,33.129451751708984,-0.2993821168394294,0.9827333369987888,0.09680927730830116,-0.006572909963010645
11.633755207061768,224.53240966796875,-223.3524627685547,33.12969970703125,-0.29918241304718707,0.9821987387059052,0.20422666351370336,-0.005976007358828583
11.642626285552979,224.53240966796875,-223.3524627685547,33.12969970703125,-0.29918241304718707,0.9821987387059052,0.1782852841833915,-0.005981243346584567
11.652837038040161,224.53240966796875,-223.3524627685547,33.12969970703125,-0.29918241304718707,0.9821987387059052,0.12918498585707977,-0.005384340742402506
11.662502765655518,224.59817504882812,-223.3730010986328,33.129940032958984,-0.2990828108224181,0.9816821435807498,0.11131856957172763,-0.005982988675836562
11.672415018081665,224.59817504882812,-223.3730010986328,33.129940032958984,-0.2990828108224181,0.9816821435807498,0.11118952771559856,-0.005984734005088556
11.682499408721924,224.6972198486328,-223.40216064453125,33.13010787963867,-0.29888254110844414,0.9811394435387285,0.03615517892078604,-0.00478918346747244
11.692684412002563,224.6972198486328,-223.40216064453125,33.13010787963867,-0.29888254110844414,0.9811394435387285,0.21657403277362597,-0.005386086071654501
11.702536582946777,224.6972198486328,-223.40216064453125,33.13010787963867,-0.29888254110844414,0.9811394435387285,0.17213981277165008,-0.004185299546282402
11.712494373321533,224.7962646484375,-223.43128967285156,33.13036346435547,-0.2987824062514572,0.9805846706581199,0.33128748078230935,-0.0035918876006043304
11.722559213638306,224.7962646484375,-223.43128967285156,33.13036346435547,-0.2987824062514572,0.9805846706581199,0.20900190972023003,-0.0030019663134302466
11.732475757598877,224.7962646484375,-223.43128967285156,33.13036346435547,-0.2987824062514572,0.9805846706581199,0.11420071165968429,-0.0024068090385001802
11.742449522018433,224.8961639404297,-223.46153259277344,33.130619049072266,-0.29868280402668823,0.9800363599639111,-0.024758570049481954,-0.0006038839211900379
11.752495765686035,224.8961639404297,-223.46153259277344,33.130619049072266,-0.29868280402668823,0.9800363599639111,0.03452379925917548,-0.000598647933434055
11.76235318183899,224.8961639404297,-223.46153259277344,33.130619049072266,-0.29868280402668823,0.9800363599639111,0.0471424598250067,-6.981317007977319e-06
11.772606134414673,224.99693298339844,-223.4906768798828,33.13087463378906,-0.2986822713944702,0.979514260974194,-0.24214993117969116,-1.2217304763960306e-05
11.782509803771973,224.99693298339844,-223.4906768798828,33.13087463378906,-0.2986822713944702,0.979514260974194,-0.3007113542139554,-0.0023876104167282427
11.79249620437622,224.99693298339844,-223.4906768798828,33.13087463378906,-0.2986822713944702,0.979514260974194,-0.3171408639385871,-0.0029810223624063153
11.80246615409851,225.0643768310547,-223.51119995117188,33.13111877441406,-0.29858316851240563,0.9789759001368206,-0.1709591374537761,-0.0035761796373363817
11.812398910522461,225.0643768310547,-223.51119995117188,33.13111877441406,-0.29858316851240563,0.9789759001368206,-0.20246541238998678,-0.003577924966588375
11.822482109069824,225.1651153564453,-223.54147338867188,33.13129806518555,-0.2984830336554187,0.9784402583265189,-0.15985801500031005,-0.004187044875534397
11.832631587982178,225.1651153564453,-223.54147338867188,33.13129806518555,-0.2984830336554187,0.9784402583265189,-0.21866748230000696,-0.005379104754646523
11.842556476593018,225.1651153564453,-223.54147338867188,33.13129806518555,-0.2984830336554187,0.9784402583265189,-0.29975058418682515,-0.005375614096142535
11.852909803390503,225.26673889160156,-223.5717010498047,33.131553649902344,-0.2983829320879453,0.9778979011263392,-0.2682348983926603,-0.006553711341238707
11.862497806549072,225.26673889160156,-223.5717010498047,33.131553649902344,-0.2983829320879453,0.9778979011263392,-0.001566224903093938,-0.007152359274672763
11.872584342956543,225.26673889160156,-223.5717010498047,33.131553649902344,-0.2983829320879453,0.9778979011263392,0.008540868241773386,-0.007145377957664785
11.88243317604065,225.3700408935547,-223.60191345214844,33.13181686401367,-0.298183760927921,0.9773540620663674,-0.07946325671807736,-0.007136651311404813
11.89253044128418,225.3700408935547,-223.60191345214844,33.13181686401367,-0.298183760927921,0.9773540620663674,-0.06857061519973415,-0.007723081940074907
11.902505874633789,225.3700408935547,-223.60191345214844,33.13181686401367,-0.298183760927921,0.9773540620663674,-0.10640301248027059,-0.008313003227248992
11.912211894989014,225.4733123779297,-223.63101196289062,33.132080078125,-0.297982958581729,0.9768206008218082,0.003183771671679325,-0.007120943348136863
11.922234535217285,225.4733123779297,-223.63101196289062,33.132080078125,-0.297982958581729,0.9768206008218082,0.02780690965389271,-0.006525786073206799
11.932389497756958,225.4733123779297,-223.63101196289062,33.132080078125,-0.297982958581729,0.9768206008218082,-0.04711079058324019,-0.007127924665144842
11.942513227462769,225.57662963867188,-223.66122436523438,33.13233947753906,-0.29778372084267746,0.9762834018440263,-0.035593792686245906,-0.006525786073206799
11.952347993850708,225.57662963867188,-223.66122436523438,33.13233947753906,-0.29778372084267746,0.9762834018440263,0.07914738413141978,-0.005927138139772743
11.962317705154419,225.57662963867188,-223.66122436523438,33.13233947753906,-0.29778372084267746,0.9762834018440263,0.006539294641190019,-0.005920156822764765
11.972492933273315,225.68081665039062,-223.69142150878906,33.13261032104492,-0.29758398376092154,0.9757458616820148,0.06274122208803692,-0.005927138139772743
11.982214450836182,225.68081665039062,-223.69142150878906,33.13261032104492,-0.29758398376092154,0.9757458616820148,-0.03651802966476175,-0.005326744877086694
11.992451906204224,225.75083923339844,-223.71194458007812,33.13286209106445,-0.29748331627171654,0.9752166503699723,0.015284482396819177,-0.005331980864842677
12.002984285354614,225.75083923339844,-223.71194458007812,33.13286209106445,-0.29748331627171654,0.9752166503699723,0.10331719964743424,-0.004738568919164605
12.012446403503418,225.75083923339844,-223.71194458007812,33.13286209106445,-0.29748331627171654,0.9752166503699723,0.06316371910873922,-0.004141666314982544
12.022470235824585,225.8558349609375,-223.7421417236328,33.1330451965332,-0.2972841118221786,0.9746590023834284,0.11616297028339083,-0.00355174502780846
12.032965898513794,225.8558349609375,-223.7421417236328,33.1330451965332,-0.2972841118221786,0.9746590023834284,0.15415597790453037,-0.0029600784113823827
12.042553186416626,225.8558349609375,-223.7421417236328,33.1330451965332,-0.2972841118221786,0.9746590023834284,0.14595124826887423,-0.0029705503868943488
12.052655458450317,225.9617156982422,-223.77235412597656,33.13330841064453,-0.2971839769651916,0.9741210445932864,0.06262978035168368,-0.0029705503868943488
12.06253719329834,225.9617156982422,-223.77235412597656,33.13330841064453,-0.2971839769651916,0.9741210445932864,0.12463396615550598,-0.0029705503868943488
12.072482109069824,225.9617156982422,-223.77235412597656,33.13330841064453,-0.2971839769651916,0.9741210445932864,0.17393156773148255,-0.004162610266006476
12.082560539245605,226.06756591796875,-223.80255126953125,33.13357925415039,-0.2970844080299363,0.9736074034715688,0.25112811061300755,-0.0035674529910764093
12.092763185501099,226.06756591796875,-223.80255126953125,33.13357925415039,-0.2970844080299363,0.9736074034715688,0.2906347976676689,-0.003570943649580398
12.102498531341553,226.06756591796875,-223.80255126953125,33.13357925415039,-0.2970844080299363,0.9736074034715688,0.30234174864088753,-0.0035674529910764093
12.112633466720581,226.17431640625,-223.83387756347656,33.13385009765625,-0.29698430646246293,0.9730653102873041,0.23832668070539115,-0.003570943649580398
12.122210264205933,226.17431640625,-223.83387756347656,33.13385009765625,-0.29698430646246293,0.9730653102873041,0.23128825383587037,-0.003563962332572421
12.13253927230835,226.24514770507812,-223.85435485839844,33.13410568237305,-0.2968846043691531,0.9725295247573046,0.2349992380789542,-0.00416435559525847
12.142327785491943,226.24514770507812,-223.85435485839844,33.13410568237305,-0.2968846043691531,0.9725295247573046,0.1775503310783211,-0.0041661009245104645
12.152873516082764,226.24514770507812,-223.85435485839844,33.13410568237305,-0.2968846043691531,0.9725295247573046,0.23750054073714183,-0.0041608649367544815
12.162503719329834,226.3518829345703,-223.88674926757812,33.13429260253906,-0.29678456938070696,0.9719841338458254,0.1680300660714622,-0.0047577675409365425
12.17240023612976,226.3518829345703,-223.88674926757812,33.13429260253906,-0.29678456938070696,0.9719841338458254,0.18883668606922174,-0.004759512870188537
12.182308912277222,226.3518829345703,-223.88674926757812,33.13429260253906,-0.29678456938070696,0.9719841338458254,0.14353536427914906,-0.004763003528692525
12.192272663116455,226.45863342285156,-223.91810607910156,33.13456344604492,-0.29668443452372,0.9714364337551324,0.0700559719366598,-0.005356415474370597
12.202670335769653,226.45863342285156,-223.91810607910156,33.13456344604492,-0.29668443452372,0.9714364337551324,-0.013134746950031306,-0.005953318078552658
12.212606430053711,226.45863342285156,-223.91810607910156,33.13456344604492,-0.29668443452372,0.9714364337551324,0.11137918714976952,-0.006555456670490702
12.223217964172363,226.5670623779297,-223.950439453125,33.13483428955078,-0.2964846308629368,0.9708998863161417,0.04589112432256004,-0.006553711341238707
12.232874631881714,226.5670623779297,-223.950439453125,33.13483428955078,-0.2964846308629368,0.9708998863161417,0.07642072335355617,-0.005955063407804652
12.242655277252197,226.5670623779297,-223.950439453125,33.13483428955078,-0.2964846308629368,0.9708998863161417,0.13394231447741978,-0.006555456670490702
12.252533674240112,226.67547607421875,-223.9828643798828,33.135108947753906,-0.2962848937811809,0.9703635440045717,0.09304021887815558,-0.0065659286460026675
12.262550354003906,226.67547607421875,-223.9828643798828,33.135108947753906,-0.2962848937811809,0.9703635440045717,0.09324251950102684,-0.006564183316750674
12.273199558258057,226.67547607421875,-223.9828643798828,33.135108947753906,-0.2962848937811809,0.9703635440045717,0.0949469830997336,-0.006564183316750674
12.282515287399292,226.74807739257812,-224.00445556640625,33.13536834716797,-0.2960851234099113,0.9698248725084717,0.1975730164293313,-0.006569419304506657
12.29282546043396,226.74807739257812,-224.00445556640625,33.13536834716797,-0.2960851234099113,0.9698248725084717,0.2856572403546518,-0.005380850083898518
12.302791118621826,226.8573760986328,-224.03575134277344,33.13555908203125,-0.29588485369593737,0.969275032938372,0.3295432369077911,-0.004778711491960474
12.313061237335205,226.8573760986328,-224.03575134277344,33.13555908203125,-0.29588485369593737,0.969275032938372,0.349978827683296,-0.003577924966588375
12.322691917419434,226.8573760986328,-224.03575134277344,33.13555908203125,-0.29588485369593737,0.969275032938372,0.1992259852528951,-0.003577924966588375
12.332549571990967,226.96665954589844,-224.06814575195312,33.135833740234375,-0.2957858173929,0.9687341781485495,0.10315574151592581,-0.003581415625092364
12.342565774917603,226.96665954589844,-224.06814575195312,33.135833740234375,-0.2957858173929,0.9687341781485495,0.17775164740437166,-0.0029897490086662868
12.352802276611328,226.96665954589844,-224.06814575195312,33.135833740234375,-0.2957858173929,0.9687341781485495,0.2831817351247248,-0.0018011797880581482
12.362830400466919,227.07676696777344,-224.10052490234375,33.1361083984375,-0.29568568253591304,0.9681915952872014,0.20727219903200755,-0.0011990411961201044
12.372550249099731,227.07676696777344,-224.10052490234375,33.1361083984375,-0.29568568253591304,0.9681915952872014,0.006125979174057966,-3.4906585039886596e-06
12.38252305984497,227.07676696777344,-224.10052490234375,33.1361083984375,-0.29568568253591304,0.9681915952872014,-0.1040723164289789,-0.0006003932626860493
12.392486333847046,227.18777465820312,-224.1328887939453,33.136383056640625,-0.29568568253591304,0.967670114630287,-0.252136628044072,-6.981317007977319e-06
12.402482032775879,227.18777465820312,-224.1328887939453,33.136383056640625,-0.29568568253591304,0.967670114630287,-0.17632749793502486,-0.0017959438003021652
12.413132429122925,227.18777465820312,-224.1328887939453,33.136383056640625,-0.29568568253591304,0.967670114630287,-0.2516830650610826,-0.0023841197582242543
12.422495603561401,227.2611846923828,-224.15338134765625,33.13664627075195,-0.29558611360065773,0.967140993485981,-0.28109821013881675,-0.003577924966588375
12.43293309211731,227.2611846923828,-224.15338134765625,33.13664627075195,-0.29558611360065773,0.967140993485981,-0.2725392695777413,-0.0035726889788323924
12.442689418792725,227.37301635742188,-224.18687438964844,33.136837005615234,-0.2954854461114527,0.9665859314275205,-0.3178816367390832,-0.0029792770331543202
12.452739477157593,227.37301635742188,-224.18687438964844,33.136837005615234,-0.2954854461114527,0.9665859314275205,-0.2590656207831426,-0.004169591583014453
12.462594747543335,227.37301635742188,-224.18687438964844,33.136837005615234,-0.2954854461114527,0.9665859314275205,-0.3358168983047026,-0.004766494187196514
12.472816467285156,227.48402404785156,-224.21923828125,33.137115478515625,-0.2953863432293881,0.9660499075219878,-0.20121439883885486,-0.006557201999742695
12.482693433761597,227.48402404785156,-224.21923828125,33.137115478515625,-0.2953863432293881,0.9660499075219878,-0.2633973809531083,-0.007752752537358811
12.492844343185425,227.48402404785156,-224.21923828125,33.137115478515625,-0.2953863432293881,0.9660499075219878,-0.3235003080286409,-0.00953822436214901
12.502563714981079,227.5958709716797,-224.25271606445312,33.13739776611328,-0.29508650458015884,0.9654250727615478,-0.25599478093243533,-0.009524261728133055
12.512635231018066,227.5958709716797,-224.25271606445312,33.13739776611328,-0.29508650458015884,0.9654250727615478,-0.07499032287603974,-0.009520771069629067
12.522607803344727,227.5958709716797,-224.25271606445312,33.13739776611328,-0.29508650458015884,0.9654250727615478,0.2249355390766381,-0.008927359123950995
12.53292179107666,227.707763671875,-224.28619384765625,33.13768005371094,-0.29478606671968427,0.9648024962681143,0.11209180277144626,-0.00773180858633488
12.542561054229736,227.707763671875,-224.28619384765625,33.13768005371094,-0.29478606671968427,0.9648024962681143,0.08628034271780943,-0.007129669994396835
12.553185939788818,227.707763671875,-224.28619384765625,33.13768005371094,-0.29478606671968427,0.9648024962681143,-0.05833228278259864,-0.006529276731710786
12.562569618225098,227.7828826904297,-224.30776977539062,33.13794708251953,-0.2946864644949153,0.9641614714040488,-0.1547717933107648,-0.007728317927830891
12.572723865509033,227.7828826904297,-224.30776977539062,33.13794708251953,-0.2946864644949153,0.9641614714040488,-0.047188571717722505,-0.008321729873508963
12.58282470703125,227.89474487304688,-224.34124755859375,33.13814163208008,-0.2944862613599686,0.9635337821941815,-0.0702775521066811,-0.007723081940074907
12.592616081237793,227.89474487304688,-224.34124755859375,33.13814163208008,-0.2944862613599686,0.9635337821941815,-0.028497878130680526,-0.008319984544256968
12.60309648513794,227.89474487304688,-224.34124755859375,33.13814163208008,-0.2944862613599686,0.9635337821941815,-0.13525826086276022,-0.0077213366108229145
12.612726211547852,228.00830078125,-224.37469482421875,33.138431549072266,-0.29418688876393007,0.9629017010350349,-0.1989289140771981,-0.007129669994396835
12.622614860534668,228.00830078125,-224.37469482421875,33.138431549072266,-0.29418688876393007,0.9629017010350349,-0.13645935221362443,-0.007733553915586874
12.63266658782959,228.00830078125,-224.37469482421875,33.138431549072266,-0.29418688876393007,0.9629017010350349,-0.07231410171236036,-0.007738789903342857
12.643370628356934,228.1209716796875,-224.40817260742188,33.13871765136719,-0.2939866190499561,0.9622685751759533,0.0404840101427561,-0.007738789903342857
12.652990579605103,228.1209716796875,-224.40817260742188,33.13871765136719,-0.2939866190499561,0.9622685751759533,-0.003495967165332098,-0.006548475353482724
12.663140058517456,228.1209716796875,-224.40817260742188,33.13871765136719,-0.2939866190499561,0.9622685751759533,-0.04143616158259961,-0.006553711341238707
12.673155784606934,228.23455810546875,-224.44273376464844,33.13900375366211,-0.29378634933598213,0.9616305027599379,-0.0696576245271429,-0.005955063407804652
12.682995796203613,228.23455810546875,-224.44273376464844,33.13900375366211,-0.29378634933598213,0.9616305027599379,-0.00841518473025113,-0.005956808737056647
12.693365335464478,228.31056213378906,-224.46542358398438,33.139278411865234,-0.29368717987489035,0.9609808945426431,0.1656723295429329,-0.0053616514621265795
12.70284366607666,228.31056213378906,-224.46542358398438,33.139278411865234,-0.29368717987489035,0.9609808945426431,0.23389206190531409,-0.004169591583014453
12.713381290435791,228.31056213378906,-224.46542358398438,33.139278411865234,-0.29368717987489035,0.9609808945426431,0.2583028787487677,-0.0017976891295541594
12.723258256912231,228.42413330078125,-224.49888610839844,33.13947296142578,-0.2935866122542262,0.9603465403859689,0.2782738201110598,-0.0018029251173101422
12.732805967330933,228.42413330078125,-224.49888610839844,33.13947296142578,-0.2935866122542262,0.9603465403859689,0.22704325090797078,-0.0012252211349000192
12.74292254447937,228.42413330078125,-224.49888610839844,33.13947296142578,-0.2935866122542262,0.9603465403859689,0.18407847947568012,-0.002429498318776106
12.752521991729736,228.5385284423828,-224.53233337402344,33.13976287841797,-0.2934875093721616,0.9597123046145591,0.22099728452942108,-0.0030351275692181386
12.762411117553711,228.5385284423828,-224.53233337402344,33.13976287841797,-0.2934875093721616,0.9597123046145591,0.30021793316343826,-0.0036337755026521943
12.77303147315979,228.5385284423828,-224.53233337402344,33.13976287841797,-0.2934875093721616,0.9597123046145591,0.3612151244502462,-0.0036285395148962112
12.78297758102417,228.65292358398438,-224.56581115722656,33.140052795410156,-0.29338684188295666,0.9590484861884869,0.3928771160050395,-0.0018343410438460403
12.793413639068604,228.65292358398438,-224.56581115722656,33.140052795410156,-0.29338684188295666,0.9590484861884869,0.3751863313343412,-0.0012304571226560022
12.803017377853394,228.65292358398438,-224.56581115722656,33.140052795410156,-0.29338684188295666,0.9590484861884869,0.22594740537911912,-0.0006300638599699529
12.813231945037842,228.76820373535156,-224.59925842285156,33.14033889770508,-0.2933879404369063,0.9583949197903316,0.1229996923036562,-0.0006230825429619757
12.822772026062012,228.76820373535156,-224.59925842285156,33.14033889770508,-0.2933879404369063,0.9583949197903316,-0.05429004061510889,-0.002401573050744197
12.833410501480103,228.76820373535156,-224.59925842285156,33.14033889770508,-0.2933879404369063,0.9583949197903316,-0.08598361690628167,-0.002399827721492203
12.842940330505371,228.84503173828125,-224.6219024658203,33.1406135559082,-0.2933874078046883,0.9577478646104317,-0.27434570293883265,-0.0035866516128483473
12.852835655212402,228.84503173828125,-224.6219024658203,33.1406135559082,-0.2933874078046883,0.9577478646104317,-0.4368567170494841,-0.004782202150464463
12.862985849380493,228.84503173828125,-224.6219024658203,33.1406135559082,-0.2933874078046883,0.9577478646104317,-0.468573005977718,-0.00597426202957659
12.872901439666748,228.96031188964844,-224.65538024902344,33.14081573486328,-0.29328730623721494,0.9571019352982023,-0.5857714541217257,-0.006571164633758651
12.883076190948486,228.96031188964844,-224.65538024902344,33.14081573486328,-0.29328730623721494,0.9571019352982023,-0.524306214241897,-0.0077771871468867325
12.89340090751648,229.076416015625,-224.68768310546875,33.1411018371582,-0.2930880684981634,0.9564301305997758,-0.42218461261455775,-0.009571385617936903
12.903390884399414,229.076416015625,-224.68768310546875,33.1411018371582,-0.2930880684981634,0.9564301305997758,-0.3697752080102079,-0.010770426814057007
12.913048267364502,229.076416015625,-224.68768310546875,33.1411018371582,-0.2930880684981634,0.9564301305997758,-0.2662018729284919,-0.012561134626603191
12.92299222946167,229.19252014160156,-224.72003173828125,33.141395568847656,-0.2927870980054708,0.9557618595153038,-0.17889624305853244,-0.011962486693169135
12.932772874832153,229.19252014160156,-224.72003173828125,33.141395568847656,-0.2927870980054708,0.9557618595153038,-0.029481022003694346,-0.011965977351673124
12.94306230545044,229.19252014160156,-224.72003173828125,33.141395568847656,-0.2927870980054708,0.9557618595153038,-0.054750585847521044,-0.010170033551370958
12.953094959259033,229.30862426757812,-224.7534942626953,33.141685485839844,-0.29248779198845953,0.9551171455445727,0.07469411301285267,-0.009567894959432915
12.962803363800049,229.30862426757812,-224.7534942626953,33.141685485839844,-0.29248779198845953,0.9551171455445727,0.21506215818413343,-0.0077719511591307485
12.973358869552612,229.30862426757812,-224.7534942626953,33.141685485839844,-0.29248779198845953,0.9551171455445727,0.2525162277684995,-0.005391322059410484
12.982813835144043,229.38717651367188,-224.77505493164062,33.14195251464844,-0.2922886208284352,0.9544547215397907,0.16803489771366342,-0.004201007509550351
12.99329948425293,229.38717651367188,-224.77505493164062,33.14195251464844,-0.2922886208284352,0.9544547215397907,0.019930903086340462,-0.005387831400906495
13.002835750579834,229.504150390625,-224.80845642089844,33.14216232299805,-0.2921879533392302,0.9538225670459514,0.01698382215743352,-0.005375614096142535
13.01297926902771,229.504150390625,-224.80845642089844,33.14216232299805,-0.2921879533392302,0.9538225670459514,0.07779051818268845,-0.004173082241518441
13.023413181304932,229.504150390625,-224.80845642089844,33.14216232299805,-0.2921879533392302,0.9538225670459514,0.14856166868895096,-0.0035726889788323924
13.033272504806519,229.62110900878906,-224.8408203125,33.142452239990234,-0.2920877851927296,0.9531238249032724,0.04366668991192449,-0.0017767451785302274
13.04348111152649,229.62110900878906,-224.8408203125,33.142452239990234,-0.2920877851927296,0.9531238249032724,-0.08205958667507046,0.001202531854624093
13.05292272567749,229.62110900878906,-224.8408203125,33.142452239990234,-0.2920877851927296,0.9531238249032724,-0.19850105288449466,0.0023911010752322315
13.063884973526001,229.73892211914062,-224.87425231933594,33.14274215698242,-0.29208831782494765,0.9524746786573715,-0.37721581621086053,0.0017819811662862105
13.073444128036499,229.73892211914062,-224.87425231933594,33.14274215698242,-0.29208831782494765,0.9524746786573715,-0.36084792443828917,-1.5707963267948964e-05
13.082890272140503,229.73892211914062,-224.87425231933594,33.14274215698242,-0.29208831782494765,0.9524746786573715,-0.26218112220237055,-0.0012164944886400477
13.093451023101807,229.85671997070312,-224.90655517578125,33.14303207397461,-0.292087751903216,0.9518153511893718,-0.10253862658785778,-0.0024137903555081575
13.102863550186157,229.85671997070312,-224.90655517578125,33.14303207397461,-0.292087751903216,0.9518153511893718,-0.005238129085193055,-0.002408554367752175
13.113596677780151,229.85671997070312,-224.90655517578125,33.14303207397461,-0.292087751903216,0.9518153511893718,0.04971624386627585,-0.0006230825429619757
13.123496770858765,229.93612670898438,-224.92919921875,33.143306732177734,-0.292087751903216,0.9511042476062719,0.08535027239496523,0.0011571532940722405
13.133082628250122,229.93612670898438,-224.92919921875,33.143306732177734,-0.292087751903216,0.9511042476062719,0.16177232789671922,0.004131194339470578
13.142980813980103,230.053955078125,-224.9637451171875,33.14352035522461,-0.2921884526819346,0.9504723290705124,0.06926242080502631,0.004733332931408621
13.153076410293579,230.053955078125,-224.9637451171875,33.14352035522461,-0.2921884526819346,0.9504723290705124,-0.08743970647991013,0.0041381756564785556
13.163047075271606,230.053955078125,-224.9637451171875,33.14352035522461,-0.2921884526819346,0.9504723290705124,-0.14820957236898197,0.0029548424236264
13.173107147216797,230.17347717285156,-224.99827575683594,33.14381408691406,-0.29228802161719,0.949795227064788,0.06248475833192246,0.0011606439525762293
13.183154106140137,230.17347717285156,-224.99827575683594,33.14381408691406,-0.29228802161719,0.949795227064788,0.21460952394717844,0.0023544491609403502
13.192962884902954,230.17347717285156,-224.99827575683594,33.14381408691406,-0.29228802161719,0.949795227064788,0.25814007527255517,0.0035308010767845285
13.202985048294067,230.29217529296875,-225.03280639648438,33.144100189208984,-0.2923876571314725,0.9491005205623619,0.025704357320592605,0.00533721685259866
13.212957859039307,230.29217529296875,-225.03280639648438,33.144100189208984,-0.2923876571314725,0.9491005205623619,-0.03551224648327761,0.005347688828110626
13.222916841506958,230.29217529296875,-225.03280639648438,33.144100189208984,-0.2923876571314725,0.9491005205623619,-0.1987606814119886,0.004766494187196514
13.233235359191895,230.41171264648438,-225.0673370361328,33.14439392089844,-0.2925879268454465,0.9484209043654119,-0.22751683553079693,0.0029792770331543202
13.242985486984253,230.41171264648438,-225.0673370361328,33.14439392089844,-0.2925879268454465,0.9484209043654119,-0.24308822453082324,0.0029880036794142917
13.253066539764404,230.41171264648438,-225.0673370361328,33.14439392089844,-0.2925879268454465,0.9484209043654119,-0.30867024875322513,0.0017924531417981766
13.263106346130371,230.53208923339844,-225.1029815673828,33.14468765258789,-0.29268856104513785,0.9477184745563393,-0.2993288756997671,0.0006091199089460211
13.273016929626465,230.53208923339844,-225.1029815673828,33.14468765258789,-0.29268856104513785,0.9477184745563393,-0.4164757291010321,1.0471975511965975e-05
13.283087253570557,230.53208923339844,-225.1029815673828,33.14468765258789,-0.29268856104513785,0.9477184745563393,-0.4031889372135803,-0.0023684117949563047
13.293000936508179,230.61236572265625,-225.12562561035156,33.14496612548828,-0.2926880949919471,0.9470491958941645,-0.28474407374798666,-0.004153883619746505
13.30304479598999,230.61236572265625,-225.12562561035156,33.14496612548828,-0.2926880949919471,0.9470491958941645,-0.22316598610770952,-0.004745550236172581
13.313096046447754,230.7327423095703,-225.16128540039062,33.14518356323242,-0.2925879268454465,0.9463023768152787,-0.029918572948961497,-0.004146902302738527
13.32313084602356,230.7327423095703,-225.16128540039062,33.14518356323242,-0.2925879268454465,0.9463023768152787,-0.02758323476193847,-0.00355174502780846
13.333525896072388,230.7327423095703,-225.16128540039062,33.14518356323242,-0.2925879268454465,0.9463023768152787,-0.10744608202005607,-0.002356194490192345
13.343050956726074,230.85313415527344,-225.19691467285156,33.14548110961914,-0.2923876571314725,0.9455597851210633,-0.13113176563194057,-0.0035569810155644433
13.353107690811157,230.85313415527344,-225.19691467285156,33.14548110961914,-0.2923876571314725,0.9455597851210633,-0.12129840182221227,-0.004752531553180559
13.363227844238281,230.85313415527344,-225.19691467285156,33.14548110961914,-0.2923876571314725,0.9455597851210633,0.08515564146569579,-0.004162610266006476
13.373068571090698,230.97439575195312,-225.23251342773438,33.14577865600586,-0.2922885875389216,0.9448251940889442,0.25513527456944946,-0.003570943649580398
13.383429765701294,230.97439575195312,-225.23251342773438,33.14577865600586,-0.2922885875389216,0.9448251940889442,0.28658902874550013,-0.000593411945678072
13.393261671066284,230.97439575195312,-225.23251342773438,33.14577865600586,-0.2922885875389216,0.9448251940889442,0.15757768638615932,1.3962634015954639e-05
13.403676271438599,231.09564208984375,-225.2681427001953,33.14609146118164,-0.2922885875389216,0.9440454924363605,0.14385883116758,0.0018046704465621369
13.41313123703003,231.09564208984375,-225.2681427001953,33.14609146118164,-0.2922885875389216,0.9440454924363605,0.29093310602870665,0.0006073745796940265
13.423234224319458,231.09564208984375,-225.2681427001953,33.14609146118164,-0.2922885875389216,0.9440454924363605,0.1216198202151008,0.0006056292504420325
13.434149742126465,231.21685791015625,-225.30377197265625,33.14638900756836,-0.2922885875389216,0.9432906199829557,0.0620563602718389,1.2217304763960306e-05
13.44321870803833,231.21685791015625,-225.30377197265625,33.14638900756836,-0.2922885875389216,0.9432906199829557,0.0819220956120314,0.001202531854624093
13.453502416610718,231.29884338378906,-225.3274688720703,33.146671295166016,-0.2922886208284352,0.9425303739369882,0.046906762038001815,0.0023876104167282427
13.462831974029541,231.29884338378906,-225.3274688720703,33.146671295166016,-0.2922886208284352,0.9425303739369882,-0.08262653681688326,0.0023876104167282427
13.473801374435425,231.29884338378906,-225.3274688720703,33.146671295166016,-0.2922886208284352,0.9425303739369882,-0.2651569974323361,0.0012007865253720986
13.482807159423828,231.42091369628906,-225.3631134033203,33.14690399169922,-0.2922885875389216,0.9417652260682944,-0.34387596130892106,-0.0017767451785302274
13.492965698242188,231.42091369628906,-225.3631134033203,33.14690399169922,-0.2922885875389216,0.9417652260682944,-0.3791822503908518,-0.0035587263448164375
13.503043174743652,231.42091369628906,-225.3631134033203,33.14690399169922,-0.2922885875389216,0.9417652260682944,-0.2561276756606233,-0.005351179486614613
13.513217687606812,231.54383850097656,-225.3987274169922,33.1472053527832,-0.2921889853141526,0.9409984168299055,-0.2233740447105092,-0.005358160803622591
13.523223400115967,231.54383850097656,-225.3987274169922,33.1472053527832,-0.2921889853141526,0.9409984168299055,-0.09235844388871392,-0.005370378108386551
13.53324842453003,231.54383850097656,-225.3987274169922,33.1472053527832,-0.2921889853141526,0.9409984168299055,-0.16000305515534058,-0.005976007358828583
13.543243169784546,231.66766357421875,-225.434326171875,33.147518157958984,-0.2919886490211514,0.9402326680606287,-0.11750920878077434,-0.007162831250184728
13.55351972579956,231.66766357421875,-225.434326171875,33.147518157958984,-0.2919886490211514,0.9402326680606287,-0.006895188697906771,-0.007157595262428746
13.563513278961182,231.66766357421875,-225.434326171875,33.147518157958984,-0.2919886490211514,0.9402326680606287,0.02958507854793127,-0.006558947328994691
13.573313236236572,231.79061889648438,-225.47105407714844,33.147823333740234,-0.2917889785184227,0.939439753823614,0.10442691915088236,-0.0059585540663086405
13.583116292953491,231.79061889648438,-225.47105407714844,33.147823333740234,-0.2917889785184227,0.939439753823614,0.09879764580986905,-0.004176572900022431
13.59321403503418,231.79061889648438,-225.47105407714844,33.147823333740234,-0.2917889785184227,0.939439753823614,0.16580745651461246,-0.00239459173373622
13.603492498397827,231.87342834472656,-225.4947967529297,33.14810562133789,-0.2916892764251129,0.9386582465513842,0.11781253177789627,-0.0018011797880581482
13.613242387771606,231.87342834472656,-225.4947967529297,33.14810562133789,-0.2916892764251129,0.9386582465513842,-0.03331452389737104,-0.001202531854624093
13.623096704483032,231.99725341796875,-225.53038024902344,33.148345947265625,-0.2915891748576395,0.9378862742987005,0.0716204369977489,-1.2217304763960306e-05
13.633656740188599,231.99725341796875,-225.53038024902344,33.148345947265625,-0.2915891748576395,0.9378862742987005,0.11222621648758373,0.0005846852994181004
13.643447875976562,231.99725341796875,-225.53038024902344,33.148345947265625,-0.2915891748576395,0.9378862742987005,0.057534560519017314,0.0011833332328521553
13.653000354766846,232.12103271484375,-225.56594848632812,33.14865493774414,-0.2915891748576395,0.9370979506012058,-0.1962708319394315,0.0017784905077822216
13.663127899169922,232.12103271484375,-225.56594848632812,33.14865493774414,-0.2915891748576395,0.9370979506012058,-0.3009330943463786,0.001774999849278233
13.672974824905396,232.12103271484375,-225.56594848632812,33.14865493774414,-0.2915891748576395,0.9370979506012058,-0.3305673241834144,0.0011693705988362008
13.682931423187256,232.24481201171875,-225.60159301757812,33.14896011352539,-0.2916898756363582,0.9362992270315456,-0.4379933572322709,0.0011588986233242347
13.693031072616577,232.24481201171875,-225.60159301757812,33.14896011352539,-0.2916898756363582,0.9362992270315456,-0.41557274823577145,0.0005689773361501514
13.703099966049194,232.24481201171875,-225.60159301757812,33.14896011352539,-0.2916898756363582,0.9362992270315456,-0.23716916613472394,-0.000614355896702004
13.71334171295166,232.3694610595703,-225.63829040527344,33.149269104003906,-0.2916893430041401,0.9355156292984452,-0.2374033524616733,-0.0012007865253720986
13.723202466964722,232.3694610595703,-225.63829040527344,33.149269104003906,-0.2916893430041401,0.9355156292984452,-0.23410922778480772,-0.001785471824790199
13.73338270187378,232.3694610595703,-225.63829040527344,33.149269104003906,-0.2916893430041401,0.9355156292984452,-0.1424758037025825,-0.003570943649580398
13.742912292480469,232.45230102539062,-225.6620330810547,33.149559020996094,-0.29168984234684453,0.9347287903194534,-0.16742119406333983,-0.002974041045398337
13.75335955619812,232.45230102539062,-225.6620330810547,33.149559020996094,-0.29168984234684453,0.9347287903194534,-0.21121891008150642,-0.002373647782712288
13.763126850128174,232.57696533203125,-225.69873046875,33.149803161621094,-0.29158974077937116,0.9339299460082688,-0.23612607848531417,-0.0017802358370342158
13.772947072982788,232.57696533203125,-225.69873046875,33.149803161621094,-0.29158974077937116,0.9339299460082688,-0.22389445049997736,-0.00118507856210415
13.783111095428467,232.57696533203125,-225.69873046875,33.149803161621094,-0.29158974077937116,0.9339299460082688,-0.1844888990433238,-0.0023753931119642824
13.793298482894897,232.7016143798828,-225.7343292236328,33.15011215209961,-0.2914906711868202,0.9331017768973968,-0.17377895137327004,-0.0029635690698863715
13.803141832351685,232.7016143798828,-225.7343292236328,33.15011215209961,-0.2914906711868202,0.9331017768973968,-0.19111760031658281,-0.0035587263448164375
13.813031435012817,232.7016143798828,-225.7343292236328,33.15011215209961,-0.2914906711868202,0.9331017768973968,-0.14500912248119605,-0.0029635690698863715
13.82295274734497,232.82708740234375,-225.77102661132812,33.15041732788086,-0.29139053632983325,0.9323037768332498,-0.17685174209949284,-0.0029653143991383657
13.83324408531189,232.82708740234375,-225.77102661132812,33.15041732788086,-0.29139053632983325,0.9323037768332498,-0.23931757255088404,-0.0023701571242083
13.843130111694336,232.82708740234375,-225.77102661132812,33.15041732788086,-0.29139053632983325,0.9323037768332498,-0.2942608297301147,-0.0023684117949563047
13.853335857391357,232.95175170898438,-225.80772399902344,33.15089416503906,-0.29129040147284624,0.9314943502724246,-0.28189494217088923,-0.0035604716740684317
13.863227605819702,232.95175170898438,-225.80772399902344,33.15089416503906,-0.29129040147284624,0.9314943502724246,-0.22425740571264993,-0.0035622170033204267
13.87343955039978,232.95175170898438,-225.80772399902344,33.15089416503906,-0.29129040147284624,0.9314943502724246,-0.17664884687478194,-0.0029635690698863715
13.88321328163147,233.03460693359375,-225.83148193359375,33.15171432495117,-0.29129040147284624,0.9307128591112425,-0.1799870219879588,-0.0029635690698863715
13.89319396018982,233.03460693359375,-225.83148193359375,33.15171432495117,-0.29129040147284624,0.9307128591112425,-0.15606127918178134,-0.0017662732030182613
13.903255701065063,233.1583709716797,-225.86705017089844,33.15229797363281,-0.2911908325375909,0.9299263593332247,-0.17959718563560081,-0.0017575465567582899
13.913100481033325,233.1583709716797,-225.86705017089844,33.15229797363281,-0.2911908325375909,0.9299263593332247,-0.22563997058518795,-0.0017558012275062952
13.923560857772827,233.1583709716797,-225.86705017089844,33.15229797363281,-0.2911908325375909,0.9299263593332247,-0.07074072501772097,-0.0017662732030182613
13.933034420013428,233.2821502685547,-225.9026336669922,33.15309143066406,-0.2910917296555264,0.9291543715530161,-0.07654254075304451,-0.001774999849278233
13.94304633140564,233.2821502685547,-225.9026336669922,33.15309143066406,-0.2910917296555264,0.9291543715530161,-0.19691968583219777,-0.0017697638615222502
13.953275442123413,233.2821502685547,-225.9026336669922,33.15309143066406,-0.2910917296555264,0.9291543715530161,-0.18645755965481214,-0.0005742133239061344
13.963679790496826,233.4051055908203,-225.9371795654297,33.15386962890625,-0.29109123031282197,0.9283772163985,-0.24421190750969257,-0.0011623892818282235
13.97351861000061,233.4051055908203,-225.9371795654297,33.15386962890625,-0.29109123031282197,0.9283772163985,-0.19749043847882844,-0.0005672320068981572
13.983271837234497,233.4051055908203,-225.9371795654297,33.15386962890625,-0.29109123031282197,0.9283772163985,-0.07382018113183764,-0.001176351915844178
13.99323296546936,233.5288848876953,-225.97276306152344,33.15462875366211,-0.29109123031282197,0.9276301666987287,-0.016857263658761945,-0.0005846852994181004
14.00325608253479,233.5288848876953,-225.97276306152344,33.15462875366211,-0.29109123031282197,0.9276301666987287,-0.06064768645221574,-0.0005864306286700947
14.013613939285278,233.5288848876953,-225.97276306152344,33.15462875366211,-0.29109123031282197,0.9276301666987287,-0.24030358552553205,-0.0005829399701661061
14.023056268692017,233.61170959472656,-225.9965057373047,33.15534210205078,-0.2909916613775666,0.9268934428217478,-0.12305566284970078,-0.0011833332328521553
14.033302068710327,233.61170959472656,-225.9965057373047,33.15534210205078,-0.2909916613775666,0.9268934428217478,-0.0033066248301634044,-0.0017837264955382047
14.043746948242188,233.7355194091797,-226.03099060058594,33.15585708618164,-0.29099109545583496,0.9261260727159166,0.07251588327141394,3.4906585039886596e-06
14.053060054779053,233.7355194091797,-226.03099060058594,33.15585708618164,-0.29099109545583496,0.9261260727159166,0.07717310184577245,0.0006003932626860493
14.0633225440979,233.7355194091797,-226.03099060058594,33.15585708618164,-0.29099109545583496,0.9261260727159166,0.07370372261401371,0.00119729586686811
14.073302745819092,233.85926818847656,-226.06658935546875,33.156558990478516,-0.290991628088053,0.9253985843218183,0.08182927623858674,0.001785471824790199
14.0831937789917,233.85926818847656,-226.06658935546875,33.156558990478516,-0.290991628088053,0.9253985843218183,0.07180047984980945,0.0023753931119642824
14.093036651611328,233.85926818847656,-226.06658935546875,33.156558990478516,-0.290991628088053,0.9253985843218183,0.13219994992991166,0.0035691983203284035
14.103080987930298,233.98391723632812,-226.10220336914062,33.15725326538086,-0.2910917296555264,0.9246724887218918,0.10981872319708699,0.004169591583014453
14.113120079040527,233.98391723632812,-226.10220336914062,33.15725326538086,-0.2910917296555264,0.9246724887218918,0.14680742362660848,0.005352924815866608
14.122988939285278,233.98391723632812,-226.10220336914062,33.15725326538086,-0.2910917296555264,0.9246724887218918,0.18646035145105108,0.005344198169606637
14.133432626724243,234.10858154296875,-226.13778686523438,33.15792465209961,-0.29119186451251333,0.923942931148849,0.05716137600785734,0.005331980864842677
14.143058776855469,234.10858154296875,-226.13778686523438,33.15792465209961,-0.29119186451251333,0.923942931148849,-0.08446363287447553,0.005340707511102648
14.153399467468262,234.10858154296875,-226.13778686523438,33.15792465209961,-0.29119186451251333,0.923942931148849,-0.106289700213808,0.006544984694978735
14.163276195526123,234.2349090576172,-226.17340087890625,33.1585807800293,-0.2913916015942693,0.9232239726965144,-0.14472271674746245,0.005345943498858632
14.173254251480103,234.2349090576172,-226.17340087890625,33.1585807800293,-0.2913916015942693,0.9232239726965144,-0.14718685896094402,0.005335471523346665
14.18383002281189,234.31944274902344,-226.1970977783203,33.159202575683594,-0.2914923023729879,0.9225083772517741,-0.12408828552803831,0.004731587602156627
14.193171977996826,234.31944274902344,-226.1970977783203,33.159202575683594,-0.2914923023729879,0.9225083772517741,-0.26613118488644116,0.0035465090400524776
14.203332424163818,234.31944274902344,-226.1970977783203,33.159202575683594,-0.2914923023729879,0.9225083772517741,-0.374980685373252,0.0029635690698863715
14.213344812393188,234.44583129882812,-226.23377990722656,33.15964126586914,-0.29159137196553886,0.9217989793554124,-0.3928984905422201,0.0011798425743481666
14.22309136390686,234.44583129882812,-226.23377990722656,33.15964126586914,-0.29159137196553886,0.9217989793554124,-0.3704152214460562,0.0005864306286700947
14.233825445175171,234.44583129882812,-226.23377990722656,33.15964126586914,-0.29159137196553886,0.9217989793554124,-0.42680088554317375,-0.0006021385919380437
14.243744611740112,234.57130432128906,-226.2693634033203,33.16025924682617,-0.29159190459775686,0.9211124482768168,-0.5508606198230183,-0.0023753931119642824
14.253598690032959,234.57130432128906,-226.2693634033203,33.16025924682617,-0.29159190459775686,0.9211124482768168,-0.44223441293297316,-0.0035587263448164375
14.263201236724854,234.57130432128906,-226.2693634033203,33.16025924682617,-0.29159190459775686,0.9211124482768168,-0.4474708526767751,-0.004159119607502488
14.274127960205078,234.6976776123047,-226.3060760498047,33.160850524902344,-0.29149226908347425,0.9204926919593676,-0.3880089458789676,-0.005351179486614613
14.283116817474365,234.6976776123047,-226.3060760498047,33.160850524902344,-0.29149226908347425,0.9204926919593676,-0.4449098696292582,-0.005344198169606637
14.29342794418335,234.6976776123047,-226.3060760498047,33.160850524902344,-0.29149226908347425,0.9204926919593676,-0.506927607863502,-0.0059358647860327145
14.304348468780518,234.8240509033203,-226.3427276611328,33.16142654418945,-0.2912925985807456,0.9198838087325656,-0.2832519393879631,-0.005934119456780721
14.313564538955688,234.8240509033203,-226.3427276611328,33.16142654418945,-0.2912925985807456,0.9198838087325656,-0.2876927679152134,-0.00653451271946677
14.323800325393677,234.9085235595703,-226.36756896972656,33.16196060180664,-0.2911934624091674,0.9194373195799417,-0.25421713069876106,-0.007724827269326903
14.333818197250366,234.9085235595703,-226.36756896972656,33.16196060180664,-0.2911934624091674,0.9194373195799417,-0.0686353641705859,-0.007131415323648831
14.343878984451294,234.9085235595703,-226.36756896972656,33.16196060180664,-0.2911934624091674,0.9194373195799417,-0.07701781099279487,-0.0053389621818506535
14.353366613388062,235.0340576171875,-226.404296875,33.162322998046875,-0.2909937253274114,0.919046011543534,-0.16093257212495932,-0.0047368235899126095
14.36328125,235.0340576171875,-226.404296875,33.162322998046875,-0.2909937253274114,0.919046011543534,-0.04079055164452701,-0.0029513517651224112
14.37336254119873,235.0340576171875,-226.404296875,33.162322998046875,-0.2909937253274114,0.919046011543534,-0.08735201186597934,-0.0017645278737662671
14.38363265991211,235.160400390625,-226.4420623779297,33.1628303527832,-0.2908946890243741,0.9186448962176904,-0.128446214986062,-0.0011623892818282235
14.393520593643188,235.160400390625,-226.4420623779297,33.1628303527832,-0.2908946890243741,0.9186448962176904,-0.07411315288541317,-0.0005672320068981572
14.40373420715332,235.160400390625,-226.4420623779297,33.1628303527832,-0.2908946890243741,0.9186448962176904,-0.1624255762423567,-0.0005742133239061344
14.413901805877686,235.2867889404297,-226.478759765625,33.16332244873047,-0.2908946890243741,0.9182547607018618,-0.1130575918726901,0.0006091199089460211
14.423519134521484,235.2867889404297,-226.478759765625,33.16332244873047,-0.2908946890243741,0.9182547607018618,-0.20737425968241746,0.0006038839211900379
14.434017896652222,235.2867889404297,-226.478759765625,33.16332244873047,-0.2908946890243741,0.9182547607018618,-0.22117354454763027,3.4906585039886596e-06
14.444056272506714,235.41229248046875,-226.5154571533203,33.16379165649414,-0.2908946890243741,0.9178572853524278,-0.07035207687954287,3.4906585039886596e-06
14.45382308959961,235.41229248046875,-226.5154571533203,33.16379165649414,-0.2908946890243741,0.9178572853524278,-0.09063581194302164,0.0006038839211900379
14.464123010635376,235.41229248046875,-226.5154571533203,33.16379165649414,-0.2908946890243741,0.9178572853524278,-0.12311191472362978,0.0023928464044842257
14.473454236984253,235.49676513671875,-226.53919982910156,33.16423034667969,-0.29089522165659215,0.9174768999042037,-0.13623832558183682,0.0017959438003021652
14.483305931091309,235.49676513671875,-226.53919982910156,33.16423034667969,-0.29089522165659215,0.9174768999042037,-0.21158917308388348,0.0017924531417981766
14.49406361579895,235.6231231689453,-226.57586669921875,33.16452407836914,-0.29089522165659215,0.9171007800648147,-0.10853902699566839,0.0006038839211900379
14.503723859786987,235.6231231689453,-226.57586669921875,33.16452407836914,-0.29089522165659215,0.9171007800648147,-0.17744644173260563,0.0006056292504420325
14.513495683670044,235.6231231689453,-226.57586669921875,33.16452407836914,-0.29089522165659215,0.9171007800648147,-0.23356883488457242,0.0006073745796940265
14.523488998413086,235.74862670898438,-226.61257934570312,33.16494369506836,-0.2908957209992965,0.9167233740270008,-0.17444138968955963,8.726646259971648e-06
14.53333044052124,235.74862670898438,-226.61257934570312,33.16494369506836,-0.2908957209992965,0.9167233740270008,-0.18992781184202046,8.726646259971648e-06
14.543725728988647,235.74862670898438,-226.61257934570312,33.16494369506836,-0.2908957209992965,0.9167233740270008,-0.1984481131424062,-0.0005829399701661061
14.553576231002808,235.875,-226.6492462158203,33.16535186767578,-0.2908963202105418,0.9163379712783289,-0.12536094280385146,-0.0011798425743481666
14.563573360443115,235.875,-226.6492462158203,33.16535186767578,-0.2908963202105418,0.9163379712783289,-0.15266904523366456,-0.0011746065865921838
14.57352328300476,235.875,-226.6492462158203,33.16535186767578,-0.2908963202105418,0.9163379712783289,-0.20493988788230727,-0.0011780972450961724
14.583831310272217,236.00045776367188,-226.68592834472656,33.165733337402344,-0.2908968195532462,0.9159854348485874,-0.10856832516220885,-0.000593411945678072
14.593748569488525,236.00045776367188,-226.68592834472656,33.165733337402344,-0.2908968195532462,0.9159854348485874,-0.16579838590852566,-0.0005969026041820607
14.603658437728882,236.00045776367188,-226.68592834472656,33.165733337402344,-0.2908968195532462,0.9159854348485874,-0.20810391529535538,-0.0006003932626860493
14.613402843475342,236.12681579589844,-226.72262573242188,33.166099548339844,-0.2908968195532462,0.915625416291497,-0.17415238729727417,-0.0011920598791121271
14.62360692024231,236.12681579589844,-226.72262573242188,33.166099548339844,-0.2908968195532462,0.915625416291497,-0.11881092154969114,-0.0011920598791121271
14.633909702301025,236.12681579589844,-226.72262573242188,33.166099548339844,-0.2908968195532462,0.915625416291497,-0.013045694329538046,-0.0006038839211900379
14.643529415130615,236.21047973632812,-226.74636840820312,33.16644287109375,-0.29089728560643696,0.915251776526315,0.016521068210390122,-1.3962634015954639e-05
14.653185367584229,236.21047973632812,-226.74636840820312,33.16644287109375,-0.29089728560643696,0.915251776526315,-0.023523587890710386,0.0011746065865921838
14.663788080215454,236.3359832763672,-226.78306579589844,33.16666030883789,-0.2908983841603866,0.9149144684089144,-0.13756063506261593,0.0011728612573401894
14.673826932907104,236.3359832763672,-226.78306579589844,33.16666030883789,-0.2908983841603866,0.9149144684089144,-0.05976076667718887,0.0011780972450961724
14.683366775512695,236.3359832763672,-226.78306579589844,33.16666030883789,-0.2908983841603866,0.9149144684089144,-0.0662408221504738,0.001176351915844178
14.69319486618042,236.46145629882812,-226.81866455078125,33.16697692871094,-0.2908983841603866,0.9145461518600334,-0.05938128978744968,0.0023649211364523163
14.703349351882935,236.46145629882812,-226.81866455078125,33.16697692871094,-0.2908983841603866,0.9145461518600334,-0.05215546470962959,0.002361430477948328
14.713363409042358,236.46145629882812,-226.81866455078125,33.16697692871094,-0.2908983841603866,0.9145461518600334,-0.17829587000953775,0.0023649211364523163
14.723352193832397,236.5878143310547,-226.85533142089844,33.16728591918945,-0.2908983841603866,0.9142012406642351,-0.2540247674180452,0.0023684117949563047
14.733234882354736,236.5878143310547,-226.85533142089844,33.16728591918945,-0.2908983841603866,0.9142012406642351,-0.23193606580055853,0.0011833332328521553
14.743438005447388,236.5878143310547,-226.85533142089844,33.16728591918945,-0.2908983841603866,0.9142012406642351,-0.2508073056848439,0.001176351915844178
14.753533124923706,236.71331787109375,-226.89093017578125,33.16757583618164,-0.2910001834930549,0.9138570032061779,-0.24940093506924105,0.001176351915844178
14.763384342193604,236.71331787109375,-226.89093017578125,33.16757583618164,-0.2910001834930549,0.9138570032061779,-0.24151132766444575,0.0017697638615222502
14.773731470108032,236.71331787109375,-226.89093017578125,33.16757583618164,-0.2910001834930549,0.9138570032061779,-0.25409049568760983,0.0017732545200262388
14.783572673797607,236.83880615234375,-226.92762756347656,33.1678466796875,-0.2910007161252729,0.9137743770630157,-0.4545576944524,0.0011798425743481666
14.793478965759277,236.83880615234375,-226.92762756347656,33.1678466796875,-0.2910007161252729,0.9137743770630157,-0.4080927314476452,-1.3962634015954639e-05
14.803581476211548,236.9224395751953,-226.9513397216797,33.1680908203125,-0.29100171481068166,0.9134533274626122,-0.37282295649630465,-0.001202531854624093
14.813334465026855,236.9224395751953,-226.9513397216797,33.1680908203125,-0.29100171481068166,0.9134533274626122,-0.29689989023161323,-0.0006038839211900379
14.823533058166504,236.9224395751953,-226.9513397216797,33.1680908203125,-0.29100171481068166,0.9134533274626122,-0.2292014920866139,-8.726646259971648e-06
14.833518028259277,237.04708862304688,-226.98806762695312,33.168209075927734,-0.2910022474428997,0.913430863953723,-0.3933624358929073,-0.0006021385919380437
14.843327045440674,237.04708862304688,-226.98806762695312,33.168209075927734,-0.2910022474428997,0.913430863953723,-0.45791905197242694,-0.0011938052083641214
14.853795528411865,237.04708862304688,-226.98806762695312,33.168209075927734,-0.2910022474428997,0.913430863953723,-0.4450836474625994,-0.002977531703902326
14.863348960876465,237.17254638671875,-227.0247344970703,33.168418884277344,-0.29090377706159404,0.9134030156587564,-0.2961507747932458,-0.002373647782712288
14.873515367507935,237.17254638671875,-227.0247344970703,33.168418884277344,-0.29090377706159404,0.9134030156587564,-0.15124747180546963,-0.0017767451785302274
14.8832848072052,237.17254638671875,-227.0247344970703,33.168418884277344,-0.29090377706159404,0.9134030156587564,-0.20840756677091113,8.726646259971648e-06
14.893562078475952,237.2946014404297,-227.06256103515625,33.168601989746094,-0.2909053749582481,0.9133957183876504,-0.3808262895332942,0.0006056292504420325
14.903622150421143,237.2946014404297,-227.06256103515625,33.168601989746094,-0.2909053749582481,0.9133957183876504,-0.5100490371987589,0.0012060225131280816
14.913552045822144,237.2946014404297,-227.06256103515625,33.168601989746094,-0.2909053749582481,0.9133957183876504,-0.42238458440726173,0.0006003932626860493
14.924175262451172,237.4166717529297,-227.1003875732422,33.168766021728516,-0.29090587430095244,0.9133805700282507,-0.27549928210664404,-0.0
14.933933734893799,237.4166717529297,-227.1003875732422,33.168766021728516,-0.29090587430095244,0.9133805700282507,-0.21806336892386027,0.0
14.943701267242432,237.49864196777344,-227.1263427734375,33.168907165527344,-0.29090690627587484,0.9133675148711071,-0.18504588406685682,0.0005951572749300664
14.953447818756104,237.49864196777344,-227.1263427734375,33.168907165527344,-0.29090690627587484,0.9133675148711071,-0.18598384500953125,0.0017924531417981766
14.963321924209595,237.49864196777344,-227.1263427734375,33.168907165527344,-0.29090690627587484,0.9133675148711071,-0.1596127911252109,0.0023858650874762485
14.973445177078247,237.61990356445312,-227.165283203125,33.16898727416992,-0.29100817297632514,0.9133675474771016,-0.21047807950668843,0.003581415625092364
14.983559370040894,237.61990356445312,-227.165283203125,33.16898727416992,-0.29100817297632514,0.9133675474771016,-0.15977512540849917,0.00477696616270848
14.99331259727478,237.61990356445312,-227.165283203125,33.16898727416992,-0.29100817297632514,0.9133675474771016,0.0676126199140334,0.00536514212063057
15.003577947616577,237.74197387695312,-227.203125,33.169105529785156,-0.29110930651872086,0.9133741772057645,0.002648244463973111,0.007751007208106817
15.013858079910278,237.74197387695312,-227.203125,33.169105529785156,-0.29110930651872086,0.9133741772057645,-0.17178343575005925,0.008347909812288877
15.023445129394531,237.74197387695312,-227.203125,33.169105529785156,-0.29110930651872086,0.9133741772057645,-0.16614409039135122,0.00834441915378489
15.033756732940674,237.8640594482422,-227.24093627929688,33.169193267822266,-0.29141024372189983,0.9134292980960776,-0.2284190095144307,0.007747516549602829
15.04366421699524,237.8640594482422,-227.24093627929688,33.169193267822266,-0.29141024372189983,0.9134292980960776,-0.18663215673452638,0.007152359274672763
15.053701639175415,237.8640594482422,-227.24093627929688,33.169193267822266,-0.29141024372189983,0.9134292980960776,7.288115733389278e-06,0.008346164483036883
15.063536167144775,237.9861297607422,-227.27989196777344,33.16923904418945,-0.2916110460680918,0.913470141206044,-0.13179469631017343,0.00834441915378489
15.073661088943481,237.9861297607422,-227.27989196777344,33.16923904418945,-0.2916110460680918,0.913470141206044,-0.2099560593043907,0.01072679358275715
15.08348298072815,237.9861297607422,-227.27989196777344,33.16923904418945,-0.2916110460680918,0.913470141206044,-0.2841390399055357,0.010719812265749171
15.093536615371704,238.0672149658203,-227.3047637939453,33.16924285888672,-0.2918129136787198,0.9135591348715596,-0.24724207095711834,0.012507029419791366
15.104192733764648,238.0672149658203,-227.3047637939453,33.16924285888672,-0.2918129136787198,0.9135591348715596,-0.26123219733077174,0.011910126815609304
15.113441228866577,238.18931579589844,-227.34259033203125,33.16920471191406,-0.29221348639618133,0.9137037058595376,-0.250032307438925,0.011313224211427244
15.12350082397461,238.18931579589844,-227.34259033203125,33.16920471191406,-0.29221348639618133,0.9137037058595376,-0.24190683365884624,0.011910126815609304
15.13368010520935,238.18931579589844,-227.34259033203125,33.16920471191406,-0.29221348639618133,0.9137037058595376,-0.21962924275260146,0.012501793432035382
15.143407583236694,238.3130645751953,-227.3793182373047,33.16914367675781,-0.29251445688887395,0.9138581139860769,-0.2558800268177727,0.011896164181593349
15.153706789016724,238.3130645751953,-227.3793182373047,33.16914367675781,-0.29251445688887395,0.9138581139860769,-0.2511615233609149,0.011901400169349333
15.163435220718384,238.3130645751953,-227.3793182373047,33.16914367675781,-0.29251445688887395,0.9138581139860769,-0.22692132996126202,0.011903145498601329
15.173455715179443,238.4368438720703,-227.4149169921875,33.1690559387207,-0.292915961712717,0.9140052254782562,-0.21033781861322126,0.012498302773531393
15.18368673324585,238.4368438720703,-227.4149169921875,33.1690559387207,-0.292915961712717,0.9140052254782562,-0.11646774782434106,0.01428726525682558
15.193584442138672,238.4368438720703,-227.4149169921875,33.1690559387207,-0.292915961712717,0.9140052254782562,-0.34948213826832253,0.01547583447743372
15.203871488571167,238.5606231689453,-227.45159912109375,33.168941497802734,-0.29331656771969217,0.9141498752421024,-0.22865789462315372,0.01666963968579784
15.213614463806152,238.5606231689453,-227.45159912109375,33.168941497802734,-0.29331656771969217,0.9141498752421024,-0.17919879067852096,0.0172665422899799
15.223612785339355,238.5606231689453,-227.45159912109375,33.168941497802734,-0.29331656771969217,0.9141498752421024,-0.3088933834090154,0.017859954235657977
15.233763933181763,238.6433868408203,-227.47537231445312,33.16879653930664,-0.2936180042655755,0.914302868866753,-0.25779586712740193,0.01725781564371993
15.243468046188354,238.6433868408203,-227.47537231445312,33.16879653930664,-0.2936180042655755,0.914302868866753,-0.38668672981839963,0.017861699564909968
15.254149198532104,238.7671661376953,-227.5120391845703,33.16867446899414,-0.2942193460397154,0.9144230062738598,-0.3102316489555227,0.01845162085208405
15.263468503952026,238.7671661376953,-227.5120391845703,33.16867446899414,-0.2942193460397154,0.9144230062738598,-0.2122630092354158,0.02023360201837026
15.273730754852295,238.7671661376953,-227.5120391845703,33.16867446899414,-0.2942193460397154,0.9144230062738598,-0.21167581748597775,0.02202256450166445
15.283524513244629,238.8909149169922,-227.54766845703125,33.168495178222656,-0.29482018847115093,0.9145661870273063,-0.19989392421662874,0.024406684259888706
15.293785572052002,238.8909149169922,-227.54766845703125,33.168495178222656,-0.29482018847115093,0.9145661870273063,-0.2246264809572159,0.026190410755426906
15.303527593612671,238.8909149169922,-227.54766845703125,33.168495178222656,-0.29482018847115093,0.9145661870273063,-0.2857740210055645,0.027380725305287044
15.313934803009033,239.01382446289062,-227.5843963623047,33.168296813964844,-0.2956212340375331,0.9147031554633782,-0.24764663728025305,0.027970646592461127
15.323500156402588,239.01382446289062,-227.5843963623047,33.168296813964844,-0.2956212340375331,0.9147031554633782,-0.2453102925513206,0.029763099734259304
15.333609819412231,239.01382446289062,-227.5843963623047,33.168296813964844,-0.2956212340375331,0.9147031554633782,-0.36025888679860096,0.031560788863813465
15.343597650527954,239.13673400878906,-227.6199951171875,33.168087005615234,-0.2964227789466197,0.9148300761607686,-0.2959761097216932,0.03274586742591761
15.353700637817383,239.13673400878906,-227.6199951171875,33.168087005615234,-0.2964227789466197,0.9148300761607686,-0.22019214476302623,0.0351195152086299
15.363915920257568,239.13673400878906,-227.6199951171875,33.168087005615234,-0.2964227789466197,0.9148300761607686,-0.40478819857540493,0.0369032417041681
15.373474836349487,239.2596435546875,-227.65562438964844,33.1678581237793,-0.29752379632028575,0.9149497417072274,-0.43414292176959934,0.03808482960776827
15.383766412734985,239.2596435546875,-227.65562438964844,33.1678581237793,-0.29752379632028575,0.9149497417072274,-0.42922096058514203,0.03867475089494235
15.393761396408081,239.34158325195312,-227.6804656982422,33.16761779785156,-0.29832487517618156,0.9150786399573811,-0.5612574489037798,0.04047069469524451
15.403650760650635,239.34158325195312,-227.6804656982422,33.16761779785156,-0.29832487517618156,0.9150786399573811,-0.3398230982756456,0.04046545870748853
15.414108037948608,239.34158325195312,-227.6804656982422,33.16761779785156,-0.29832487517618156,0.9150786399573811,-0.38674265431535504,0.04165228259884467
15.424411058425903,239.46446228027344,-227.71609497070312,33.16744613647461,-0.2995259608278073,0.9151901743017061,-0.4182755618748078,0.0428443424779568
15.433709383010864,239.46446228027344,-227.71609497070312,33.16744613647461,-0.2995259608278073,0.9151901743017061,-0.3869666103902976,0.04402942104006095
15.443825244903564,239.46446228027344,-227.71609497070312,33.16744613647461,-0.2995259608278073,0.9151901743017061,-0.4762848263989491,0.04523195289468505
15.453611373901367,239.58653259277344,-227.7528533935547,33.167198181152344,-0.30082771396863806,0.9152873381293097,-0.4759819962853078,0.047036623341247176
15.463562726974487,239.58653259277344,-227.7528533935547,33.167198181152344,-0.30082771396863806,0.9152873381293097,-0.3408240241581147,0.0482321738788633
15.47351622581482,239.58653259277344,-227.7528533935547,33.167198181152344,-0.30082771396863806,0.9152873381293097,-0.2451031602174085,0.049415507111715454
15.483747959136963,239.70947265625,-227.78961181640625,33.16693878173828,-0.30232867155900667,0.9153736033141221,-0.49189897897393986,0.05120796025351364
15.493644952774048,239.70947265625,-227.78961181640625,33.16693878173828,-0.30232867155900667,0.9153736033141221,-0.5914081065862714,0.0512166868997736
15.50374150276184,239.70947265625,-227.78961181640625,33.16693878173828,-0.30232867155900667,0.9153736033141221,-0.6846183051244378,0.05122366821678158
15.513651132583618,239.79052734375,-227.81333923339844,33.16667556762695,-0.3033305527610945,0.9154785352257047,-0.7325205441427195,0.05242794540065766
15.523472309112549,239.79052734375,-227.81333923339844,33.16667556762695,-0.3033305527610945,0.9154785352257047,-0.58719861958112,0.05182406147946762
15.533634662628174,239.91259765625,-227.85009765625,33.16650390625,-0.30493161191893653,0.9155525509281439,-0.4931906789969738,0.05181358950395567
15.543638706207275,239.91259765625,-227.85009765625,33.16650390625,-0.30493161191893653,0.9155525509281439,-0.5979272496560951,0.05360604264575384
15.554523229598999,239.91259765625,-227.85009765625,33.16650390625,-0.30493161191893653,0.9155525509281439,-0.7370108025373457,0.05361302396276182
15.56358003616333,240.03463745117188,-227.887939453125,33.16624069213867,-0.30643303556249596,0.9156219157620696,-0.6831006551340862,0.053620005279769796
15.574032068252563,240.03463745117188,-227.887939453125,33.16624069213867,-0.30643303556249596,0.9156219157620696,-0.6499078316839376,0.052424454742153674
15.583747863769531,240.03463745117188,-227.887939453125,33.16624069213867,-0.30643303556249596,0.9156219157620696,-0.6613627551499522,0.05182231615021563
15.593664169311523,240.15586853027344,-227.9246826171875,33.16594314575195,-0.3080346939315832,0.9158996968018857,-0.4554812627985181,0.053620005279769796
15.60370922088623,240.15586853027344,-227.9246826171875,33.16594314575195,-0.3080346939315832,0.9158996968018857,-0.4802347102903452,0.05541420375081996
15.613719940185547,240.15586853027344,-227.9246826171875,33.16594314575195,-0.3080346939315832,0.9158996968018857,-0.5231165813272417,0.05600412503799405
15.623949766159058,240.27703857421875,-227.96255493164062,33.1656494140625,-0.3097358879464122,0.9161777473548324,-0.5839695564001159,0.05600587036724603
15.633744478225708,240.27703857421875,-227.96255493164062,33.1656494140625,-0.3097358879464122,0.9161777473548324,-0.6515247042003064,0.05541420375081996
15.643800020217896,240.27703857421875,-227.96255493164062,33.1656494140625,-0.3097358879464122,0.9161777473548324,-0.5692117369082224,0.055419439738575944
15.653806924819946,240.39830017089844,-228.00045776367188,33.165367126464844,-0.31133648105106343,0.9164767947993976,-0.5047443501763598,0.05482777312214987
15.663756370544434,240.39830017089844,-228.00045776367188,33.165367126464844,-0.31133648105106343,0.9164767947993976,-0.45956345131571896,0.05541420375081996
15.67380142211914,240.39830017089844,-228.00045776367188,33.165367126464844,-0.31133648105106343,0.9164767947993976,-0.5698633202110172,0.0566027729714281
15.68363070487976,240.47938537597656,-228.02645874023438,33.16509246826172,-0.3124379644779202,0.9167570838208002,-0.5783233957893193,0.0566045183006801
15.694291830062866,240.47938537597656,-228.02645874023438,33.16509246826172,-0.3124379644779202,0.9167570838208002,-0.6435985473034885,0.05601285168425401
15.703913450241089,240.59976196289062,-228.0642852783203,33.16490173339844,-0.31413865915004485,0.9170429092509527,-0.5877019949926572,0.055421185067827936
15.713622570037842,240.59976196289062,-228.0642852783203,33.16490173339844,-0.31413865915004485,0.9170429092509527,-0.4290952300691818,0.05481381048813391
15.723654985427856,240.59976196289062,-228.0642852783203,33.16490173339844,-0.31413865915004485,0.9170429092509527,-0.4116309955845646,0.05540896776306398
15.733752965927124,240.72100830078125,-228.10325622558594,33.16463088989258,-0.31583985316487384,0.9173290565062168,-0.35432118272092894,0.05600412503799405
15.743513345718384,240.72100830078125,-228.10325622558594,33.16463088989258,-0.31583985316487384,0.9173290565062168,-0.3292173198268514,0.056608008959184074
15.753730773925781,240.72100830078125,-228.10325622558594,33.16463088989258,-0.31583985316487384,0.9173290565062168,-0.25059418904567754,0.05719967557561016
15.763876914978027,240.84222412109375,-228.14227294921875,33.16436767578125,-0.31754111375873006,0.9175772856250568,-0.25913195346625717,0.05778959686278425
15.773882627487183,240.84222412109375,-228.14227294921875,33.16436767578125,-0.31754111375873006,0.9175772856250568,-0.22072959514214643,0.05897816608339238
15.78386378288269,240.84222412109375,-228.14227294921875,33.16436767578125,-0.31754111375873006,0.9175772856250568,-0.23524889999060755,0.05837777282070633
15.793830156326294,240.96348571777344,-228.18124389648438,33.16411209106445,-0.31924180843085465,0.9178588103863675,-0.25028050129170243,0.060168480633252516
15.8037588596344,240.96348571777344,-228.18124389648438,33.16411209106445,-0.31924180843085465,0.9178588103863675,-0.20992064895902102,0.061960933775050686
15.813974142074585,240.96348571777344,-228.18124389648438,33.16411209106445,-0.31924180843085465,0.9178588103863675,-0.25064669733222683,0.06314601233715485
15.824217319488525,241.04373168945312,-228.20726013183594,33.163883209228516,-0.3204423614502624,0.918134708232174,-0.21198377052290518,0.06373593362432893
15.834188222885132,241.04373168945312,-228.20726013183594,33.163883209228516,-0.3204423614502624,0.918134708232174,-0.22003554948119758,0.06671521065748323
15.843840599060059,241.16497802734375,-228.24620056152344,33.16373062133789,-0.3224439600360523,0.9183884134780961,-0.3091535147578223,0.06731560392016929
15.854355096817017,241.16497802734375,-228.24620056152344,33.16373062133789,-0.3224439600360523,0.9183884134780961,-0.3322849803185367,0.06850766379928142
15.863924026489258,241.16497802734375,-228.24620056152344,33.16373062133789,-0.3224439600360523,0.9183884134780961,-0.3528396693021526,0.0690993304157075
15.873941421508789,241.2870635986328,-228.28518676757812,33.16351318359375,-0.32444446006789257,0.9186327442752993,-0.3992632139229674,0.07028440897781166
15.883796453475952,241.2870635986328,-228.28518676757812,33.16351318359375,-0.32444446006789257,0.9186327442752993,-0.4293250330697512,0.07027742766080368
15.894043445587158,241.2870635986328,-228.28518676757812,33.16351318359375,-0.32444446006789257,0.9186327442752993,-0.4082836847685191,0.07206988080260185
15.90399956703186,241.41082763671875,-228.32305908203125,33.16331481933594,-0.3265456941679651,0.9188682836370841,-0.4401967511871133,0.07266503807753191
15.913726091384888,241.41082763671875,-228.32305908203125,33.16331481933594,-0.3265456941679651,0.9188682836370841,-0.570255056302492,0.07445400056082611
15.923903942108154,241.41082763671875,-228.32305908203125,33.16331481933594,-0.3265456941679651,0.9188682836370841,-0.550053977976577,0.07504392184800018
15.934149026870728,241.5337677001953,-228.3609161376953,33.16313552856445,-0.3288466986393072,0.9190939611229894,-0.4553111159493156,0.07444352858531413
15.943641901016235,241.5337677001953,-228.3609161376953,33.16313552856445,-0.3288466986393072,0.9190939611229894,-0.3575935370412325,0.07504566717725218
15.95400857925415,241.6156768798828,-228.38580322265625,33.16297912597656,-0.3303470570184306,0.9193308463275393,-0.30284695718895405,0.07564256978143423
15.964074611663818,241.6156768798828,-228.38580322265625,33.16297912597656,-0.3303470570184306,0.9193308463275393,-0.3734870918394947,0.07743153226472842
15.973762512207031,241.6156768798828,-228.38580322265625,33.16297912597656,-0.3303470570184306,0.9193308463275393,-0.4166202498627366,0.0780266895396585
15.983737468719482,241.7386016845703,-228.4247589111328,33.16288375854492,-0.3326480947792863,0.9195747837647841,-0.4748355009537476,0.07861486549758058
15.99361801147461,241.7386016845703,-228.4247589111328,33.16288375854492,-0.3326480947792863,0.9195747837647841,-0.5096588852778415,0.07921176810176264
16.003913402557373,241.7386016845703,-228.4247589111328,33.16288375854492,-0.3326480947792863,0.9195747837647841,-0.4244212162287071,0.07861835615608458
16.013757467269897,241.86241149902344,-228.4637451171875,33.16276168823242,-0.33494903267160114,0.9197935735956724,-0.3687104499195137,0.07861661082683258
16.02393126487732,241.86241149902344,-228.4637451171875,33.16276168823242,-0.33494903267160114,0.9197935735956724,-0.36978109993501784,0.08040731863937876
16.03393793106079,241.86241149902344,-228.4637451171875,33.16276168823242,-0.33494903267160114,0.9197935735956724,-0.4279746668014971,0.07862010148533656
16.04367971420288,241.9853515625,-228.50271606445312,33.16266632080078,-0.3373495394991713,0.920029123721122,-0.43341090747767896,0.07981390669370068
16.053966760635376,241.9853515625,-228.50271606445312,33.16266632080078,-0.3373495394991713,0.920029123721122,-0.315337684174232,0.07980518004744072
16.06371235847473,241.9853515625,-228.50271606445312,33.16266632080078,-0.3373495394991713,0.920029123721122,-0.42691618318505165,0.08040382798087477
16.073930263519287,242.109130859375,-228.54165649414062,33.162593841552734,-0.33975121145971837,0.920251012414431,-0.5386503042498482,0.07981739735220468
16.08397364616394,242.109130859375,-228.54165649414062,33.162593841552734,-0.33975121145971837,0.920251012414431,-0.500672115478452,0.07862359214384057
16.09371328353882,242.109130859375,-228.54165649414062,33.162593841552734,-0.33975121145971837,0.920251012414431,-0.4574964105886985,0.07981565202295268
16.10433006286621,242.2329559326172,-228.581787109375,33.16254806518555,-0.3421512522340978,0.9204913277808282,-0.5335964714770347,0.07981739735220468
16.114110231399536,242.2329559326172,-228.581787109375,33.16254806518555,-0.3421512522340978,0.9204913277808282,-0.7097728292558062,0.07803192552741448
16.123843908309937,242.31405639648438,-228.60885620117188,33.16253662109375,-0.34375284402415784,0.9207646416864059,-0.7227620994251097,0.07744025891098841
16.133864641189575,242.31405639648438,-228.60885620117188,33.16253662109375,-0.34375284402415784,0.9207646416864059,-0.580471048053503,0.07564955109844221
16.143896341323853,242.31405639648438,-228.60885620117188,33.16253662109375,-0.34375284402415784,0.9207646416864059,-0.5325446570918536,0.07504915783575616
16.154349327087402,242.43617248535156,-228.6511688232422,33.162532806396484,-0.34595311442726767,0.9210024352000764,-0.46809244058254695,0.07564082445218225
16.163731336593628,242.43617248535156,-228.6511688232422,33.162532806396484,-0.34595311442726767,0.9210024352000764,-0.5493094595144574,0.07683462966054637
16.17417335510254,242.43617248535156,-228.6511688232422,33.162532806396484,-0.34595311442726767,0.9210024352000764,-0.5338982665761378,0.07624470837337229
16.1842041015625,242.5582733154297,-228.69461059570312,33.16253662109375,-0.34825401903006886,0.9212550397121788,-0.6613999898825965,0.0744505099023221
16.194485902786255,242.5582733154297,-228.69461059570312,33.16253662109375,-0.34825401903006886,0.9212550397121788,-0.6072849088253736,0.0744557458900781
16.20463466644287,242.5582733154297,-228.69461059570312,33.16253662109375,-0.34825401903006886,0.9212550397121788,-0.48265228102659363,0.07267027406528791
16.214381456375122,242.68040466308594,-228.73802185058594,33.162513732910156,-0.3504554545661556,0.9215144573278015,-0.4522783556173619,0.07327241265722594
16.223769903182983,242.68040466308594,-228.73802185058594,33.162513732910156,-0.3504554545661556,0.9215144573278015,-0.46167423878519676,0.07327764864498193
16.234532356262207,242.68040466308594,-228.73802185058594,33.162513732910156,-0.3504554545661556,0.9215144573278015,-0.5904331270021458,0.07388153256617197
16.24421763420105,242.8025360107422,-228.78143310546875,33.1624641418457,-0.35265572496926545,0.9217579903830919,-0.5670742114497223,0.07388502322467595
16.253785371780396,242.8025360107422,-228.78143310546875,33.1624641418457,-0.35265572496926545,0.9217579903830919,-0.495544969500881,0.07268772735780785
16.263984441757202,242.8025360107422,-228.78143310546875,33.1624641418457,-0.35265572496926545,0.9217579903830919,-0.5228980855394788,0.07269296334556383
16.274009943008423,242.884521484375,-228.81076049804688,33.16239929199219,-0.3541571819023385,0.922025424594817,-0.42488245377150796,0.07269819933331981
16.284537315368652,242.884521484375,-228.81076049804688,33.16239929199219,-0.3541571819023385,0.922025424594817,-0.45907329939943564,0.07209955139988576
16.294294357299805,243.0066375732422,-228.85415649414062,33.16232681274414,-0.35635755217398923,0.9222852246342996,-0.5654326315902707,0.07269819933331981
16.304185152053833,243.0066375732422,-228.85415649414062,33.16232681274414,-0.35635755217398923,0.9222852246342996,-0.5280859449898576,0.07269296334556383
16.31389832496643,243.0066375732422,-228.85415649414062,33.16232681274414,-0.35635755217398923,0.9222852246342996,-0.4436709881817854,0.07269121801631183
16.323954105377197,243.12879943847656,-228.89979553222656,33.162227630615234,-0.3584587196950345,0.9225658850609189,-0.3885783078130127,0.07209082475362577
16.3350830078125,243.12879943847656,-228.89979553222656,33.162227630615234,-0.3584587196950345,0.9225658850609189,-0.39133141631515556,0.07090400086226964
16.343711614608765,243.12879943847656,-228.89979553222656,33.162227630615234,-0.3584587196950345,0.9225658850609189,-0.4178343712235555,0.07209955139988576
16.354302167892456,243.25177001953125,-228.94430541992188,33.16210174560547,-0.360659556019876,0.9228035013667129,-0.3908620389842036,0.07210129672913775
16.364173412322998,243.25177001953125,-228.94430541992188,33.16210174560547,-0.360659556019876,0.9228035013667129,-0.31242161740025665,0.0726999446625718
16.37377691268921,243.25177001953125,-228.94430541992188,33.16210174560547,-0.360659556019876,0.9228035013667129,-0.24444095160906243,0.07329335660824987
16.38411831855774,243.3739013671875,-228.989990234375,33.16196060180664,-0.36276022419821685,0.9230506519952427,-0.34927302502023505,0.07210129672913775
16.394234657287598,243.3739013671875,-228.989990234375,33.16196060180664,-0.36276022419821685,0.9230506519952427,-0.4838230727298729,0.07269645400406781
16.404441833496094,243.3739013671875,-228.989990234375,33.16196060180664,-0.36276022419821685,0.9230506519952427,-0.46825322525031055,0.0715061394542077
16.41434097290039,243.4969024658203,-229.03561401367188,33.16181182861328,-0.3649605278908403,0.9232585097427052,-0.3899531234942245,0.0715061394542077
16.424270391464233,243.4969024658203,-229.03561401367188,33.16181182861328,-0.3649605278908403,0.9232585097427052,-0.4562478727647198,0.06971194098315751
16.434107542037964,243.5789031982422,-229.06602478027344,33.16164779663086,-0.3663613173347084,0.9234815689163324,-0.47640153827746456,0.06971019565390552
16.444064617156982,243.5789031982422,-229.06602478027344,33.16164779663086,-0.3663613173347084,0.9234815689163324,-0.368341742389805,0.06791599718285535
16.45386791229248,243.5789031982422,-229.06602478027344,33.16164779663086,-0.3663613173347084,0.9234815689163324,-0.4333818074740166,0.06731909457867329
16.46379590034485,243.70188903808594,-229.1116943359375,33.16151428222656,-0.3684620520920765,0.923699702548095,-0.3617540438140618,0.06791774251210733
16.473920583724976,243.70188903808594,-229.1116943359375,33.16151428222656,-0.3684620520920765,0.923699702548095,-0.30567473067150325,0.06613052535806514
16.483835220336914,243.70188903808594,-229.1116943359375,33.16151428222656,-0.3684620520920765,0.923699702548095,-0.3627628318080336,0.06613227068731714
16.493831634521484,243.82489013671875,-229.15843200683594,33.16133117675781,-0.37046315133516206,0.923930108039811,-0.33059385229569477,0.06672393730374321
16.504130125045776,243.82489013671875,-229.15843200683594,33.16133117675781,-0.37046315133516206,0.923930108039811,-0.35605760843476353,0.06613052535806514
16.513963222503662,243.82489013671875,-229.15843200683594,33.16133117675781,-0.37046315133516206,0.923930108039811,-0.3029976450745209,0.06434156287477097
16.523930072784424,243.94790649414062,-229.2051544189453,33.161128997802734,-0.3723641157212606,0.9241289661445503,-0.42948749807932646,0.06434330820402295
16.53415036201477,243.94790649414062,-229.2051544189453,33.161128997802734,-0.3723641157212606,0.9241289661445503,-0.37750178418681624,0.06375164158759687
16.544106245040894,243.94790649414062,-229.2051544189453,33.161128997802734,-0.3723641157212606,0.9241289661445503,-0.2635570453362822,0.06254910973297279
16.554197072982788,244.07090759277344,-229.25189208984375,33.160919189453125,-0.3742639815534095,0.9243454987196918,-0.3311613749215657,0.06195046179953873
16.564105987548828,244.07090759277344,-229.25189208984375,33.160919189453125,-0.3742639815534095,0.9243454987196918,-0.28990902601861523,0.06135704985386065
16.574262380599976,244.1529083251953,-229.28341674804688,33.160709381103516,-0.3755657014047266,0.9245745182588475,-0.38436779362455764,0.061960933775050686
16.583858728408813,244.1529083251953,-229.28341674804688,33.160709381103516,-0.3755657014047266,0.9245745182588475,-0.2530329364223679,0.061962679104302684
16.594310522079468,244.1529083251953,-229.28341674804688,33.160709381103516,-0.3755657014047266,0.9245745182588475,-0.33271721015754907,0.06136752182937262
16.603821516036987,244.27679443359375,-229.33126831054688,33.16054916381836,-0.37736543237988857,0.924794788238041,-0.3448001506041637,0.06077061922519056
16.613977193832397,244.27679443359375,-229.33126831054688,33.16054916381836,-0.37736543237988857,0.924794788238041,-0.23765471967910626,0.0589764207541404
16.62378168106079,244.27679443359375,-229.33126831054688,33.16054916381836,-0.37736543237988857,0.924794788238041,-0.3366455216571227,0.05897467542488839
16.633914470672607,244.40066528320312,-229.37911987304688,33.16031265258789,-0.3791668611202454,0.9249916980976964,-0.3328383148505239,0.05778261554577627
16.644213914871216,244.40066528320312,-229.37911987304688,33.16031265258789,-0.3791668611202454,0.9249916980976964,-0.38297031100848833,0.05659404632516813
16.654109239578247,244.40066528320312,-229.37911987304688,33.16031265258789,-0.3791668611202454,0.9249916980976964,-0.3538450013185186,0.05600412503799405
16.66389036178589,244.523681640625,-229.4269256591797,33.160072326660156,-0.38086802184556073,0.9251984279963522,-0.32246272247922414,0.05421167189619587
16.674014568328857,244.523681640625,-229.4269256591797,33.160072326660156,-0.38086802184556073,0.9251984279963522,-0.3604597429132993,0.05302833866334371
16.684693574905396,244.523681640625,-229.4269256591797,33.160072326660156,-0.38086802184556073,0.9251984279963522,-0.24670609881005373,0.0530318293218477
16.69407057762146,244.60653686523438,-229.45956420898438,33.15984344482422,-0.3819684400079815,0.9254081036015879,-0.2695840605143255,0.05302833866334371
16.704015970230103,244.60653686523438,-229.45956420898438,33.15984344482422,-0.3819684400079815,0.9254081036015879,-0.24793114050233706,0.052424454742153674
16.713757514953613,244.73040771484375,-229.5074005126953,33.159664154052734,-0.38356903311263274,0.9256235949604757,-0.5030977787670452,0.04943994172124337
16.72383737564087,244.73040771484375,-229.5074005126953,33.159664154052734,-0.38356903311263274,0.9256235949604757,-0.5584567173070942,0.04765970588420916
16.73418116569519,244.73040771484375,-229.5074005126953,33.159664154052734,-0.38356903311263274,0.9256235949604757,-0.35511160425633287,0.04587248873016696
16.743736028671265,244.85430908203125,-229.55636596679688,33.159420013427734,-0.38496925663476916,0.9258344762433469,-0.39176013789629904,0.04467693819255085
16.75397276878357,244.85430908203125,-229.55636596679688,33.159420013427734,-0.38496925663476916,0.9258344762433469,-0.3051099876870333,0.04347964232568274
16.76386308670044,244.85430908203125,-229.55636596679688,33.159420013427734,-0.38496925663476916,0.9258344762433469,-0.29861760868292136,0.043472661008674765
16.774015426635742,244.97817993164062,-229.6053009033203,33.1591682434082,-0.3862700110901911,0.9260396807966298,-0.43547753044051507,0.042887975709256655
16.783737182617188,244.97817993164062,-229.6053009033203,33.1591682434082,-0.3862700110901911,0.9260396807966298,-0.4209284586760074,0.04229805442208258
16.793782234191895,244.97817993164062,-229.6053009033203,33.1591682434082,-0.3862700110901911,0.9260396807966298,-0.32985601465537817,0.0405056012802844
16.803820848464966,245.10122680664062,-229.6542510986328,33.15891647338867,-0.38757116501977656,0.9262329899979225,-0.09984112241502785,0.03929608810865233
16.81402826309204,245.10122680664062,-229.6542510986328,33.15891647338867,-0.38757116501977656,0.9262329899979225,-0.19707356498425133,0.03929608810865233
16.824155807495117,245.10122680664062,-229.6542510986328,33.15891647338867,-0.38757116501977656,0.9262329899979225,-0.3114763007502934,0.03990869867610234
16.83418846130371,245.18409729003906,-229.6868896484375,33.15867233276367,-0.3883717112434544,0.9264481443478282,-0.3664524611702993,0.038126717509816124
16.84389901161194,245.18409729003906,-229.6868896484375,33.15867233276367,-0.3883717112434544,0.9264481443478282,-0.44703567794600507,0.03813195349757211
16.853935718536377,245.3079833984375,-229.7357940673828,33.158504486083984,-0.3894720628268479,0.9266353866272506,-0.20034338370749258,0.03693640295995599
16.8639554977417,245.3079833984375,-229.7357940673828,33.158504486083984,-0.3894720628268479,0.9266353866272506,-0.17646036269999363,0.03633426436801795
16.87409257888794,245.3079833984375,-229.7357940673828,33.158504486083984,-0.3894720628268479,0.9266353866272506,-0.2624804102216036,0.03693640295995599
16.883881330490112,245.43186950683594,-229.7836456298828,33.15825271606445,-0.39057304691100025,0.9268333595086008,-0.38893420037246057,0.03575132439785184
16.89375948905945,245.43186950683594,-229.7836456298828,33.15825271606445,-0.39057304691100025,0.9268333595086008,-0.48779012547052086,0.03516663909843375
16.903934001922607,245.43186950683594,-229.7836456298828,33.15825271606445,-0.39057304691100025,0.9268333595086008,-0.32032919201289783,0.033967597902313636
16.91388750076294,245.5557403564453,-229.8314666748047,33.15800476074219,-0.39167296573071664,0.9270398792136386,-0.3817938126972349,0.031579987485585395
16.924358367919922,245.5557403564453,-229.8314666748047,33.15800476074219,-0.39167296573071664,0.9270398792136386,-0.4631503526862188,0.030401890240489227
16.93433713912964,245.5557403564453,-229.8314666748047,33.15800476074219,-0.39167296573071664,0.9270398792136386,-0.4486547847436637,0.02862165440345501
16.94387912750244,245.67962646484375,-229.8782196044922,33.157772064208984,-0.39257411286457217,0.9272324487004981,-0.4342476180096252,0.028023006470020952
16.954056978225708,245.67962646484375,-229.8782196044922,33.157772064208984,-0.39257411286457217,0.9272324487004981,-0.3990761456999139,0.025630160065536728
16.964393615722656,245.67962646484375,-229.8782196044922,33.157772064208984,-0.39257411286457217,0.9272324487004981,-0.4022687237214938,0.024434609527920613
16.973989725112915,245.76248168945312,-229.90969848632812,33.15753936767578,-0.3930742878068027,0.9274283823974447,-0.4713079044618633,0.02265611902013839
16.984219074249268,245.76248168945312,-229.90969848632812,33.15753936767578,-0.3930742878068027,0.9274283823974447,-0.4452488512207636,0.019682077974740052
16.994275331497192,245.88638305664062,-229.95751953125,33.157379150390625,-0.39377526509522515,0.9276057103299504,-0.4219035513854563,0.01848827276637593
17.003973960876465,245.88638305664062,-229.95751953125,33.157379150390625,-0.39377526509522515,0.9276057103299504,-0.27347587034375687,0.016692328966073765
17.01436495780945,245.88638305664062,-229.95751953125,33.157379150390625,-0.39377526509522515,0.9276057103299504,-0.17368271420328285,0.015498523757709645
17.024096488952637,246.00938415527344,-230.00537109375,33.15715026855469,-0.3942759393801601,0.9278006644443786,-0.2900330013946606,0.014316935854109484
17.0342435836792,246.00938415527344,-230.00537109375,33.15715026855469,-0.3942759393801601,0.9278006644443786,-0.20043011332542157,0.01313360262125733
17.044069051742554,246.00938415527344,-230.00537109375,33.15715026855469,-0.3942759393801601,0.9278006644443786,-0.1622994230038769,0.011943288071397197
17.054540634155273,246.1332550048828,-230.0531768798828,33.15694046020508,-0.394575811318903,0.927993999186452,-0.1731061607630203,0.011341149479459155
17.06415629386902,246.1332550048828,-230.0531768798828,33.15694046020508,-0.394575811318903,0.927993999186452,-0.18205369209031835,0.010740756216773102
17.07449698448181,246.1332550048828,-230.0531768798828,33.15694046020508,-0.394575811318903,0.927993999186452,-0.18528115254309735,0.010145598941843038
17.084454774856567,246.2571563720703,-230.10208129882812,33.1567268371582,-0.39497691666858253,0.9281901981556311,-0.2655150002137689,0.008958775050486893
17.094006538391113,246.2571563720703,-230.10208129882812,33.1567268371582,-0.39497691666858253,0.9281901981556311,-0.11879002776199149,0.008958775050486893
17.104490518569946,246.2571563720703,-230.10208129882812,33.1567268371582,-0.39497691666858253,0.9281901981556311,-0.1378591334696858,0.00835663645854885
17.114137887954712,246.33917236328125,-230.1335906982422,33.15653610229492,-0.3950775175787603,0.9283838055771754,-0.06633546893068262,0.007754497866610806
17.12422251701355,246.33917236328125,-230.1335906982422,33.15653610229492,-0.3950775175787603,0.9283838055771754,-0.11644333863960751,0.008943067087218945
17.134225368499756,246.46307373046875,-230.18251037597656,33.15640640258789,-0.3953779554392349,0.9285535611768299,-0.16489343376398105,0.008951793733478916
17.144131898880005,246.46307373046875,-230.18251037597656,33.15640640258789,-0.3953779554392349,0.9285535611768299,-0.1019937229751389,0.008950048404226923
17.154260873794556,246.46307373046875,-230.18251037597656,33.15640640258789,-0.3953779554392349,0.9285535611768299,-0.11012927707645387,0.010136872295583067
17.16426396369934,246.5861053466797,-230.23255920410156,33.156227111816406,-0.3955776592314772,0.928707689360714,-0.07709123035273392,0.0101264003200711
17.174319982528687,246.5861053466797,-230.23255920410156,33.156227111816406,-0.3955776592314772,0.928707689360714,-0.08526514689126179,0.010707594960985212
17.18414306640625,246.5861053466797,-230.23255920410156,33.156227111816406,-0.3955776592314772,0.928707689360714,-0.07716766164617102,0.01069886831472524
17.194129705429077,246.70919799804688,-230.2825927734375,33.15606689453125,-0.39587699853800207,0.9285138001166787,-0.13922321437242471,0.010693632326969257
17.203994274139404,246.70919799804688,-230.2825927734375,33.15606689453125,-0.39587699853800207,0.9285138001166787,-0.22453472503955982,0.008902924514423075
17.214061498641968,246.70919799804688,-230.2825927734375,33.15606689453125,-0.39587699853800207,0.9285138001166787,-0.23231841961965818,0.006538003377970758
17.224261045455933,246.83309936523438,-230.33261108398438,33.155948638916016,-0.3961785349524263,0.9279594532360317,-0.1348950465095419,0.007148868616168775
17.234374523162842,246.83309936523438,-230.33261108398438,33.155948638916016,-0.3961785349524263,0.9279594532360317,0.02072125945679032,0.008351400470792867
17.244579076766968,246.83309936523438,-230.33261108398438,33.155948638916016,-0.3961785349524263,0.9279594532360317,0.2242266424047658,0.010744246875277093
17.25414514541626,246.91513061523438,-230.36636352539062,33.15584945678711,-0.3962791691521177,0.9273593625914971,0.014032901390929803,0.015519467708733577
17.26403546333313,246.91513061523438,-230.36636352539062,33.15584945678711,-0.3962791691521177,0.9273593625914971,-0.24704535087584706,0.017898351479201848
17.274284601211548,247.03817749023438,-230.41644287109375,33.15582275390625,-0.39678030949024334,0.9267318008694364,-0.5428234643756358,0.016098917020395696
17.284409284591675,247.03817749023438,-230.41644287109375,33.15582275390625,-0.39678030949024334,0.9267318008694364,-0.7331701592699813,0.013112658670233396
17.29448390007019,247.03817749023438,-230.41644287109375,33.15582275390625,-0.39678030949024334,0.9267318008694364,-0.6502307985377738,0.010728538912009145
17.304610013961792,247.16123962402344,-230.46533203125,33.155765533447266,-0.39708071406120427,0.9260928369163304,-0.38624787434267094,0.008932595111706979
17.314241886138916,247.16123962402344,-230.46533203125,33.155765533447266,-0.39708071406120427,0.9260928369163304,-0.2839042607340708,0.008333947178272924
17.3240327835083,247.16123962402344,-230.46533203125,33.155765533447266,-0.39708071406120427,0.9260928369163304,-0.25347695607908927,0.00893783109946296
17.334188222885132,247.2834930419922,-230.5154266357422,33.155738830566406,-0.3973811852111925,0.925459779407127,-0.2637538324658932,0.0101264003200711
17.344128608703613,247.2834930419922,-230.5154266357422,33.155738830566406,-0.3973811852111925,0.925459779407127,-0.21127635269218836,0.010712830948741195
17.35414695739746,247.2834930419922,-230.5154266357422,33.155738830566406,-0.3973811852111925,0.925459779407127,-0.24310494451447867,0.009517280411125078
17.364173650741577,247.40652465820312,-230.56544494628906,33.15572738647461,-0.39768155649263975,0.9247909935417005,-0.3218425538568496,0.009524261728133055
17.37395715713501,247.40652465820312,-230.56544494628906,33.15572738647461,-0.39768155649263975,0.9247909935417005,-0.27038886053765093,0.00893783109946296
17.3839750289917,247.40652465820312,-230.56544494628906,33.15572738647461,-0.39768155649263975,0.9247909935417005,-0.10867163687077919,0.008330456519768934
17.394453287124634,247.52874755859375,-230.6155242919922,33.15573501586914,-0.39798086250965103,0.9241113314624648,-0.19119413987769107,0.007726572598578896
17.40406084060669,247.52874755859375,-230.6155242919922,33.15573501586914,-0.39798086250965103,0.9241113314624648,-0.39478866237847127,0.005944591432292686
17.41444492340088,247.61080932617188,-230.64923095703125,33.15576171875,-0.3980810972351789,0.9234358409446974,-0.5636212161638317,0.0017872171540421937
17.424291849136353,247.61080932617188,-230.64923095703125,33.15576171875,-0.3980810972351789,0.9234358409446974,-0.3720229094481414,-0.0017662732030182613
17.43452501296997,247.61080932617188,-230.64923095703125,33.15576171875,-0.3980810972351789,0.9234358409446974,-0.06081352745044827,-0.0047403142484166
17.44419574737549,247.73300170898438,-230.69931030273438,33.15582275390625,-0.39808103065615164,0.9227461460112614,0.1572528919091804,-0.004743804906920587
17.454346418380737,247.73300170898438,-230.69931030273438,33.15582275390625,-0.39808103065615164,0.9227461460112614,0.0451823395870586,-0.0023544491609403502
17.4641695022583,247.73300170898438,-230.69931030273438,33.15582275390625,-0.39808103065615164,0.9227461460112614,-0.324357658542224,-0.0011606439525762293
17.474247217178345,247.8552703857422,-230.74937438964844,33.15589904785156,-0.39798086250965103,0.9220347413281117,-0.6407527611035906,-0.0029688050576423546
17.484275817871094,247.8552703857422,-230.74937438964844,33.15589904785156,-0.39798086250965103,0.9220347413281117,-0.7861543962550841,-0.008950048404226923
17.494389057159424,247.8552703857422,-230.74937438964844,33.15589904785156,-0.39798086250965103,0.9220347413281117,-0.7599036477058907,-0.014910347799787555
17.504416704177856,247.9774932861328,-230.7993927001953,33.1559944152832,-0.3977806260851907,0.921328852749784,-0.37221562556857646,-0.019671605999228087
17.514326572418213,247.9774932861328,-230.7993927001953,33.1559944152832,-0.3977806260851907,0.921328852749784,-0.026197305941218677,-0.02204350845268838
17.524194478988647,247.9774932861328,-230.7993927001953,33.1559944152832,-0.3977806260851907,0.921328852749784,0.15896317241510244,-0.022636920398366452
17.534391164779663,248.09976196289062,-230.8505859375,33.1561164855957,-0.3971797836537552,0.9206031183120326,0.16186176398782365,-0.020856684561332238
17.54417133331299,248.09976196289062,-230.8505859375,33.1561164855957,-0.3971797836537552,0.9206031183120326,0.051626326640329775,-0.021469295128782245
17.555330514907837,248.09976196289062,-230.8505859375,33.1561164855957,-0.3971797836537552,0.9206031183120326,-0.04372167506391483,-0.02028072590817411
17.564366340637207,248.18093872070312,-230.88319396972656,33.15625762939453,-0.39667964200103834,0.9198868148722052,-0.11309447284932392,-0.02146056848252228
17.57464623451233,248.18093872070312,-230.88319396972656,33.15625762939453,-0.39667964200103834,0.9198868148722052,-0.000464692954486097,-0.022048744440444367
17.584508180618286,248.30319213867188,-230.93324279785156,33.15639877319336,-0.39607883285911644,0.9191602089110036,0.1672411623802702,-0.021451841836262305
17.594306707382202,248.30319213867188,-230.93324279785156,33.15639877319336,-0.39607883285911644,0.9191602089110036,0.14255361538377442,-0.02145009650701031
17.604304313659668,248.30319213867188,-230.93324279785156,33.15639877319336,-0.39607883285911644,0.9191602089110036,0.1965011285563019,-0.020854939232080243
17.615129470825195,248.42544555664062,-230.9832763671875,33.15658950805664,-0.3954786229284398,0.9184117826670667,0.1343800122602905,-0.02085319390282825
17.62455725669861,248.42544555664062,-230.9832763671875,33.15658950805664,-0.3954786229284398,0.9184117826670667,-0.05701367461360641,-0.021443115190002332
17.63452434539795,248.42544555664062,-230.9832763671875,33.15658950805664,-0.3954786229284398,0.9184117826670667,-0.02349018990071352,-0.02205048976969636
17.644960165023804,248.5468292236328,-231.03224182128906,33.15680694580078,-0.394877813786518,0.9176513977061317,-0.0690299198425282,-0.0226543736908864
17.654688119888306,248.5468292236328,-231.03224182128906,33.15680694580078,-0.394877813786518,0.9176513977061317,-0.05275032118028475,-0.02205921641595633
17.664376974105835,248.5468292236328,-231.03224182128906,33.15680694580078,-0.394877813786518,0.9176513977061317,0.0018843840391766084,-0.021464059141026264
17.67498779296875,248.66905212402344,-231.08120727539062,33.15705108642578,-0.39417627057636384,0.9169183101193731,-0.04702927558658229,-0.020270253932662144
17.684736490249634,248.66905212402344,-231.08120727539062,33.15705108642578,-0.39417627057636384,0.9169183101193731,-0.043884492082039914,-0.020863665878340217
17.69478178024292,248.66905212402344,-231.08120727539062,33.15705108642578,-0.39417627057636384,0.9169183101193731,-0.13598700810308753,-0.021464059141026264
17.704545497894287,248.7904815673828,-231.13011169433594,33.157318115234375,-0.39357552801346923,0.9161396544117782,-0.2809015365321614,-0.02325127629506846
17.71428346633911,248.7904815673828,-231.13011169433594,33.157318115234375,-0.39357552801346923,0.9161396544117782,-0.17587327704653952,-0.02503500279060666
17.724456787109375,248.8716583251953,-231.16275024414062,33.15760803222656,-0.39307475385999346,0.9154024569507468,-0.07178406212271336,-0.025631905394788723
17.734230756759644,248.8716583251953,-231.16275024414062,33.15760803222656,-0.39307475385999346,0.9154024569507468,-0.10960369612668686,-0.025036748119858662
17.7444965839386,248.8716583251953,-231.16275024414062,33.15760803222656,-0.39307475385999346,0.9154024569507468,-0.08956426348110451,-0.0256406320410487
17.7543363571167,248.99392700195312,-231.2117156982422,33.15785217285156,-0.3922738081621521,0.9146281174388144,-0.14757697733501843,-0.026249751949994717
17.76405096054077,248.99392700195312,-231.2117156982422,33.15785217285156,-0.3922738081621521,0.9146281174388144,-0.32354861482703734,-0.026246261291490724
17.774066925048828,248.99392700195312,-231.2117156982422,33.15785217285156,-0.3922738081621521,0.9146281174388144,-0.1283354120645754,-0.027438321170602856
17.78448224067688,249.11532592773438,-231.26063537597656,33.158199310302734,-0.39147322864896067,0.9138635426865669,0.11894699303273204,-0.027440066499854848
17.79433536529541,249.11532592773438,-231.26063537597656,33.158199310302734,-0.39147322864896067,0.9138635426865669,0.05168911716893811,-0.027422613207334905
17.804353952407837,249.11532592773438,-231.26063537597656,33.158199310302734,-0.39147322864896067,0.9138635426865669,0.11334008723698483,-0.027403414585562967
17.814415454864502,249.2367401123047,-231.3084716796875,33.158573150634766,-0.39067105123911516,0.913074595288268,-0.02732879368345814,-0.02800031718974503
17.824338912963867,249.2367401123047,-231.3084716796875,33.158573150634766,-0.39067105123911516,0.913074595288268,-0.22536845215777312,-0.029192377068857158
17.834850311279297,249.2367401123047,-231.3084716796875,33.158573150634766,-0.39067105123911516,0.913074595288268,-0.3269445863522619,-0.029194122398109153
17.8443706035614,249.35809326171875,-231.35626220703125,33.15896987915039,-0.389770403447964,0.9123264954364906,-0.21493188083540402,-0.029787534343787225
17.854602098464966,249.35809326171875,-231.35626220703125,33.15896987915039,-0.389770403447964,0.9123264954364906,-0.39249706157108943,-0.02920284904436912
17.86443591117859,249.43849182128906,-231.38783264160156,33.15938949584961,-0.3891685290416061,0.9115462748060975,-0.5707399569973098,-0.028616418415699025
17.87465500831604,249.43849182128906,-231.38783264160156,33.15938949584961,-0.3891685290416061,0.9115462748060975,-0.5886365511521368,-0.02980673296555916
17.88459801673889,249.43849182128906,-231.38783264160156,33.15938949584961,-0.3891685290416061,0.9115462748060975,-0.6100091636954794,-0.0315782421563334
17.894413709640503,249.55905151367188,-231.4379119873047,33.15971755981445,-0.3882672820392097,0.9107959735518529,-0.40976741711110454,-0.03515616712292178
17.90435814857483,249.55905151367188,-231.4379119873047,33.15971755981445,-0.3882672820392097,0.9107959735518529,-0.33447079826482795,-0.03813718948532809
17.914490699768066,249.55905151367188,-231.4379119873047,33.15971755981445,-0.3882672820392097,0.9107959735518529,-0.45096114013515226,-0.03812497218056413
17.92431354522705,249.6796112060547,-231.48681640625,33.16022491455078,-0.38716533255916213,0.9100987216587482,-0.22819285720632904,-0.03812497218056413
17.9348361492157,249.6796112060547,-231.48681640625,33.16022491455078,-0.38716533255916213,0.9100987216587482,-0.03617491005310558,-0.036339500355773935
17.944265842437744,249.6796112060547,-231.48681640625,33.16022491455078,-0.38716533255916213,0.9100987216587482,-0.07930006564520306,-0.034540065896967787
17.954658269882202,249.80015563964844,-231.53579711914062,33.160770416259766,-0.38606321663154647,0.9092968598745342,-0.03265077203196978,-0.03334626068860366
17.964367389678955,249.80015563964844,-231.53579711914062,33.160770416259766,-0.38606321663154647,0.9092968598745342,0.11920749826272652,-0.031564279522317454
17.97438144683838,249.80015563964844,-231.53579711914062,33.160770416259766,-0.38606321663154647,0.9092968598745342,0.1482729809302603,-0.03037047431395333
17.984737396240234,249.9198455810547,-231.5847625732422,33.1613655090332,-0.38516043831152325,0.9084144549552113,0.17996109731760773,-0.028591983806171107
17.99478840827942,249.9198455810547,-231.5847625732422,33.1613655090332,-0.38516043831152325,0.9084144549552113,-0.009590131834302594,-0.028579766501407144
18.00554895401001,249.9198455810547,-231.5847625732422,33.1613655090332,-0.38516043831152325,0.9084144549552113,-0.22417814748424453,-0.02915048916680929
18.014705181121826,250.00022888183594,-231.6173553466797,33.161956787109375,-0.38455703258753854,0.9073849471866319,-0.2999727678588385,-0.03032160509489749
18.02435803413391,250.00022888183594,-231.6173553466797,33.161956787109375,-0.38455703258753854,0.9073849471866319,-0.054452995709786636,-0.03212627554145962
18.034552812576294,250.00022888183594,-231.6173553466797,33.161956787109375,-0.38455703258753854,0.9073849471866319,-0.06771088117263317,-0.03153111826652955
18.044299125671387,250.1199188232422,-231.6663360595703,33.16242980957031,-0.3836563515068737,0.9064050194713057,0.05935339352492404,-0.030360002338441362
18.05474305152893,250.1199188232422,-231.6663360595703,33.16242980957031,-0.3836563515068737,0.9064050194713057,0.19656163129727777,-0.028588493147667114
18.06437635421753,250.2395477294922,-231.71417236328125,33.16310119628906,-0.38265656754414434,0.9055828657516899,0.01779880694089864,-0.026204373389442866
18.074713706970215,250.2395477294922,-231.71417236328125,33.16310119628906,-0.38265656754414434,0.9055828657516899,-0.11054964004751018,-0.025008822851826748
18.084810972213745,250.2395477294922,-231.71417236328125,33.16310119628906,-0.38265656754414434,0.9055828657516899,-0.13864886536603727,-0.024397957613628733
18.09462809562683,250.36009216308594,-231.7620086669922,33.1638069152832,-0.38195565683474914,0.9047465627248463,-0.03363549083485395,-0.025593508151244847
18.104408740997314,250.36009216308594,-231.7620086669922,33.1638069152832,-0.38195565683474914,0.9047465627248463,0.09907134047115115,-0.027403414585562967
18.1146559715271,250.36009216308594,-231.7620086669922,33.1638069152832,-0.38195565683474914,0.9047465627248463,0.14399775232087514,-0.02741214123182294
18.124988555908203,250.479736328125,-231.8098602294922,33.164554595947266,-0.3810554750967887,0.9039350485215814,0.08311125905577373,-0.027401669256310976
18.134421348571777,250.479736328125,-231.8098602294922,33.164554595947266,-0.3810554750967887,0.9039350485215814,0.014709972378878612,-0.026804766652128914
18.14464569091797,250.479736328125,-231.8098602294922,33.164554595947266,-0.3810554750967887,0.9039350485215814,0.04511881498669763,-0.025616197431520774
18.15493655204773,250.60025024414062,-231.85655212402344,33.16532897949219,-0.3802549621626245,0.9031260688578056,-0.059116076271992744,-0.024424137552408645
18.164534330368042,250.60025024414062,-231.85655212402344,33.16532897949219,-0.3802549621626245,0.9031260688578056,-0.02038974119193597,-0.023842942911494535
18.174508810043335,250.60025024414062,-231.85655212402344,33.16532897949219,-0.3802549621626245,0.9031260688578056,-0.05006505829030005,-0.023848178899250522
18.184818029403687,250.72073364257812,-231.90216064453125,33.16614532470703,-0.3795545507959337,0.9023605363366961,-0.24436377543425342,-0.023835961594486556
18.194629907608032,250.72073364257812,-231.90216064453125,33.16614532470703,-0.3795545507959337,0.9023605363366961,-0.20694072324230492,-0.026223572011214797
18.204648971557617,250.8010711669922,-231.93370056152344,33.16697311401367,-0.37905377664245793,0.901563450402092,-0.18405265802703408,-0.02742086787808291
18.21436071395874,250.8010711669922,-231.93370056152344,33.16697311401367,-0.37905377664245793,0.901563450402092,-0.28699724454404313,-0.02860245578168307
18.224492073059082,250.8010711669922,-231.93370056152344,33.16697311401367,-0.37905377664245793,0.901563450402092,-0.25662955007713806,-0.030396654252733243
18.23477292060852,250.9207000732422,-231.9793243408203,33.1675910949707,-0.378153195430334,0.9007896657942055,-0.2768677641027391,-0.03158347814408939
18.24462389945984,250.9207000732422,-231.9793243408203,33.1675910949707,-0.378153195430334,0.9007896657942055,-0.3830806118207399,-0.030976103564395358
18.254679203033447,250.9207000732422,-231.9793243408203,33.1675910949707,-0.378153195430334,0.9007896657942055,-0.3169080887103872,-0.030986575539907326
18.2644624710083,251.0403594970703,-232.02493286132812,33.16849136352539,-0.37725361290361886,0.900024944482336,-0.2584676046936826,-0.03159220479034936
18.27465844154358,251.0403594970703,-232.02493286132812,33.16849136352539,-0.37725361290361886,0.900024944482336,-0.4082845366023464,-0.030990066198411315
18.284724235534668,251.0403594970703,-232.02493286132812,33.16849136352539,-0.37725361290361886,0.900024944482336,-0.41395097252833013,-0.03337069529813158
18.294644832611084,251.16087341308594,-232.0716552734375,33.169429779052734,-0.3763523659012224,0.8993100131764669,-0.23387909832903353,-0.03516314843992976
18.304458618164062,251.16087341308594,-232.0716552734375,33.169429779052734,-0.3763523659012224,0.8993100131764669,-0.24221703985610335,-0.034562755177243706
18.31476330757141,251.2403106689453,-232.10205078125,33.17039108276367,-0.3756524871667496,0.8986128593318199,-0.2302943876875302,-0.03515791245217378
18.324694395065308,251.2403106689453,-232.10205078125,33.17039108276367,-0.3756524871667496,0.8986128593318199,-0.11337046153343562,-0.03576005104411182
18.334561824798584,251.2403106689453,-232.10205078125,33.17039108276367,-0.3756524871667496,0.8986128593318199,-0.18455886333524651,-0.03515965778142577
18.344491720199585,251.3599395751953,-232.14764404296875,33.17107391357422,-0.3745526682155741,0.8978944209948893,-0.1252772350853063,-0.034564500506495704
18.354872941970825,251.3599395751953,-232.14764404296875,33.17107391357422,-0.3745526682155741,0.8978944209948893,0.03767047798669799,-0.03457497248200767
18.364877223968506,251.3599395751953,-232.14764404296875,33.17107391357422,-0.3745526682155741,0.8978944209948893,0.010810879503769182,-0.03337593128588756
18.374861240386963,251.47874450683594,-232.19329833984375,33.1721076965332,-0.3735512530666771,0.8972015850478204,-0.03347253177102241,-0.03217689008976746
18.384475231170654,251.47874450683594,-232.19329833984375,33.1721076965332,-0.3735512530666771,0.8972015850478204,0.03566400051896617,-0.03158871413184537
18.39455270767212,251.47874450683594,-232.19329833984375,33.1721076965332,-0.3735512530666771,0.8972015850478204,-0.08348472994660658,-0.03098832086915932
18.404775381088257,251.59835815429688,-232.23890686035156,33.17317199707031,-0.37265170382947554,0.8965273337618663,-0.14360962009884495,-0.030981339552151342
18.414795875549316,251.59835815429688,-232.23890686035156,33.17317199707031,-0.37265170382947554,0.8965273337618663,-0.08238160280537099,-0.031579987485585395
18.424646854400635,251.59835815429688,-232.23890686035156,33.17317199707031,-0.37265170382947554,0.8965273337618663,-0.050908278977436744,-0.030981339552151342
18.434957265853882,251.71710205078125,-232.28343200683594,33.17427444458008,-0.3717520547237331,0.8958951343831509,-0.039620324797710146,-0.030983084881403337
18.444644689559937,251.71710205078125,-232.28343200683594,33.17427444458008,-0.3717520547237331,0.8958951343831509,-0.023813895597607312,-0.030990066198411315
18.455257892608643,251.79660034179688,-232.3137969970703,33.17508316040039,-0.3710516433570423,0.8952484589843208,-0.13602707050110963,-0.030990066198411315
18.46463418006897,251.79660034179688,-232.3137969970703,33.17508316040039,-0.3710516433570423,0.8952484589843208,-0.23457413759200207,-0.030380946289465294
18.474934101104736,251.79660034179688,-232.3137969970703,33.17508316040039,-0.3710516433570423,0.8952484589843208,-0.10770590865205074,-0.02979102500229121
18.484616994857788,251.91619873046875,-232.35829162597656,33.17521286010742,-0.3701515614876228,0.8946093718184503,-0.12627018851597632,-0.030396654252733243
18.49452829360962,251.91619873046875,-232.35829162597656,33.17521286010742,-0.3701515614876228,0.8946093718184503,-0.15850756395795726,-0.030986575539907326
18.504814624786377,251.91619873046875,-232.35829162597656,33.17521286010742,-0.3701515614876228,0.8946093718184503,-0.14025464304066645,-0.030976103564395358
18.514766454696655,252.0349884033203,-232.40283203125,33.175418853759766,-0.36925197896090767,0.8939336773972676,-0.12025626856163164,-0.030970867576639378
18.524829387664795,252.0349884033203,-232.40283203125,33.175418853759766,-0.36925197896090767,0.8939336773972676,-0.15491897746890004,-0.030965631588883394
18.535032987594604,252.0349884033203,-232.40283203125,33.175418853759766,-0.36925197896090767,0.8939336773972676,-0.16528959320065895,-0.030368728984701335
18.544835805892944,252.15374755859375,-232.44735717773438,33.175628662109375,-0.36835173064391996,0.8932902608549308,-0.18324676860982028,-0.030372219643205318
18.554823875427246,252.15374755859375,-232.44735717773438,33.175628662109375,-0.36835173064391996,0.8932902608549308,-0.23353244993210598,-0.02976833572201528
18.564728260040283,252.15374755859375,-232.44735717773438,33.175628662109375,-0.36835173064391996,0.8932902608549308,-0.3854633427705037,-0.02916619713007724
18.5751211643219,252.27249145507812,-232.49185180664062,33.175846099853516,-0.3674521148276912,0.8926289531195333,-0.2395891119983511,-0.030365238326197346
18.584801197052002,252.27249145507812,-232.49185180664062,33.175846099853516,-0.3674521148276912,0.8926289531195333,-0.22639572838510527,-0.02977182638051927
18.594861030578613,252.35110473632812,-232.52113342285156,33.176048278808594,-0.3668519048970146,0.8919443301678504,-0.3221075042853413,-0.02976135440500731
18.604668140411377,252.35110473632812,-232.52113342285156,33.176048278808594,-0.3668519048970146,0.8919443301678504,-0.33227524194433306,-0.029159215813069263
18.614833116531372,252.35110473632812,-232.52113342285156,33.176048278808594,-0.3668519048970146,0.8919443301678504,-0.26590587020053674,-0.030948178296363454
18.624889612197876,252.46986389160156,-232.565673828125,33.176204681396484,-0.3659527551339766,0.8912839420098159,-0.2565185065849674,-0.030353021021433387
18.634565353393555,252.46986389160156,-232.565673828125,33.176204681396484,-0.3659527551339766,0.8912839420098159,-0.215191176174715,-0.030358257009189364
18.644554138183594,252.46986389160156,-232.565673828125,33.176204681396484,-0.3659527551339766,0.8912839420098159,-0.15224427571888413,-0.0297648450635113
18.65506076812744,252.588623046875,-232.6101531982422,33.17644119262695,-0.36505317260726144,0.8906133869338458,-0.20399082778413202,-0.029162706471573256
18.664560794830322,252.588623046875,-232.6101531982422,33.17644119262695,-0.36505317260726144,0.8906133869338458,-0.20619292730135083,-0.029757863746503316
18.674802780151367,252.588623046875,-232.6101531982422,33.17644119262695,-0.36505317260726144,0.8906133869338458,-0.08042952099688913,-0.029763099734259304
18.68486189842224,252.70654296875,-232.65467834472656,33.17668151855469,-0.3641530907378419,0.8899284188204855,-0.07515904796057973,-0.029763099734259304
18.694810152053833,252.70654296875,-232.65467834472656,33.17668151855469,-0.3641530907378419,0.8899284188204855,-0.05518259009978291,-0.02916445180082525
18.70471477508545,252.70654296875,-232.65467834472656,33.17668151855469,-0.3641530907378419,0.8899284188204855,0.01512888675335847,-0.029763099734259304
18.714851140975952,252.82443237304688,-232.6980438232422,33.17695617675781,-0.3633547083325498,0.8893495631914713,0.04725600103968237,-0.029763099734259304
18.724552392959595,252.82443237304688,-232.6980438232422,33.17695617675781,-0.3633547083325498,0.8893495631914713,-0.021399222495516155,-0.029167942459329233
18.735048294067383,252.9029998779297,-232.7273712158203,33.17720031738281,-0.36275493116555035,0.8889024852458183,-0.07663725948914865,-0.03036698365544934
18.744879484176636,252.9029998779297,-232.7273712158203,33.17720031738281,-0.36275493116555035,0.8889024852458183,0.02145431753756341,-0.03037047431395333
18.754945516586304,252.9029998779297,-232.7273712158203,33.17720031738281,-0.36275493116555035,0.8889024852458183,-0.005718408659177839,-0.030970867576639378
18.764596700668335,253.02175903320312,-232.77191162109375,33.1773681640625,-0.36175518049233457,0.8884355347546145,-0.038606367125072295,-0.03277379269394952
18.774868965148926,253.02175903320312,-232.77191162109375,33.1773681640625,-0.36175518049233457,0.8884355347546145,0.040915153615774316,-0.03337418595663557
18.7847900390625,253.02175903320312,-232.77191162109375,33.1773681640625,-0.36175518049233457,0.8884355347546145,0.025240487694100325,-0.03515965778142577
18.79512310028076,253.13966369628906,-232.8141326904297,33.177616119384766,-0.36075542981911884,0.8878518430127994,0.10454248862417923,-0.03576179637336381
18.80493450164795,253.13966369628906,-232.8141326904297,33.177616119384766,-0.36075542981911884,0.8878518430127994,0.2077326777491213,-0.036360444306797864
18.814811944961548,253.13966369628906,-232.8141326904297,33.177616119384766,-0.36075542981911884,0.8878518430127994,0.15144017143335597,-0.03635869897754588
18.824776649475098,253.25755310058594,-232.85760498046875,33.177852630615234,-0.35965660955335216,0.8872785708839215,0.18668499674475095,-0.03636218963604986
18.83500099182129,253.25755310058594,-232.85760498046875,33.177852630615234,-0.35965660955335216,0.8872785708839215,0.16766967189938164,-0.03695385625247594
18.844741821289062,253.25755310058594,-232.85760498046875,33.177852630615234,-0.35965660955335216,0.8872785708839215,0.06761244358230901,-0.03694687493546796
18.85482883453369,253.33616638183594,-232.88575744628906,33.17806625366211,-0.3589566975293657,0.8868040844402145,0.04805404062998167,-0.03754726819815401
18.864655256271362,253.33616638183594,-232.88575744628906,33.17806625366211,-0.3589566975293657,0.8868040844402145,-0.024786322522308758,-0.03754203221039802
18.874829530715942,253.45321655273438,-232.92919921875,33.17823028564453,-0.35785631265645856,0.8863292482862193,-0.08089912212852657,-0.03813195349757211
18.884921312332153,253.45321655273438,-232.92919921875,33.17823028564453,-0.35785631265645856,0.8863292482862193,-0.04760059331767793,-0.03812846283906812
18.894719123840332,253.45321655273438,-232.92919921875,33.17823028564453,-0.35785631265645856,0.8863292482862193,-0.1938289205802988,-0.03693116697220001
18.904762029647827,253.56944274902344,-232.97479248046875,33.178470611572266,-0.3566567916119733,0.8858566757839511,-0.2350974068512509,-0.03692942164294802
18.914753913879395,253.56944274902344,-232.97479248046875,33.178470611572266,-0.3566567916119733,0.8858566757839511,-0.2708026686519537,-0.03513871383040184
18.924697160720825,253.56944274902344,-232.97479248046875,33.178470611572266,-0.3566567916119733,0.8858566757839511,-0.384297286410115,-0.03513871383040184
18.934995889663696,253.68479919433594,-233.0204620361328,33.1787109375,-0.3555569393712842,0.885388285248836,-0.35592042393514134,-0.03574259775159187
18.944748640060425,253.68479919433594,-233.0204620361328,33.1787109375,-0.3555569393712842,0.885388285248836,-0.36881568751816035,-0.035154421793669795
18.95470905303955,253.68479919433594,-233.0204620361328,33.1787109375,-0.3555569393712842,0.885388285248836,-0.32823869848783743,-0.03575132439785184
18.965108156204224,253.80101013183594,-233.0649871826172,33.178955078125,-0.3545571886980684,0.8849285450872366,-0.24201654351050458,-0.035161403110677766
18.97472047805786,253.80101013183594,-233.0649871826172,33.178955078125,-0.3545571886980684,0.8849285450872366,-0.1622710278074165,-0.034566245835747696
18.984618425369263,253.80101013183594,-233.0649871826172,33.178955078125,-0.3545571886980684,0.8849285450872366,-0.10742651119682879,-0.03397283389006962
18.99549627304077,253.9163818359375,-233.1106414794922,33.17919921875,-0.35345677053564767,0.8844498690011775,0.008090271098448981,-0.03278251934020949
19.005017042160034,253.9163818359375,-233.1106414794922,33.17919921875,-0.35345677053564767,0.8844498690011775,0.11535513464050501,-0.032187362065279425
19.014973878860474,253.99415588378906,-233.14105224609375,33.1794319152832,-0.35285705994767547,0.8839863282171166,0.21674567792841945,-0.030394908923481248
19.0246639251709,253.99415588378906,-233.14105224609375,33.1794319152832,-0.35285705994767547,0.8839863282171166,0.18694666466460486,-0.029792770331543206
19.03482437133789,253.99415588378906,-233.14105224609375,33.1794319152832,-0.35285705994767547,0.8839863282171166,0.26273765036786095,-0.028604201110935066
19.044819593429565,254.10951232910156,-233.1855926513672,33.17960739135742,-0.3519574441314467,0.8835309249517758,0.335793504016418,-0.026815238627640875
19.054647207260132,254.10951232910156,-233.1855926513672,33.17960739135742,-0.3519574441314467,0.8835309249517758,0.2780773796289747,-0.026213100035702833
19.06457781791687,254.10951232910156,-233.1855926513672,33.17960739135742,-0.3519574441314467,0.8835309249517758,0.18646618968906437,-0.025609216114512796
19.074748039245605,254.22657775878906,-233.231201171875,33.17985534667969,-0.35115686461825524,0.8830324740834392,0.06389687341440518,-0.024411920247644686
19.084730625152588,254.22657775878906,-233.231201171875,33.17985534667969,-0.35115686461825524,0.8830324740834392,-0.008360310725527877,-0.024411920247644686
19.09473752975464,254.22657775878906,-233.231201171875,33.17985534667969,-0.35115686461825524,0.8830324740834392,-0.18590459987535674,-0.02381152698495864
19.104816436767578,254.34278869628906,-233.2757568359375,33.180110931396484,-0.35045805114821843,0.8825678467420336,-0.19982625755060412,-0.02440493893063671
19.114543199539185,254.34278869628906,-233.2757568359375,33.180110931396484,-0.35045805114821843,0.8825678467420336,-0.2525139123951888,-0.02499835087631478
19.125117301940918,254.42138671875,-233.303955078125,33.18035125732422,-0.3499568775205792,0.8821081080466753,-0.3587250835568254,-0.026181684109166936
19.134784698486328,254.42138671875,-233.303955078125,33.18035125732422,-0.3499568775205792,0.8821081080466753,-0.45281611455802334,-0.026778586713348995
19.144922971725464,254.42138671875,-233.303955078125,33.18035125732422,-0.3499568775205792,0.8821081080466753,-0.4753995626332927,-0.027974137250965113
19.154725313186646,254.53929138183594,-233.3462371826172,33.1805305480957,-0.349157962483069,0.8816345801821676,-0.38275922737583384,-0.027975882580217108
19.164610862731934,254.53929138183594,-233.3462371826172,33.1805305480957,-0.349157962483069,0.8816345801821676,-0.3537050541932607,-0.02917492377633721
19.174723386764526,254.53929138183594,-233.3462371826172,33.1805305480957,-0.349157962483069,0.8816345801821676,-0.45622041008497133,-0.02977182638051927
19.18447995185852,254.6580047607422,-233.3885498046875,33.18079376220703,-0.3482577807451086,0.8811523836774623,-0.4109416110318277,-0.03275459407217758
19.19483232498169,254.6580047607422,-233.3885498046875,33.18079376220703,-0.3482577807451086,0.8811523836774623,-0.34200573425632863,-0.033349751347107645
19.2048397064209,254.6580047607422,-233.3885498046875,33.18079376220703,-0.3482577807451086,0.8811523836774623,-0.22697039800413094,-0.034540065896967787
19.21470808982849,254.77674865722656,-233.43081665039062,33.181053161621094,-0.34725812994043376,0.8806953666408375,-0.06012272488235623,-0.03513347784264585
19.2247211933136,254.77674865722656,-233.43081665039062,33.181053161621094,-0.34725812994043376,0.8806953666408375,0.029187828250428177,-0.03452959392145582
19.234863758087158,254.77674865722656,-233.43081665039062,33.181053161621094,-0.34725812994043376,0.8806953666408375,0.0665151811852957,-0.03392571000026578
19.244834423065186,254.89552307128906,-233.47311401367188,33.18131637573242,-0.3461581778312038,0.8802239805313735,0.08077375926053687,-0.033328807396083716
19.255297422409058,254.89552307128906,-233.47311401367188,33.18131637573242,-0.3461581778312038,0.8802239805313735,0.12803502113317378,-0.033323571408327736
19.26500105857849,254.89552307128906,-233.47311401367188,33.18131637573242,-0.3461581778312038,0.8802239805313735,0.14031767968326772,-0.033323571408327736
19.274959564208984,254.9749755859375,-233.5012969970703,33.18156814575195,-0.34555843395371794,0.8797327449470123,0.1637056971944371,-0.03212627554145962
19.284737586975098,254.9749755859375,-233.5012969970703,33.18156814575195,-0.34555843395371794,0.8797327449470123,0.1752219542601547,-0.03212453021220763
19.294917345046997,255.0937042236328,-233.54359436035156,33.181758880615234,-0.3445582172273114,0.8792701710687048,0.13743378517055502,-0.03212453021220763
19.305063247680664,255.0937042236328,-233.54359436035156,33.181758880615234,-0.3445582172273114,0.8792701710687048,0.12215854892596743,-0.03152413694952158
19.314995288848877,255.0937042236328,-233.54359436035156,33.181758880615234,-0.3445582172273114,0.8792701710687048,0.13106959328112533,-0.030337313058165432
19.3250093460083,255.2133331298828,-233.5858917236328,33.18202590942383,-0.343558433264582,0.8788115154020071,0.11137920485222881,-0.030339058387417427
19.334986686706543,255.2133331298828,-233.5858917236328,33.18202590942383,-0.343558433264582,0.8788115154020071,0.22303765002331094,-0.02975262775874734
19.344863891601562,255.2133331298828,-233.5858917236328,33.18202590942383,-0.343558433264582,0.8788115154020071,0.33608662567666997,-0.029160961142321258
19.35517978668213,255.3337860107422,-233.62814331054688,33.18230056762695,-0.3426593500805713,0.8783365242842828,0.3767932610951531,-0.026185174767670925
19.36482048034668,255.3337860107422,-233.62814331054688,33.18230056762695,-0.3426593500805713,0.8783365242842828,0.3560152854803724,-0.024406684259888706
19.375056505203247,255.3337860107422,-233.62814331054688,33.18230056762695,-0.3426593500805713,0.8783365242842828,0.4260646409459776,-0.022629939081358477
19.384779930114746,255.45335388183594,-233.66932678222656,33.18257141113281,-0.34195843937117604,0.8778739344900013,0.44018172922235743,-0.0214535871655143
19.39486289024353,255.45335388183594,-233.66932678222656,33.18257141113281,-0.34195843937117604,0.8778739344900013,0.3955546369589542,-0.02026501794490616
19.40503168106079,255.45335388183594,-233.66932678222656,33.18257141113281,-0.34195843937117604,0.8778739344900013,0.42048394555610313,-0.019074703395046026
19.41474962234497,255.53363037109375,-233.69749450683594,33.18283462524414,-0.3415583992859325,0.8773921980322916,0.346133181844574,-0.01848303677861995
19.424856185913086,255.53363037109375,-233.69749450683594,33.18283462524414,-0.3415583992859325,0.8773921980322916,0.2443913263336708,-0.01789137016219387
19.434825658798218,255.65408325195312,-233.7386932373047,33.18303298950195,-0.3409591880406647,0.8769182238647356,0.2485314438198153,-0.016708036929341717
19.445363521575928,255.65408325195312,-233.7386932373047,33.18303298950195,-0.3409591880406647,0.8769182238647356,0.21727353769593916,-0.01670978225859371
19.455015182495117,255.65408325195312,-233.7386932373047,33.18303298950195,-0.3409591880406647,0.8769182238647356,0.12757673649507273,-0.016112879654411653
19.464892387390137,255.77536010742188,-233.7787322998047,33.183311462402344,-0.34045851375572983,0.8764498687006796,0.053148285767527254,-0.01730319420427178
19.47491145133972,255.77536010742188,-233.7787322998047,33.183311462402344,-0.34045851375572983,0.8764498687006796,-0.04535860035539807,-0.01730493953352378
19.484802722930908,255.77536010742188,-233.7787322998047,33.183311462402344,-0.34045851375572983,0.8764498687006796,-0.1428499189138593,-0.019687313962496036
19.495113611221313,255.89666748046875,-233.8198699951172,33.183597564697266,-0.339959969999667,0.8759895287801248,-0.3483549832261269,-0.02146056848252228
19.504854679107666,255.89666748046875,-233.8198699951172,33.183597564697266,-0.339959969999667,0.8759895287801248,-0.36438251562800006,-0.023244294978060482
19.514986753463745,255.89666748046875,-233.8198699951172,33.183597564697266,-0.339959969999667,0.8759895287801248,-0.4093545867885173,-0.026216590694206822
19.524924755096436,256.0179443359375,-233.86105346679688,33.18387985229492,-0.33925902600075813,0.8755239466377696,-0.42612065553646383,-0.02799682653124104
19.535125255584717,256.0179443359375,-233.86105346679688,33.18387985229492,-0.33925902600075813,0.8755239466377696,-0.39892099136072035,-0.0303792009602133
19.544826984405518,256.0179443359375,-233.86105346679688,33.18387985229492,-0.33925902600075813,0.8755239466377696,-0.40227161763980596,-0.030970867576639378
19.554954767227173,256.0990905761719,-233.8881378173828,33.184146881103516,-0.3386593487022995,0.8750340959950883,-0.36572316618601375,-0.03275808473068157
19.564884185791016,256.0990905761719,-233.8881378173828,33.184146881103516,-0.3386593487022995,0.8750340959950883,-0.30447029240022355,-0.033948399280541705
19.574941873550415,256.2203674316406,-233.93035888671875,33.18435287475586,-0.33765956473957015,0.8745784477465328,-0.20204967492698725,-0.03454704721397576
19.584816455841064,256.2203674316406,-233.93035888671875,33.18435287475586,-0.33765956473957015,0.8745784477465328,-0.1652964276549387,-0.03574259775159187
19.594810247421265,256.2203674316406,-233.93035888671875,33.18435287475586,-0.33765956473957015,0.8745784477465328,-0.040948228407061416,-0.03455053787247975
19.60496497154236,256.3424987792969,-233.97154235839844,33.18463897705078,-0.33656024513109906,0.8741112900160392,0.052262642759268604,-0.03455402853098374
19.61472725868225,256.3424987792969,-233.97154235839844,33.18463897705078,-0.33656024513109906,0.8741112900160392,0.13480657625615466,-0.03336022332261961
19.62474799156189,256.3424987792969,-233.97154235839844,33.18463897705078,-0.33656024513109906,0.8741112900160392,0.20446480183883053,-0.033356732664115624
19.634942054748535,256.46380615234375,-234.01377868652344,33.18492889404297,-0.33555996182566533,0.8736412776280287,0.27746585107545707,-0.03156602485156944
19.644561767578125,256.46380615234375,-234.01377868652344,33.18492889404297,-0.33555996182566533,0.8736412776280287,0.35426154293455103,-0.02977531703902326
19.655505895614624,256.54583740234375,-234.04087829589844,33.18520736694336,-0.3349602512376931,0.8731977803900861,0.3165703546023429,-0.027389451951547013
19.664687871932983,256.54583740234375,-234.04087829589844,33.18520736694336,-0.3349602512376931,0.8731977803900861,0.2426935483322383,-0.025001841534818773
19.67528772354126,256.54583740234375,-234.04087829589844,33.18520736694336,-0.3349602512376931,0.8731977803900861,0.19289718107198034,-0.022617721776594518
19.68500566482544,256.66796875,-234.08314514160156,33.1854133605957,-0.33426037250322027,0.8727235905000322,0.09302783709074887,-0.022027800489420435
19.6949782371521,256.66796875,-234.08314514160156,33.1854133605957,-0.33426037250322027,0.8727235905000322,0.06967780546199384,-0.020839231268812295
19.705280303955078,256.66796875,-234.08314514160156,33.1854133605957,-0.33426037250322027,0.8727235905000322,-0.046201510367610055,-0.020242328664630233
19.71504545211792,256.7909851074219,-234.124267578125,33.18571090698242,-0.3335604604792338,0.8721380761507551,-0.0496889903329073,-0.020242328664630233
19.725306272506714,256.7909851074219,-234.124267578125,33.18571090698242,-0.3335604604792338,0.8721380761507551,0.026809701378916306,-0.02024930998163821
19.734877586364746,256.7909851074219,-234.124267578125,33.18571090698242,-0.3335604604792338,0.8721380761507551,-0.037537109870714375,-0.020251055310890206
19.745189666748047,256.9139099121094,-234.16542053222656,33.186012268066406,-0.332960716601748,0.8715877406183046,-0.04530776231942313,-0.018463838156848014
19.754815101623535,256.9139099121094,-234.16542053222656,33.186012268066406,-0.332960716601748,0.8715877406183046,-0.0594464586425511,-0.018467328815352
19.76533341407776,256.9139099121094,-234.16542053222656,33.186012268066406,-0.332960716601748,0.8715877406183046,-0.00344564583794435,-0.01727875959474386
19.77523374557495,256.9967956542969,-234.19247436523438,33.18630599975586,-0.3325602104633137,0.8710272238053431,-0.03944196414433693,-0.017283995582499847
19.785101652145386,256.9967956542969,-234.19247436523438,33.18630599975586,-0.3325602104633137,0.8710272238053431,0.0006417652415672825,-0.017283995582499847
19.795374631881714,257.1197814941406,-234.23361206054688,33.186519622802734,-0.3320605681533012,0.8704589780156687,0.020665590977470977,-0.017285740911751838
19.805182933807373,257.1197814941406,-234.23361206054688,33.186519622802734,-0.3320605681533012,0.8704589780156687,-0.08991341256043837,-0.01787566219892592
19.81463861465454,257.1197814941406,-234.23361206054688,33.186519622802734,-0.3320605681533012,0.8704589780156687,0.0365748999451566,-0.01787391686967393
19.824957370758057,257.24365234375,-234.27587890625,33.186832427978516,-0.3315604265005843,0.8698783315543483,0.0795022100565957,-0.019072958065794034
19.834914207458496,257.24365234375,-234.27587890625,33.186832427978516,-0.3315604265005843,0.8698783315543483,0.07810197863422891,-0.01907121273654204
19.844741344451904,257.24365234375,-234.27587890625,33.186832427978516,-0.3315604265005843,0.8698783315543483,0.096961918432932,-0.018470819473855992
19.85473942756653,257.3675231933594,-234.31703186035156,33.18714904785156,-0.33096018328039406,0.8693237846897224,-0.009821515632771463,-0.018465583486100005
19.86464524269104,257.3675231933594,-234.31703186035156,33.18714904785156,-0.33096018328039406,0.8693237846897224,0.04609332758306828,-0.018465583486100005
19.874815464019775,257.3675231933594,-234.31703186035156,33.18714904785156,-0.33096018328039406,0.8693237846897224,0.046331205206084414,-0.018469074144603997
19.885260820388794,257.490478515625,-234.35813903808594,33.187461853027344,-0.3304611068921132,0.8687551215533406,0.028593670228698825,-0.018465583486100005
19.89529252052307,257.490478515625,-234.35813903808594,33.187461853027344,-0.3304611068921132,0.8687551215533406,0.027229250971858243,-0.019060740761030075
19.90562152862549,257.490478515625,-234.35813903808594,33.187461853027344,-0.3304611068921132,0.8687551215533406,-0.058927143875774246,-0.01965240737745615
19.915454864501953,257.61346435546875,-234.4004364013672,33.18777084350586,-0.3298602311711641,0.8681874555256723,-0.07634336416832957,-0.02084621258582027
19.925055980682373,257.61346435546875,-234.4004364013672,33.18777084350586,-0.3298602311711641,0.8681874555256723,-0.17594982111297694,-0.021446605848506318
19.935091257095337,257.61346435546875,-234.4004364013672,33.18777084350586,-0.3298602311711641,0.8681874555256723,-0.21716522468910415,-0.021441369860750337
19.944955348968506,257.73651123046875,-234.44268798828125,33.18809127807617,-0.3291614509906409,0.8675957144813983,-0.137506213696162,-0.022033036477176415
19.954777240753174,257.73651123046875,-234.44268798828125,33.18809127807617,-0.3291614509906409,0.8675957144813983,-0.1130875925282071,-0.022628193752106483
19.96504259109497,257.73651123046875,-234.44268798828125,33.18809127807617,-0.3291614509906409,0.8675957144813983,-0.013600414363698798,-0.0220365271356804
19.975324869155884,257.8185119628906,-234.47085571289062,33.18839645385742,-0.3287608782731794,0.8670398971938035,-0.08015469169100423,-0.0220365271356804
19.984904766082764,257.8185119628906,-234.47085571289062,33.18839645385742,-0.3287608782731794,0.8670398971938035,-0.10534223194274109,-0.02203478180642841
19.99504804611206,257.9415283203125,-234.5131072998047,33.188621520996094,-0.3280610994072474,0.8664525384256908,-0.10324073136289483,-0.023233823002548514
20.00506067276001,257.9415283203125,-234.5131072998047,33.188621520996094,-0.3280610994072474,0.8664525384256908,-0.11760846260796376,-0.02264041105687044
20.01502799987793,257.9415283203125,-234.5131072998047,33.188621520996094,-0.3280610994072474,0.8664525384256908,-0.003776284038659067,-0.023835961594486556
20.025026082992554,258.0653381347656,-234.55650329589844,33.18894577026367,-0.3273612206727746,0.8658679912874939,-0.018992520660461476,-0.023233823002548514
20.035040378570557,258.0653381347656,-234.55650329589844,33.18894577026367,-0.3273612206727746,0.8658679912874939,0.06928054891369137,-0.02204001779418439
20.044787168502808,258.0653381347656,-234.55650329589844,33.18894577026367,-0.3273612206727746,0.8658679912874939,0.08582594660591635,-0.02204350845268838
20.055114269256592,258.1883850097656,-234.59873962402344,33.18927001953125,-0.32676144350577513,0.8653123185732394,0.10140163168377031,-0.021446605848506318
20.065220832824707,258.1883850097656,-234.59873962402344,33.18927001953125,-0.32676144350577513,0.8653123185732394,0.13666478475792002,-0.020258036627898185
20.074769973754883,258.1883850097656,-234.59873962402344,33.18927001953125,-0.32676144350577513,0.8653123185732394,0.13508512418038224,-0.020258036627898185
20.085459232330322,258.3130798339844,-234.64100646972656,33.189598083496094,-0.32606103213908433,0.8647363659242411,0.15288793474721313,-0.01966462468222011
20.095128774642944,258.3130798339844,-234.64100646972656,33.189598083496094,-0.32606103213908433,0.8647363659242411,0.005290815048844655,-0.01906772207803805
20.105167388916016,258.3130798339844,-234.64100646972656,33.189598083496094,-0.32606103213908433,0.8647363659242411,0.054905623343944526,-0.018470819473855992
20.115042686462402,258.39508056640625,-234.66915893554688,33.18990707397461,-0.3257611602003414,0.8641524723298878,0.07005572943013096,-0.019065976748786056
20.12523317337036,258.39508056640625,-234.66915893554688,33.18990707397461,-0.3257611602003414,0.8641524723298878,0.053575864820764804,-0.01787042621116994
20.135238885879517,258.5205993652344,-234.71026611328125,33.19014358520508,-0.3251613830333419,0.8635757700754568,0.04336071663581406,-0.016680111661309806
20.14513325691223,258.5205993652344,-234.71026611328125,33.19014358520508,-0.3251613830333419,0.8635757700754568,-0.06341594240069626,-0.017280504923995858
20.155206441879272,258.5205993652344,-234.71026611328125,33.19014358520508,-0.3251613830333419,0.8635757700754568,0.005264902985558151,-0.016690583636821774
20.16477346420288,258.64703369140625,-234.7514190673828,33.19047927856445,-0.32466074203792067,0.8630074037271648,-0.012944481802404373,-0.016095426361891707
20.174923181533813,258.64703369140625,-234.7514190673828,33.19047927856445,-0.32466074203792067,0.8630074037271648,0.0455434973085003,-0.016098917020395696
20.185187339782715,258.64703369140625,-234.7514190673828,33.19047927856445,-0.32466074203792067,0.8630074037271648,0.0007644430263099716,-0.016098917020395696
20.19498109817505,258.7743225097656,-234.7925262451172,33.19081497192383,-0.3241611663069354,0.8624084376787008,-0.032894236683227496,-0.01550026908696164
20.20498776435852,258.7743225097656,-234.7925262451172,33.19081497192383,-0.3241611663069354,0.8624084376787008,-0.029967330050296698,-0.016095426361891707
20.214848041534424,258.7743225097656,-234.7925262451172,33.19081497192383,-0.3241611663069354,0.8624084376787008,-0.08433999689415878,-0.015498523757709645
20.22509789466858,258.9007263183594,-234.83364868164062,33.1911506652832,-0.3237611595112055,0.8618510199819062,0.05440491340228183,-0.014901621153527587
20.23512578010559,258.9007263183594,-234.83364868164062,33.1911506652832,-0.3237611595112055,0.8618510199819062,-0.0006720140236608635,-0.014901621153527587
20.245246648788452,258.9007263183594,-234.83364868164062,33.1911506652832,-0.3237611595112055,0.8618510199819062,-0.01676791001469266,-0.01429773723233755
20.255084991455078,259.0279541015625,-234.87478637695312,33.19149398803711,-0.32326101785848865,0.8612681418438499,-0.05553156007761184,-0.014299482561589541
20.265116691589355,259.0279541015625,-234.87478637695312,33.19149398803711,-0.32326101785848865,0.8612681418438499,-0.19949253351816204,-0.014892894507267612
20.274781227111816,259.0279541015625,-234.87478637695312,33.19149398803711,-0.32326101785848865,0.8612681418438499,-0.231707478869693,-0.015488051782197679
20.285112142562866,259.11248779296875,-234.90182495117188,33.191829681396484,-0.3229605799980141,0.8607119411445653,-0.2501259018930414,-0.015486306452945686
20.29483389854431,259.11248779296875,-234.90182495117188,33.191829681396484,-0.3229605799980141,0.8607119411445653,-0.1780880303369065,-0.015491542440701668
20.305100679397583,259.2406311035156,-234.9440155029297,33.19207000732422,-0.32246100426702884,0.8601006826035769,-0.1793870218461532,-0.016692328966073765
20.315101385116577,259.2406311035156,-234.9440155029297,33.19207000732422,-0.32246100426702884,0.8601006826035769,-0.09208184765968766,-0.017285740911751838
20.325050830841064,259.2406311035156,-234.9440155029297,33.19207000732422,-0.32246100426702884,0.8601006826035769,-0.0538153424437981,-0.018474310132359978
20.334923267364502,259.3678894042969,-234.9851531982422,33.19241714477539,-0.32196086261431195,0.8595362749740153,-0.04683729291115783,-0.01787042621116994
20.34486722946167,259.3678894042969,-234.9851531982422,33.19241714477539,-0.32196086261431195,0.8595362749740153,0.1012270827651236,-0.016683602319813796
20.355114221572876,259.3678894042969,-234.9851531982422,33.19241714477539,-0.32196086261431195,0.8595362749740153,-0.015030251452519489,-0.016678366332057812
20.3651065826416,259.49603271484375,-235.0262908935547,33.19276809692383,-0.32146072096159506,0.8589520366282344,-0.08047643156762008,-0.01607971839862376
20.375102519989014,259.49603271484375,-235.0262908935547,33.19276809692383,-0.32146072096159506,0.8589520366282344,-0.022599458232049313,-0.015486306452945686
20.384897708892822,259.49603271484375,-235.0262908935547,33.19276809692383,-0.32146072096159506,0.8589520366282344,-0.0809310645305119,-0.014885913190259635
20.394967555999756,259.62322998046875,-235.06739807128906,33.193115234375,-0.32096057930887817,0.8583595324388706,0.028091952800662248,-0.015486306452945686
20.405142068862915,259.62322998046875,-235.06739807128906,33.193115234375,-0.32096057930887817,0.8583595324388706,0.02336384248524899,-0.015495033099205658
20.41498327255249,259.7095031738281,-235.0955047607422,33.19344711303711,-0.32066070737013525,0.8577889614059706,-0.014211465719001448,-0.015493287769953663
20.424970626831055,259.7095031738281,-235.0955047607422,33.19344711303711,-0.32066070737013525,0.8577889614059706,-0.09077416627238473,-0.01489463983651961
20.436309337615967,259.7095031738281,-235.0955047607422,33.19344711303711,-0.32066070737013525,0.8577889614059706,-0.07876923778828482,-0.014892894507267612
20.445363521575928,259.8376159667969,-235.1366424560547,33.193702697753906,-0.32026020123170096,0.8571742251371148,-0.06487504002596857,-0.015495033099205658
20.455622673034668,259.8376159667969,-235.1366424560547,33.193702697753906,-0.32026020123170096,0.8571742251371148,-0.06095883201057256,-0.014898130495023598
20.465091228485107,259.8376159667969,-235.1366424560547,33.193702697753906,-0.32026020123170096,0.8571742251371148,-0.05094473792264134,-0.015496778428457652
20.475039958953857,259.9657897949219,-235.17774963378906,33.19406509399414,-0.3197605589216885,0.8565275809266593,-0.07613930055885981,-0.0160971716911437
20.485162019729614,259.9657897949219,-235.17774963378906,33.19406509399414,-0.3197605589216885,0.8565275809266593,-0.04968391488118118,-0.015496778428457652
20.49501085281372,259.9657897949219,-235.17774963378906,33.19406509399414,-0.3197605589216885,0.8565275809266593,-0.08560004445389587,-0.016091935703387718
20.505373239517212,260.09466552734375,-235.21884155273438,33.19443130493164,-0.31936001949374054,0.8559077515796212,-0.04284061758899155,-0.015489797111449674
20.515098810195923,260.09466552734375,-235.21884155273438,33.19443130493164,-0.31936001949374054,0.8559077515796212,0.007238900442743529,-0.015491542440701668
20.52502942085266,260.09466552734375,-235.21884155273438,33.19443130493164,-0.31936001949374054,0.8559077515796212,-0.09685112336038468,-0.016081463727875753
20.53583335876465,260.2236328125,-235.25994873046875,33.194801330566406,-0.31885987784102365,0.8552614945196969,-0.0829045338696707,-0.01607622774011977
20.545335054397583,260.2236328125,-235.25994873046875,33.194801330566406,-0.31885987784102365,0.8552614945196969,-0.07728808451519213,-0.016676621002805817
20.555551290512085,260.2236328125,-235.25994873046875,33.194801330566406,-0.31885987784102365,0.8552614945196969,-0.010411585883629879,-0.01608495438637974
20.56540298461914,260.3099060058594,-235.28810119628906,33.195152282714844,-0.3185605385344988,0.8546120814921258,0.030606988059053347,-0.01608844504488373
20.575600147247314,260.3099060058594,-235.28810119628906,33.195152282714844,-0.3185605385344988,0.8546120814921258,-0.10377790791469488,-0.015488051782197679
20.58563733100891,260.4397277832031,-235.32919311523438,33.1954231262207,-0.3180603968817819,0.8539878909487287,-0.12475185038050443,-0.016083209057127748
20.59559464454651,260.4397277832031,-235.32919311523438,33.1954231262207,-0.3180603968817819,0.8539878909487287,-0.06996132980044321,-0.015486306452945686
20.605477333068848,260.4397277832031,-235.32919311523438,33.1954231262207,-0.3180603968817819,0.8539878909487287,0.001984296435457583,-0.015489797111449674
20.615100383758545,260.56866455078125,-235.3702850341797,33.19580078125,-0.317560255229065,0.8533155382721145,-0.035245083436871855,-0.015493287769953663
20.6253445148468,260.56866455078125,-235.3702850341797,33.19580078125,-0.317560255229065,0.8533155382721145,-0.023975362751405466,-0.016086699715631734
20.635485887527466,260.56866455078125,-235.3702850341797,33.19580078125,-0.317560255229065,0.8533155382721145,0.004954278468323359,-0.014898130495023598
20.64532971382141,260.6984558105469,-235.411376953125,33.1961784362793,-0.3170612121302978,0.8526778651684376,0.029314586174515392,-0.01429773723233755
20.6559157371521,260.6984558105469,-235.411376953125,33.1961784362793,-0.3170612121302978,0.8526778651684376,0.06834306836695872,-0.013112658670233396
20.665610551834106,260.6984558105469,-235.411376953125,33.1961784362793,-0.3170612121302978,0.8526778651684376,-0.0505574314343977,-0.011924089449625261
20.675228118896484,260.82830810546875,-235.4524688720703,33.196563720703125,-0.31666010678061823,0.8520208423178238,-0.056376168675950966,-0.013713051932919447
20.68488574028015,260.82830810546875,-235.4524688720703,33.196563720703125,-0.31666010678061823,0.8520208423178238,-0.05364621144616405,-0.013711306603667452
20.695201873779297,260.82830810546875,-235.4524688720703,33.196563720703125,-0.31666010678061823,0.8520208423178238,-0.018521343977846272,-0.01370607061591147
20.70571541786194,260.9153747558594,-235.48060607910156,33.196922302246094,-0.31646036969886226,0.8514091971799267,0.04580969924586423,-0.013112658670233396
20.715517044067383,260.9153747558594,-235.48060607910156,33.196922302246094,-0.31646036969886226,0.8514091971799267,-0.026727315010844854,-0.01310916801172941
20.724977254867554,261.0460510253906,-235.52171325683594,33.197200775146484,-0.3160603629031324,0.8507589007300794,-0.035604757854647506,-0.011922344120373265
20.735541105270386,261.0460510253906,-235.52171325683594,33.197200775146484,-0.3160603629031324,0.8507589007300794,-0.15156881899690838,-0.013704325286659476
20.745935440063477,261.0460510253906,-235.52171325683594,33.197200775146484,-0.3160603629031324,0.8507589007300794,-0.10828409318549458,-0.013700834628155488
20.75519824028015,261.1767272949219,-235.5627899169922,33.19758605957031,-0.31566092202913415,0.8500919624674657,-0.10393683786159798,-0.014299482561589541
20.765449047088623,261.1767272949219,-235.5627899169922,33.19758605957031,-0.31566092202913415,0.8500919624674657,-0.06694758903086659,-0.014295991903085553
20.77521824836731,261.1767272949219,-235.5627899169922,33.19758605957031,-0.31566092202913415,0.8500919624674657,-0.04738716779482746,-0.014898130495023598
20.785263538360596,261.3074035644531,-235.6038818359375,33.19798278808594,-0.31516078037641726,0.8494670036388853,-0.1885626390148173,-0.014892894507267612
20.79523277282715,261.3074035644531,-235.6038818359375,33.19798278808594,-0.31516078037641726,0.8494670036388853,-0.1413348693953354,-0.01488765851951163
20.805772304534912,261.3074035644531,-235.6038818359375,33.19798278808594,-0.31516078037641726,0.8494670036388853,-0.16334786081418254,-0.016081463727875753
20.81533670425415,261.4380187988281,-235.64495849609375,33.1983757019043,-0.3147607735806873,0.848827618627496,-0.10565473797564445,-0.016083209057127748
20.825221061706543,261.4380187988281,-235.64495849609375,33.1983757019043,-0.3147607735806873,0.848827618627496,-0.07379181538086022,-0.0166818569905618
20.835488319396973,261.4380187988281,-235.64495849609375,33.1983757019043,-0.3147607735806873,0.848827618627496,-0.10518883942164073,-0.016081463727875753
20.844963550567627,261.5260314941406,-235.67308044433594,33.198753356933594,-0.3143607334954438,0.8481740769977122,-0.08836051186037305,-0.015486306452945686
20.85544490814209,261.5260314941406,-235.67308044433594,33.198753356933594,-0.3143607334954438,0.8481740769977122,-0.20718479203413603,-0.01667313034430183
20.864847421646118,261.65667724609375,-235.71417236328125,33.199039459228516,-0.31386115776445855,0.84751398075175,-0.09413082300105693,-0.016081463727875753
20.875006675720215,261.65667724609375,-235.71417236328125,33.199039459228516,-0.31386115776445855,0.84751398075175,-0.09317172065096466,-0.016678366332057812
20.885310888290405,261.65667724609375,-235.71417236328125,33.199039459228516,-0.31386115776445855,0.84751398075175,-0.11505464865880036,-0.016077973069371764
20.895111322402954,261.78814697265625,-235.75526428222656,33.19943618774414,-0.3133610161117417,0.8468723278508525,-0.09601393723537091,-0.01667313034430183
20.9051296710968,261.78814697265625,-235.75526428222656,33.19943618774414,-0.3133610161117417,0.8468723278508525,-0.10147817475663579,-0.015481070465189702
20.915639638900757,261.78814697265625,-235.75526428222656,33.19943618774414,-0.3133610161117417,0.8468723278508525,-0.06212611307092612,-0.016077973069371764
20.92518162727356,261.919677734375,-235.79635620117188,33.19983673095703,-0.31296044339428014,0.8462401942632652,-0.15257308300028247,-0.015481070465189702
20.93542218208313,261.919677734375,-235.79635620117188,33.19983673095703,-0.31296044339428014,0.8462401942632652,-0.16262266926131122,-0.01607273708161578
20.945281505584717,261.919677734375,-235.79635620117188,33.19983673095703,-0.31296044339428014,0.8462401942632652,-0.17830953897333668,-0.01606924642311179
20.955289125442505,262.0520324707031,-235.83853149414062,33.20023727416992,-0.31246143358502654,0.845598519207815,-0.08850724290162618,-0.015482815794441697
20.96541738510132,262.0520324707031,-235.83853149414062,33.20023727416992,-0.31246143358502654,0.845598519207815,-0.07618600483841177,-0.016083209057127748
20.97560691833496,262.1399841308594,-235.86553955078125,33.20063018798828,-0.3121615616462836,0.844940189437765,-0.14958792193013076,-0.016077973069371764
20.98520016670227,262.1399841308594,-235.86553955078125,33.20063018798828,-0.3121615616462836,0.844940189437765,-0.04437663229347759,-0.01428726525682558
20.99526619911194,262.1399841308594,-235.86553955078125,33.20063018798828,-0.3121615616462836,0.844940189437765,-0.01624533732016402,-0.01488416786100764
21.00536036491394,262.27154541015625,-235.90774536132812,33.200923919677734,-0.3116614199935667,0.8442987729351453,0.04435908154696254,-0.013695598640399504
21.01545476913452,262.27154541015625,-235.90774536132812,33.200923919677734,-0.3116614199935667,0.8442987729351453,0.05638280126115533,-0.013697343969651499
21.025418043136597,262.27154541015625,-235.90774536132812,33.200923919677734,-0.3116614199935667,0.8442987729351453,0.07229043395272744,-0.013105677353225419
21.035704851150513,262.40386962890625,-235.94882202148438,33.20132827758789,-0.3112613799083232,0.8436455668433626,0.03064317152366114,-0.011911872144861299
21.045299291610718,262.40386962890625,-235.94882202148438,33.20132827758789,-0.3112613799083232,0.8436455668433626,0.021007073176575228,-0.011314969540679239
21.055384635925293,262.40386962890625,-235.94882202148438,33.20132827758789,-0.3112613799083232,0.8436455668433626,0.02189898491868761,-0.011314969540679239
21.06583571434021,262.537109375,-235.9910125732422,33.20174026489258,-0.3109615412590939,0.842993937809965,-0.020171482840917535,-0.010716321607245182
21.075774669647217,262.537109375,-235.9910125732422,33.20174026489258,-0.3109615412590939,0.842993937809965,0.06707875280685877,-0.009519025740377074
21.085939407348633,262.537109375,-235.9910125732422,33.20174026489258,-0.3109615412590939,0.842993937809965,-0.046790054154694255,-0.009517280411125078
21.095520973205566,262.62506103515625,-236.0179901123047,33.2021369934082,-0.31076127154511995,0.8423479369428968,-0.06308685196472605,-0.008920377806943018
21.106024265289307,262.62506103515625,-236.0179901123047,33.2021369934082,-0.31076127154511995,0.8423479369428968,-0.06711819268855085,-0.008326965861264947
21.11559271812439,262.7582702636719,-236.05909729003906,33.20243453979492,-0.3104618656595678,0.8417130077360152,-0.13888614297376772,-0.008319984544256968
21.125253915786743,262.7582702636719,-236.05909729003906,33.20243453979492,-0.3104618656595678,0.8417130077360152,-0.11253908476286095,-0.008325220532012952
21.135934591293335,262.7582702636719,-236.05909729003906,33.20243453979492,-0.3104618656595678,0.8417130077360152,-0.22048373693389783,-0.00773180858633488
21.145642518997192,262.8914794921875,-236.1001739501953,33.20285415649414,-0.3102616625246211,0.8410675769499949,-0.20638853555451653,-0.008333947178272924
21.155782222747803,262.8914794921875,-236.1001739501953,33.20285415649414,-0.3102616625246211,0.8410675769499949,-0.0642070359583363,-0.007747516549602829
21.165054321289062,262.8914794921875,-236.1001739501953,33.20285415649414,-0.3102616625246211,0.8410675769499949,-0.03251331646647432,-0.0077440258910988395
21.17523765563965,263.02471923828125,-236.14231872558594,33.203269958496094,-0.30996175729636455,0.8404009894093621,-0.13061057759512196,-0.006551966011986714
21.185110807418823,263.02471923828125,-236.14231872558594,33.203269958496094,-0.30996175729636455,0.8404009894093621,-0.1547790593021956,-0.006551966011986714
21.195136547088623,263.02471923828125,-236.14231872558594,33.203269958496094,-0.30996175729636455,0.8404009894093621,-0.15948044342359857,-0.006557201999742695
21.20526671409607,263.1579284667969,-236.18341064453125,33.20369338989258,-0.309761454292877,0.8397662217766578,-0.13944936330590943,-0.006557201999742695
21.215028524398804,263.1579284667969,-236.18341064453125,33.20369338989258,-0.309761454292877,0.8397662217766578,0.05119569153739717,-0.006555456670490702
21.22519874572754,263.1579284667969,-236.18341064453125,33.20369338989258,-0.309761454292877,0.8397662217766578,-0.0397038768855751,-0.0053616514621265795
21.23540997505188,263.2467041015625,-236.21041870117188,33.204097747802734,-0.3096618853576216,0.8391118660578242,-0.07796347269181755,-0.004768239516448509
21.245201349258423,263.2467041015625,-236.21041870117188,33.204097747802734,-0.3096618853576216,0.8391118660578242,-0.06677493434264503,-0.003577924966588375
21.25550150871277,263.38079833984375,-236.25259399414062,33.204402923583984,-0.3094621482758657,0.8384870663211746,-0.10406149858412479,-0.004169591583014453
21.26540970802307,263.38079833984375,-236.25259399414062,33.204402923583984,-0.3094621482758657,0.8384870663211746,0.026676108431917672,-0.004169591583014453
21.275609970092773,263.38079833984375,-236.25259399414062,33.204402923583984,-0.3094621482758657,0.8384870663211746,-0.03603480116549437,-0.002974041045398337
21.28545093536377,263.5148620605469,-236.29367065429688,33.20482635498047,-0.30936198012936506,0.8378327497881621,0.04129713375046072,-0.0011938052083641214
21.295472621917725,263.5148620605469,-236.29367065429688,33.20482635498047,-0.30936198012936506,0.8378327497881621,-0.007482314535748991,-0.0006021385919380437
21.305354833602905,263.5148620605469,-236.29367065429688,33.20482635498047,-0.30936198012936506,0.8378327497881621,-0.15866506386797274,0.000593411945678072
21.3160457611084,263.6488952636719,-236.334716796875,33.205257415771484,-0.3093615140761743,0.8371759417366033,-0.2032428899837428,0.0011920598791121271
21.325464010238647,263.6488952636719,-236.334716796875,33.205257415771484,-0.3093615140761743,0.8371759417366033,-0.20208955894545816,0.00238237442897226
21.335261583328247,263.6488952636719,-236.334716796875,33.205257415771484,-0.3093615140761743,0.8371759417366033,-0.06560011129777107,0.0029670597283903604
21.345727920532227,263.7829895019531,-236.3769073486328,33.205684661865234,-0.3094621815653793,0.8365410775286282,-0.09437532278492212,0.0041608649367544815
21.355451345443726,263.7829895019531,-236.3769073486328,33.205684661865234,-0.3094621815653793,0.8365410775286282,-0.1633171656815096,0.0053546701451186035
21.365619897842407,263.7829895019531,-236.3769073486328,33.205684661865234,-0.3094621815653793,0.8365410775286282,-0.2524132255208589,0.007140141969908803
21.375535011291504,263.8726806640625,-236.40391540527344,33.20608901977539,-0.309562249843339,0.8359026853691688,-0.23045531666324548,0.007735299244838867
21.385305404663086,263.8726806640625,-236.40391540527344,33.20608901977539,-0.309562249843339,0.8359026853691688,-0.16601196776994287,0.009519025740377074
21.395681858062744,264.0075378417969,-236.4460906982422,33.20640182495117,-0.309761986925095,0.8352521050415195,-0.14980060316153998,0.010712830948741195
21.405207872390747,264.0075378417969,-236.4460906982422,33.20640182495117,-0.309761986925095,0.8352521050415195,-0.1626223141475044,0.013096950706965448
21.415424823760986,264.0075378417969,-236.4460906982422,33.20640182495117,-0.309761986925095,0.8352521050415195,-0.2070385368258368,0.01488416786100764
21.42515468597412,264.1424865722656,-236.48716735839844,33.20683670043945,-0.3101625596425565,0.8346084490638696,-0.1765644233228692,0.01725781564371993
21.435824394226074,264.1424865722656,-236.48716735839844,33.20683670043945,-0.3101625596425565,0.8346084490638696,-0.22846269236642325,0.018446384864328067
21.44504189491272,264.1424865722656,-236.48716735839844,33.20683670043945,-0.3101625596425565,0.8346084490638696,-0.16209585403712456,0.02082875929330033
21.455578088760376,264.27740478515625,-236.52932739257812,33.207271575927734,-0.31066213537354176,0.8339631646296484,-0.16519697314926063,0.023211133722272587
21.465814113616943,264.27740478515625,-236.52932739257812,33.207271575927734,-0.31066213537354176,0.8339631646296484,-0.1286238601211061,0.025595253480496842
21.475815773010254,264.27740478515625,-236.52932739257812,33.207271575927734,-0.31066213537354176,0.8339631646296484,-0.013086627438708504,0.028567549196643185
21.485684156417847,264.41229248046875,-236.5703887939453,33.20771026611328,-0.31146268159721957,0.8333300106880663,-0.12596552343384887,0.0315503168883015
21.49561095237732,264.41229248046875,-236.5703887939453,33.20771026611328,-0.31146268159721957,0.8333300106880663,-0.15223564879146034,0.035126496525637874
21.50569772720337,264.5019836425781,-236.59852600097656,33.2081298828125,-0.312162593621206,0.8326784200935893,-0.17154072808661128,0.038105773558792196
21.51550579071045,264.5019836425781,-236.59852600097656,33.2081298828125,-0.312162593621206,0.8326784200935893,-0.14127472187416068,0.04167322654986861
21.525502920150757,264.5019836425781,-236.59852600097656,33.2081298828125,-0.312162593621206,0.8326784200935893,-0.2026766408663374,0.04465599424152692
21.535785913467407,264.6377868652344,-236.64071655273438,33.20844268798828,-0.31336261400839577,0.832027958725284,-0.21132791300113243,0.04823566453736729
21.545586109161377,264.6377868652344,-236.64071655273438,33.20844268798828,-0.31336261400839577,0.832027958725284,-0.22029286156073058,0.051811844174703664
21.555363416671753,264.6377868652344,-236.64071655273438,33.20844268798828,-0.31336261400839577,0.832027958725284,-0.258103997963166,0.05538453315353606
21.566057443618774,264.77349853515625,-236.68289184570312,33.20888900756836,-0.3149626079018017,0.831398411301328,-0.30836553239611064,0.05776167159475233
21.57530951499939,264.77349853515625,-236.68289184570312,33.20888900756836,-0.3149626079018017,0.831398411301328,-0.43705466478201077,0.06073745796940267
21.585289478302002,264.77349853515625,-236.68289184570312,33.20888900756836,-0.3149626079018017,0.831398411301328,-0.41206325730939525,0.06312506838613091
21.595908641815186,264.9093017578125,-236.72511291503906,33.20933151245117,-0.3167629047986953,0.8307301259728189,-0.4280337377764071,0.06551267880285916
21.60551428794861,264.9093017578125,-236.72511291503906,33.20933151245117,-0.3167629047986953,0.8307301259728189,-0.41775906172118915,0.06908013179393557
21.615262985229492,264.9093017578125,-236.72511291503906,33.20933151245117,-0.3167629047986953,0.8307301259728189,-0.43763982574195287,0.07026870101454369
21.6254723072052,265.0450439453125,-236.76841735839844,33.209774017333984,-0.3187629387773448,0.8300787630771718,-0.47309204313246433,0.07384488065188008
21.635393857955933,265.0450439453125,-236.76841735839844,33.209774017333984,-0.3187629387773448,0.8300787630771718,-0.5155636574377818,0.0750421765187482
21.64548110961914,265.0450439453125,-236.76841735839844,33.209774017333984,-0.3187629387773448,0.8300787630771718,-0.5723179445121175,0.07682764834353839
21.65559482574463,265.1355895996094,-236.79653930664062,33.210201263427734,-0.3202628311032774,0.8294556134162334,-0.5527419516792564,0.0780231988811545
21.66608738899231,265.1355895996094,-236.79653930664062,33.210201263427734,-0.3202628311032774,0.8294556134162334,-0.45647099355317977,0.07921525876026664
21.675523042678833,265.2721862792969,-236.84095764160156,33.21052169799805,-0.3226628385881432,0.8287750547220916,-0.4856572304327673,0.08101643854832478
21.685425281524658,265.2721862792969,-236.84095764160156,33.21052169799805,-0.3226628385881432,0.8287750547220916,-0.4677922437038914,0.08340579429430503
21.6956729888916,265.2721862792969,-236.84095764160156,33.21052169799805,-0.3226628385881432,0.8287750547220916,-0.5877806567839037,0.08460483549042512
21.705483436584473,265.4088134765625,-236.88427734375,33.210975646972656,-0.32506341199474065,0.8281059372754943,-0.6477756961514134,0.08579515004028526
21.715444326400757,265.4088134765625,-236.88427734375,33.210975646972656,-0.32506341199474065,0.8281059372754943,-0.6352495454714229,0.08579515004028526
21.725383281707764,265.4088134765625,-236.88427734375,33.210975646972656,-0.32506341199474065,0.8281059372754943,-0.5440964902733223,0.08639205264446732
21.73551344871521,265.5454406738281,-236.92979431152344,33.211421966552734,-0.327663189850876,0.8274568582761102,-0.645177141139252,0.08699768189490936
21.746120929718018,265.5454406738281,-236.92979431152344,33.211421966552734,-0.327663189850876,0.8274568582761102,-0.5392800126351954,0.08700117255341334
21.7556095123291,265.5454406738281,-236.92979431152344,33.211421966552734,-0.327663189850876,0.8274568582761102,-0.5353866302095972,0.08819497776177747
21.765411853790283,265.6368408203125,-236.96017456054688,33.21186065673828,-0.3293628525480782,0.8268298313626549,-0.46054897137966416,0.08819497776177747
21.775754928588867,265.6368408203125,-236.96017456054688,33.21186065673828,-0.3293628525480782,0.8268298313626549,-0.4991719875599994,0.08819672309102947
21.78560733795166,265.7743225097656,-237.00567626953125,33.212181091308594,-0.33206323131439125,0.8260887797176951,-0.3971991313163264,0.08879362569521151
21.795888662338257,265.7743225097656,-237.00567626953125,33.212181091308594,-0.33206323131439125,0.8260887797176951,-0.4649909574772518,0.08939925494565355
21.805862188339233,265.7743225097656,-237.00567626953125,33.212181091308594,-0.33206323131439125,0.8260887797176951,-0.4013425980866803,0.09118647209969574
21.815417766571045,265.91265869140625,-237.0522918701172,33.212646484375,-0.33466294259149937,0.8253688449108499,-0.39794500367304936,0.09118821742894774
21.825517654418945,265.91265869140625,-237.0522918701172,33.212646484375,-0.33466294259149937,0.8253688449108499,-0.31263398913399576,0.09177813871612181
21.83619713783264,265.91265869140625,-237.0522918701172,33.212646484375,-0.33466294259149937,0.8253688449108499,-0.42170328438145865,0.09118821742894774
21.84576988220215,266.0518798828125,-237.10003662109375,33.2131233215332,-0.337463589372854,0.8246171406180843,-0.3948792174054141,0.0917868653623818
21.855664014816284,266.0518798828125,-237.10003662109375,33.2131233215332,-0.337463589372854,0.8246171406180843,-0.3433503688053604,0.09179035602088577
21.865591049194336,266.0518798828125,-237.10003662109375,33.2131233215332,-0.337463589372854,0.8246171406180843,-0.40652533483324277,0.09119345341670372
21.875428438186646,266.1894226074219,-237.14892578125,33.21359634399414,-0.3401628695852174,0.8238998343854748,-0.36107446642368807,0.09059829614177366
21.885520696640015,266.1894226074219,-237.14892578125,33.21359634399414,-0.3401628695852174,0.8238998343854748,-0.3135367674322482,0.08999266689133162
21.89551043510437,266.1894226074219,-237.14892578125,33.21359634399414,-0.3401628695852174,0.8238998343854748,-0.31349975348630654,0.08999266689133162
21.90555691719055,266.27911376953125,-237.18370056152344,33.214046478271484,-0.3419626005603793,0.8231744245746239,-0.29141596322085156,0.08939227362864557
21.915952682495117,266.27911376953125,-237.18370056152344,33.214046478271484,-0.3419626005603793,0.8231744245746239,-0.26882379036798776,0.08939750961640154
21.92552614212036,266.27911376953125,-237.18370056152344,33.214046478271484,-0.3419626005603793,0.8231744245746239,-0.28287866471873774,0.08820021374953343
21.93556046485901,266.41497802734375,-237.2359161376953,33.214378356933594,-0.34466417774918295,0.8224242144417295,-0.1504984806266919,0.08760505647460337
21.945767402648926,266.41497802734375,-237.2359161376953,33.214378356933594,-0.34466417774918295,0.8224242144417295,-0.19915654980800646,0.08820195907878545
21.955576419830322,266.55078125,-237.2892303466797,33.214847564697266,-0.34726342297310026,0.8217057254728609,-0.05344995603830699,0.0870133898581773
21.965339183807373,266.55078125,-237.2892303466797,33.214847564697266,-0.34726342297310026,0.8217057254728609,-0.10037593666857048,0.08820544973728943
21.975611686706543,266.55078125,-237.2892303466797,33.214847564697266,-0.34726342297310026,0.8217057254728609,-0.10945329595664144,0.08760505647460337
21.985533237457275,266.6883850097656,-237.34361267089844,33.215328216552734,-0.3498631342502084,0.8209924903646885,-0.19857362868898498,0.08700989919967331
21.995521545410156,266.6883850097656,-237.34361267089844,33.215328216552734,-0.3498631342502084,0.8209924903646885,-0.10985152491236416,0.08640426994923127
22.00592827796936,266.6883850097656,-237.34361267089844,33.215328216552734,-0.3498631342502084,0.8209924903646885,-0.11699822746060873,0.08521570072862315
22.015527486801147,266.82598876953125,-237.39804077148438,33.21581268310547,-0.3524639773707798,0.8202371062855941,-0.03554074481054825,0.08402015019100703
22.025600910186768,266.82598876953125,-237.39804077148438,33.21581268310547,-0.3524639773707798,0.8202371062855941,-0.05496012607262557,0.08402189552025902
22.03587055206299,266.82598876953125,-237.39804077148438,33.21581268310547,-0.3524639773707798,0.8202371062855941,-0.13052624749257852,0.0828280903118949
22.045573472976685,266.9182434082031,-237.43502807617188,33.216270446777344,-0.35416417270019995,0.8195194930411711,-0.14572350674349538,0.08163079444502679
22.055887460708618,266.9182434082031,-237.43502807617188,33.216270446777344,-0.35416417270019995,0.8195194930411711,-0.24481730945136226,0.08163428510353077
22.065739631652832,267.056640625,-237.4894256591797,33.216617584228516,-0.3565641136060385,0.8187943469993457,-0.15536643137835238,0.07924667468680252
22.075692892074585,267.056640625,-237.4894256591797,33.216617584228516,-0.3565641136060385,0.8187943469993457,-0.12163032625660841,0.07805286947843842
22.086036682128906,267.056640625,-237.4894256591797,33.216617584228516,-0.3565641136060385,0.8187943469993457,-0.011638735168219505,0.0768555736115703
22.095486640930176,267.1968078613281,-237.54605102539062,33.217105865478516,-0.35896368832722714,0.8180554516261195,-0.13800943706940583,0.07626041633664023
22.10564088821411,267.1968078613281,-237.54605102539062,33.217105865478516,-0.35896368832722714,0.8180554516261195,-0.17129949561212254,0.07566002307395418
22.11578607559204,267.1968078613281,-237.54605102539062,33.217105865478516,-0.35896368832722714,0.8180554516261195,-0.06327739377480929,0.07386756993215601
22.12570595741272,267.338623046875,-237.6015167236328,33.21760177612305,-0.3611644580730414,0.8173259573371384,-0.09713459354593068,0.07207860744886183
22.13561224937439,267.338623046875,-237.6015167236328,33.21760177612305,-0.3611644580730414,0.8173259573371384,0.022221631571860245,0.07029488095332362
22.146113634109497,267.338623046875,-237.6015167236328,33.21760177612305,-0.3611644580730414,0.8173259573371384,0.015542211076405299,0.0702983716118276
22.156267166137695,267.4351806640625,-237.63739013671875,33.21807861328125,-0.36256368290976904,0.8166168571384999,-0.014987120934563003,0.06911154772047146
22.165606021881104,267.4351806640625,-237.63739013671875,33.21807861328125,-0.36256368290976904,0.8166168571384999,-0.04235041253540106,0.06792123317061133
22.176044464111328,267.58209228515625,-237.6916961669922,33.21844482421875,-0.36466495029935514,0.815876669577892,-0.14327503803170755,0.06673091862075119
22.186002492904663,267.58209228515625,-237.6916961669922,33.21844482421875,-0.36466495029935514,0.815876669577892,-0.163139799642253,0.064941956137457
22.19586420059204,267.58209228515625,-237.6916961669922,33.21844482421875,-0.36466495029935514,0.815876669577892,-0.14270102311142363,0.06255958170848475
22.20560598373413,267.7290344238281,-237.74603271484375,33.21896743774414,-0.3666643850667594,0.815161750571627,-0.10716200192742065,0.06136752182937262
22.215607166290283,267.7290344238281,-237.74603271484375,33.21896743774414,-0.3666643850667594,0.815161750571627,-0.11352020194273088,0.06077410988369455
22.22558856010437,267.7290344238281,-237.74603271484375,33.21896743774414,-0.3666643850667594,0.815161750571627,-0.08224319431311972,0.06077410988369455
22.23592257499695,267.8768615722656,-237.80145263671875,33.21949005126953,-0.3684641826209486,0.8144185909098148,-0.09567621828901007,0.05898863805890435
22.245554208755493,267.8768615722656,-237.80145263671875,33.21949005126953,-0.3684641826209486,0.8144185909098148,-0.10396669362822819,0.05898340207114837
22.255999326705933,267.8768615722656,-237.80145263671875,33.21949005126953,-0.3684641826209486,0.8144185909098148,-0.07821338422572022,0.057194439587854175
22.265997171401978,268.0255126953125,-237.85794067382812,33.22001266479492,-0.37016484400355953,0.8137067051326954,-0.07941997405544499,0.05600587036724603
22.276151657104492,268.0255126953125,-237.85794067382812,33.22001266479492,-0.37016484400355953,0.8137067051326954,-0.11165534950338696,0.05422039854245583
22.286223888397217,268.1254577636719,-237.89602661132812,33.22052001953125,-0.3712647961127895,0.8129834738343978,-0.09960402760652759,0.053037065309603684
22.29583430290222,268.1254577636719,-237.89602661132812,33.22052001953125,-0.3712647961127895,0.8129834738343978,0.002357859195665779,0.05244016270542163
22.305564880371094,268.1254577636719,-237.89602661132812,33.22052001953125,-0.3712647961127895,0.8129834738343978,0.020838069508438306,0.05065643620988342
22.315642595291138,268.27496337890625,-237.9525146484375,33.22089767456055,-0.3728647567166819,0.8122775490154598,0.029228998440285425,0.05065294555137943
22.325616359710693,268.27496337890625,-237.9525146484375,33.22089767456055,-0.3728647567166819,0.8122775490154598,0.011261093208838946,0.04887096438509322
22.335638284683228,268.27496337890625,-237.9525146484375,33.22089767456055,-0.3728647567166819,0.8122775490154598,-0.033393726816817126,0.048277552439415145
22.345683097839355,268.42620849609375,-238.01124572753906,33.221435546875,-0.3742650135283319,0.8115326348829924,-0.02756712388218241,0.046490335285372955
22.355932474136353,268.42620849609375,-238.01124572753906,33.221435546875,-0.3742650135283319,0.8115326348829924,0.02835719259387881,0.045895178010442884
22.365822792053223,268.42620849609375,-238.01124572753906,33.221435546875,-0.3742650135283319,0.8115326348829924,0.059924132075216796,0.04530002073551282
22.375722646713257,268.57745361328125,-238.06884765625,33.221981048583984,-0.3756647709972776,0.8108278494478005,0.1690064544598625,0.044111451514904684
22.386155128479004,268.57745361328125,-238.06884765625,33.221981048583984,-0.3756647709972776,0.8108278494478005,0.1575325543592101,0.044113196844156675
22.396194219589233,268.57745361328125,-238.06884765625,33.221981048583984,-0.3756647709972776,0.8108278494478005,0.008019094633103352,0.043518039569226605
22.405842304229736,268.73040771484375,-238.128662109375,33.222530364990234,-0.37696436031972264,0.8100724131167555,0.07968707612152104,0.041730822415184415
22.41658592224121,268.73040771484375,-238.128662109375,33.222530364990234,-0.37696436031972264,0.8100724131167555,0.2478731762266338,0.04113566514025435
22.425793170928955,268.8320617675781,-238.16778564453125,33.223052978515625,-0.377864542057683,0.8093308310050986,0.17197079424938638,0.03875503604053408
22.436147928237915,268.8320617675781,-238.16778564453125,33.223052978515625,-0.377864542057683,0.8093308310050986,0.11623134551409026,0.03875503604053408
22.44577670097351,268.8320617675781,-238.16778564453125,33.223052978515625,-0.377864542057683,0.8093308310050986,0.05089689548506804,0.03577052301962379
22.455763816833496,268.9867248535156,-238.2275848388672,33.22344970703125,-0.3789643610088585,0.8085733448981819,0.06730179992989421,0.03338116727364355
22.465720891952515,268.9867248535156,-238.2275848388672,33.22344970703125,-0.3789643610088585,0.8085733448981819,0.16180626623491,0.03218910739453142
22.475772380828857,268.9867248535156,-238.2275848388672,33.22344970703125,-0.3789643610088585,0.8085733448981819,0.10912993193715398,0.031002283503175274
22.486324310302734,269.1413879394531,-238.28846740722656,33.22402572631836,-0.3799652102360239,0.8078095304957574,0.11503903439274099,0.029815459611819133
22.49568748474121,269.1413879394531,-238.28846740722656,33.22402572631836,-0.3799652102360239,0.8078095304957574,0.13820604532709413,0.02742086787808291
22.505657196044922,269.1413879394531,-238.28846740722656,33.22402572631836,-0.3799652102360239,0.8078095304957574,0.15375761579922537,0.026223572011214797
22.515981912612915,269.29693603515625,-238.349365234375,33.22459411621094,-0.3807652238274837,0.8070473153254816,0.18464928658765606,0.023830725606730576
22.525676727294922,269.29693603515625,-238.349365234375,33.22459411621094,-0.3807652238274837,0.8070473153254816,0.11112356262532508,0.02145533249476629
22.536205291748047,269.4011535644531,-238.3907012939453,33.22514724731445,-0.3811647312805092,0.8062939711008131,0.19436095385361452,0.01907121273654204
22.545629501342773,269.4011535644531,-238.3907012939453,33.22514724731445,-0.3811647312805092,0.8062939711008131,0.2861162120694321,0.016692328966073765
22.55602240562439,269.4011535644531,-238.3907012939453,33.22514724731445,-0.3811647312805092,0.8062939711008131,0.3641990357362298,0.015503759745465629
22.565864324569702,269.5592346191406,-238.4526824951172,33.22555923461914,-0.3816653722759305,0.8055318632852381,0.43849155483019914,0.014912093129039553
22.575777292251587,269.5592346191406,-238.4526824951172,33.22555923461914,-0.3816653722759305,0.8055318632852381,0.3937688643035096,0.01491558378754354
22.585583209991455,269.5592346191406,-238.4526824951172,33.22555923461914,-0.3816653722759305,0.8055318632852381,0.2414390856608046,0.013723523908431413
22.595666885375977,269.7173156738281,-238.51466369628906,33.22615051269531,-0.38216551392864734,0.8047513073957523,0.23719841403572545,0.011932816095885231
22.60601806640625,269.7173156738281,-238.51466369628906,33.22615051269531,-0.38216551392864734,0.8047513073957523,0.27428291130177396,0.01073552022901712
22.616028547286987,269.7173156738281,-238.51466369628906,33.22615051269531,-0.38216551392864734,0.8047513073957523,0.18877831645435478,0.008346164483036883
22.62601590156555,269.8762512207031,-238.5777130126953,33.22674560546875,-0.3824659517891219,0.8040016462281474,0.36424641497017074,0.005960299395560636
22.635923862457275,269.8762512207031,-238.5777130126953,33.22674560546875,-0.3824659517891219,0.8040016462281474,0.3865210856284996,0.005956808737056647
22.645729303359985,269.8762512207031,-238.5777130126953,33.22674560546875,-0.3824659517891219,0.8040016462281474,0.5025209854519744,0.005949827420048669
22.65623664855957,270.0368957519531,-238.64077758789062,33.22733688354492,-0.3826656888708779,0.8032390137105774,0.40469836014353966,0.006544984694978735
22.665900945663452,270.0368957519531,-238.64077758789062,33.22733688354492,-0.3826656888708779,0.8032390137105774,0.2671922221355033,0.006544984694978735
22.675714015960693,270.14373779296875,-238.68319702148438,33.2279167175293,-0.38276579043835124,0.8024803074530471,0.3359755401396656,0.00476474885794452
22.685848474502563,270.14373779296875,-238.68319702148438,33.2279167175293,-0.38276579043835124,0.8024803074530471,0.455895331942967,0.0041661009245104645
22.696487188339233,270.14373779296875,-238.68319702148438,33.2279167175293,-0.38276579043835124,0.8024803074530471,0.5248723724112297,0.0029705503868943488
22.706125259399414,270.3061218261719,-238.747314453125,33.22834014892578,-0.38296552752010715,0.8017242996126548,0.39399383746464994,0.002974041045398337
22.715739488601685,270.3061218261719,-238.747314453125,33.22834014892578,-0.38296552752010715,0.8017242996126548,0.35173722159409465,0.0029688050576423546
22.72570013999939,270.3061218261719,-238.747314453125,33.22834014892578,-0.38296552752010715,0.8017242996126548,0.3634803896975827,0.0029653143991383657
22.735924243927002,270.46844482421875,-238.8114776611328,33.22896194458008,-0.38296662607405685,0.800954723079034,0.4175792251988063,0.0029653143991383657
22.746151447296143,270.46844482421875,-238.8114776611328,33.22896194458008,-0.38296662607405685,0.800954723079034,0.38801426433916586,0.0023684117949563047
22.756591796875,270.46844482421875,-238.8114776611328,33.22896194458008,-0.38296662607405685,0.800954723079034,0.38142885852854347,0.0023649211364523163
22.765639066696167,270.57781982421875,-238.85386657714844,33.229549407958984,-0.38306569566660775,0.8002128744450976,0.470152696263919,0.0029600784113823827
22.77614164352417,270.57781982421875,-238.85386657714844,33.229549407958984,-0.38306569566660775,0.8002128744450976,0.5271942956838518,0.0029653143991383657
22.78604006767273,270.7430725097656,-238.91786193847656,33.23131561279297,-0.38307145475246507,0.7988945244493714,0.46485508859457436,0.0035604716740684317
22.795902729034424,270.7430725097656,-238.91786193847656,33.23131561279297,-0.38307145475246507,0.7988945244493714,0.4710736594380564,0.0023684117949563047
22.805918216705322,270.7430725097656,-238.91786193847656,33.23131561279297,-0.38307145475246507,0.7988945244493714,0.4252826194535395,0.0017802358370342158
22.815873622894287,270.90966796875,-238.9830780029297,33.23334884643555,-0.38306466369168535,0.8035142280015183,0.27183860610857413,0.0005916666164260776
22.825828790664673,270.90966796875,-238.9830780029297,33.23334884643555,-0.38306466369168535,0.8035142280015183,0.22713058130414343,-5.235987755982988e-06
22.835888147354126,270.90966796875,-238.9830780029297,33.23334884643555,-0.38306466369168535,0.8035142280015183,0.17465353675175088,-0.0006038839211900379
22.8458468914032,271.0762023925781,-239.04896545410156,33.23419952392578,-0.3830134644197286,0.7903748600833737,0.17764304470561437,-0.00239459173373622
22.8557870388031,271.0762023925781,-239.04896545410156,33.23419952392578,-0.3830134644197286,0.7903748600833737,0.29674353016365707,-0.002389355745980237
22.865872144699097,271.0762023925781,-239.04896545410156,33.23419952392578,-0.3830134644197286,0.7903748600833737,0.27852200299467933,-0.0023876104167282427
22.87567663192749,271.2420349121094,-239.11566162109375,33.23503875732422,-0.38286649121706984,0.8124610192451135,0.2291713869024028,-0.004181808887778414
22.885717153549194,271.2420349121094,-239.11566162109375,33.23503875732422,-0.38286649121706984,0.8124610192451135,0.2665167710852444,-0.0035918876006043304
22.896487712860107,271.3532409667969,-239.16262817382812,33.235870361328125,-0.38277700900444317,0.7980695025104797,0.21321789581269718,-0.0047856928089684515
22.905779123306274,271.3532409667969,-239.16262817382812,33.235870361328125,-0.38277700900444317,0.7980695025104797,0.30541974979127373,-0.005373868766890541
22.91638469696045,271.3532409667969,-239.16262817382812,33.235870361328125,-0.38277700900444317,0.7980695025104797,0.367196370791239,-0.005960299395560636
22.925914525985718,271.5199890136719,-239.23353576660156,33.23651123046875,-0.38266139452362014,0.8192497869163929,0.25421481185914674,-0.007157595262428746
22.935699462890625,271.5199890136719,-239.23353576660156,33.23651123046875,-0.38266139452362014,0.8192497869163929,0.42825480026232643,-0.007159340591680739
22.945757627487183,271.5199890136719,-239.23353576660156,33.23651123046875,-0.38266139452362014,0.8192497869163929,0.4210137750125767,-0.00715584993317675
22.95659589767456,271.6875915527344,-239.30442810058594,33.237327575683594,-0.38237160930750586,0.8038472967684438,0.3468509147108588,-0.007148868616168775
22.96556258201599,271.6875915527344,-239.30442810058594,33.237327575683594,-0.38237160930750586,0.8038472967684438,0.5684534458763805,-0.005948082090796674
22.97673797607422,271.6875915527344,-239.30442810058594,33.237327575683594,-0.38237160930750586,0.8038472967684438,0.4244181471161164,-0.005351179486614613
22.986133098602295,271.8005065917969,-239.3523406982422,33.23814010620117,-0.3822528323228883,0.824867421742361,0.3693233958914478,-0.0035587263448164375
22.995792865753174,271.8005065917969,-239.3523406982422,33.23814010620117,-0.3822528323228883,0.824867421742361,0.3932904127956595,-0.0035587263448164375
23.00606393814087,271.8005065917969,-239.3523406982422,33.23814010620117,-0.3822528323228883,0.824867421742361,0.35457728102789227,-0.0047577675409365425
23.015726566314697,271.9698486328125,-239.4231719970703,33.2387580871582,-0.3821623514248529,0.8089913938873291,0.23890234518884318,-0.005948082090796674
23.02596426010132,271.9698486328125,-239.4231719970703,33.2387580871582,-0.3821623514248529,0.8089913938873291,0.3292823334173483,-0.005944591432292686
23.036452531814575,272.1399841308594,-239.49508666992188,33.23955154418945,-0.38194660208704284,0.8298963201311534,0.44691958269787646,-0.00415213829049451
23.04608416557312,272.1399841308594,-239.49508666992188,33.23955154418945,-0.38194660208704284,0.8298963201311534,0.48832766786016296,-0.0029653143991383657
23.056357860565186,272.1399841308594,-239.49508666992188,33.23955154418945,-0.38194660208704284,0.8298963201311534,0.49588751115654506,-0.0023771384412162766
23.06667685508728,272.3118896484375,-239.56700134277344,33.24034118652344,-0.3818576525066342,0.8134727531253019,0.4505113066858958,-0.0029705503868943488
23.07668972015381,272.3118896484375,-239.56700134277344,33.24034118652344,-0.3818576525066342,0.8134727531253019,0.29969505748381253,-0.0029705503868943488
23.087326288223267,272.3118896484375,-239.56700134277344,33.24034118652344,-0.3818576525066342,0.8134727531253019,0.4424882557555907,-0.0035744343080843875
23.09711790084839,272.4837341308594,-239.63885498046875,33.24112319946289,-0.3817437025014924,0.8342198101333218,0.35535804387941194,-0.002373647782712288
23.106691598892212,272.4837341308594,-239.63885498046875,33.24112319946289,-0.3817437025014924,0.8342198101333218,0.22081147177480054,-0.0005759586531581287
23.116841316223145,272.59918212890625,-239.6879119873047,33.24189376831055,-0.38165315502442976,0.8174195367745397,0.38603062128699195,1.2217304763960306e-05
23.126842498779297,272.59918212890625,-239.6879119873047,33.24189376831055,-0.38165315502442976,0.8174195367745397,0.4896296968117409,6.981317007977319e-06
23.136879444122314,272.59918212890625,-239.6879119873047,33.24189376831055,-0.38165315502442976,0.8174195367745397,0.3371457511647845,0.000598647933434055
23.147016525268555,272.7752380371094,-239.7563934326172,33.242462158203125,-0.38164037185119737,0.838153601431053,0.3272810279347685,8.726646259971648e-06
23.157181978225708,272.7752380371094,-239.7563934326172,33.242462158203125,-0.38164037185119737,0.838153601431053,0.3558134598974175,1.2217304763960306e-05
23.166998147964478,272.7752380371094,-239.7563934326172,33.242462158203125,-0.38164037185119737,0.838153601431053,0.23009988952752536,1.7453292519943298e-06
23.177375316619873,272.9513244628906,-239.8260498046875,33.24322509765625,-0.3816547529210838,0.8208791668465726,0.24132898639859274,-0.0011955505376161158
23.187082052230835,272.9513244628906,-239.8260498046875,33.24322509765625,-0.3816547529210838,0.8208791668465726,0.20815297036390307,-0.0017976891295541594
23.197235345840454,272.9513244628906,-239.8260498046875,33.24322509765625,-0.3816547529210838,0.8208791668465726,0.23855855132882883,-0.002399827721492203
23.207416772842407,273.1291198730469,-239.8956756591797,33.24397277832031,-0.38164350106547823,0.8412279476048938,0.2985237853794013,-0.0029932396671702756
23.217588424682617,273.1291198730469,-239.8956756591797,33.24397277832031,-0.38164350106547823,0.8412279476048938,0.41053922023719924,-0.0035953782591083188
23.227960109710693,273.2479248046875,-239.9424285888672,33.24471664428711,-0.3815566820139416,0.8235331445131563,0.40414593725349895,-0.002401573050744197
23.238689184188843,273.2479248046875,-239.9424285888672,33.24471664428711,-0.3815566820139416,0.8235331445131563,0.43847905340583626,-0.0029949849964222694
23.24770474433899,273.2479248046875,-239.9424285888672,33.24471664428711,-0.3815566820139416,0.8235331445131563,0.4056840055902956,-0.0018029251173101422
23.257970809936523,273.426513671875,-240.01315307617188,33.24525451660156,-0.381446993066544,0.8436948286989783,0.3052550706865193,-0.002991494337918281
23.268027305603027,273.426513671875,-240.01315307617188,33.24525451660156,-0.381446993066544,0.8436948286989783,0.24517800249315122,-0.003583160954344359
23.27807593345642,273.426513671875,-240.01315307617188,33.24525451660156,-0.381446993066544,0.8436948286989783,0.22780519120897555,-0.004775220833456485
23.28850293159485,273.60595703125,-240.08279418945312,33.2459831237793,-0.38136493441545594,0.8254948936650517,0.3735952382254923,-0.005969026041820607
23.298144340515137,273.60595703125,-240.08279418945312,33.2459831237793,-0.38136493441545594,0.8254948936650517,0.3029160446138402,-0.0059637900540646235
23.308159351348877,273.60595703125,-240.08279418945312,33.2459831237793,-0.38136493441545594,0.8254948936650517,0.20080303275663608,-0.007148868616168775
23.3185031414032,273.7862854003906,-240.15345764160156,33.2467041015625,-0.3811572078504297,0.8450859431495477,0.21351795095233364,-0.007141887299160796
23.328338623046875,273.7862854003906,-240.15345764160156,33.2467041015625,-0.3811572078504297,0.8450859431495477,0.20901038294850757,-0.007150613945420768
23.338598251342773,273.7862854003906,-240.15345764160156,33.2467041015625,-0.3811572078504297,0.8450859431495477,0.31400979757262626,-0.008349655141540872
23.348440408706665,273.9073791503906,-240.1990509033203,33.250789642333984,-0.38106080141896886,0.8404319851211103,0.24956493523741557,-0.0077562431958628
23.359027862548828,273.9073791503906,-240.1990509033203,33.250789642333984,-0.38106080141896886,0.8404319851211103,0.2869396121187461,-0.008346164483036883
23.368680715560913,274.0882263183594,-240.27149963378906,33.25156021118164,-0.3808206175781573,0.8724259864660533,0.24162613050609275,-0.008337437836776911
23.3784122467041,274.0882263183594,-240.27149963378906,33.25156021118164,-0.3808206175781573,0.8724259864660533,0.16052862344742716,-0.008925613794699002
23.38872480392456,274.0882263183594,-240.27149963378906,33.25156021118164,-0.3808206175781573,0.8724259864660533,0.31265019260924154,-0.008930849782454984
23.399653434753418,274.2709045410156,-240.34246826171875,33.25251007080078,-0.3806959150601144,0.8653537598434375,0.2743237112990575,-0.01012989097857509
23.408822298049927,274.2709045410156,-240.34246826171875,33.25251007080078,-0.3806959150601144,0.8653537598434375,0.22155868380151877,-0.0113271868454432
23.4192898273468,274.2709045410156,-240.34246826171875,33.25251007080078,-0.3806959150601144,0.8653537598434375,0.26751765143588857,-0.01072679358275715
23.42930769920349,274.4544982910156,-240.41552734375,33.2534294128418,-0.380326301590325,0.8886686810147995,0.3251480160965119,-0.010723302924253159
23.43990397453308,274.4544982910156,-240.41552734375,33.2534294128418,-0.380326301590325,0.8886686810147995,0.456580052495611,-0.01012989097857509
23.44975471496582,274.57666015625,-240.4633331298828,33.25444030761719,-0.3801500336156754,0.876284968400812,0.49253528070845526,-0.008944812416470937
23.459123373031616,274.57666015625,-240.4633331298828,33.25444030761719,-0.3801500336156754,0.876284968400812,0.4537488271896835,-0.00893783109946296
23.468968152999878,274.57666015625,-240.4633331298828,33.25444030761719,-0.3801500336156754,0.876284968400812,0.3784662206264567,-0.007745771220350834
23.479145526885986,274.7619934082031,-240.53622436523438,33.25522232055664,-0.3799306224313665,0.8972686461822599,0.44315014807234443,-0.0083409284952809
23.488975763320923,274.7619934082031,-240.53622436523438,33.25522232055664,-0.3799306224313665,0.8972686461822599,0.4086390870051645,-0.007747516549602829
23.499227046966553,274.7619934082031,-240.53622436523438,33.25522232055664,-0.3799306224313665,0.8972686461822599,0.3783126106946262,-0.0083409284952809
23.509889602661133,274.94744873046875,-240.6079864501953,33.25619888305664,-0.3796493593307405,0.8849906715373582,0.4773546187103468,-0.008342673824532895
23.519392490386963,274.94744873046875,-240.6079864501953,33.25619888305664,-0.3796493593307405,0.8849906715373582,0.28528137850801244,-0.008932595111706979
23.529396057128906,274.94744873046875,-240.6079864501953,33.25619888305664,-0.3796493593307405,0.8849906715373582,0.3347892944087216,-0.00952949771588904
23.539843797683716,275.13372802734375,-240.6808319091797,33.257164001464844,-0.37942991485691796,0.9046403051912955,0.348630175013485,-0.008932595111706979
23.549886226654053,275.13372802734375,-240.6808319091797,33.257164001464844,-0.37942991485691796,0.9046403051912955,0.2696902599487021,-0.009532988374393028
23.559900522232056,275.13372802734375,-240.6808319091797,33.257164001464844,-0.37942991485691796,0.9046403051912955,0.36641174731100057,-0.008349655141540872
23.569809675216675,275.25927734375,-240.72972106933594,33.25812530517578,-0.37924349358061243,0.8921891631282804,0.22736009709486113,-0.009536479032897017
23.580109119415283,275.25927734375,-240.72972106933594,33.25812530517578,-0.37924349358061243,0.8921891631282804,0.21704899051108617,-0.009534733703645023
23.590051651000977,275.447265625,-240.80259704589844,33.258846282958984,-0.37891269568371094,0.9114747292535639,0.3630539218161383,-0.010128145649323095
23.600096940994263,275.447265625,-240.80259704589844,33.258846282958984,-0.37891269568371094,0.9114747292535639,0.3591715182714256,-0.009531243045141033
23.609941959381104,275.447265625,-240.80259704589844,33.258846282958984,-0.37891269568371094,0.9114747292535639,0.35056234304359524,-0.008936085770210968
23.62023639678955,275.6360778808594,-240.8765411376953,33.2597770690918,-0.37862783731561334,0.8986182383221513,0.20448030623703697,-0.010725048253505155
23.63040328025818,275.6360778808594,-240.8765411376953,33.2597770690918,-0.37862783731561334,0.8986182383221513,0.29244799467046606,-0.01132020552843522
23.640422582626343,275.6360778808594,-240.8765411376953,33.2597770690918,-0.37862783731561334,0.8986182383221513,0.3905509544205869,-0.012522737383059314
23.650543212890625,275.82574462890625,-240.95046997070312,33.26069641113281,-0.3783022991618648,0.9169892062872259,0.43809665260803426,-0.011924089449625261
23.66040277481079,275.82574462890625,-240.95046997070312,33.26069641113281,-0.3783022991618648,0.9169892062872259,0.4850358908862052,-0.011918853461869276
23.670624256134033,275.82574462890625,-240.95046997070312,33.26069641113281,-0.3783022991618648,0.9169892062872259,0.31364204313036714,-0.00952949771588904
23.68065357208252,275.95220947265625,-240.99937438964844,33.2615966796875,-0.3780146777641362,0.9038374024083037,0.3675910432679006,-0.009527752386637046
23.69113278388977,275.95220947265625,-240.99937438964844,33.2615966796875,-0.3780146777641362,0.9038374024083037,0.3665767615129283,-0.01012989097857509
23.700769424438477,276.14361572265625,-241.07440185546875,33.26226806640625,-0.3776829144713396,0.9219192564981311,0.30375277118326705,-0.01012989097857509
23.710647106170654,276.14361572265625,-241.07440185546875,33.26226806640625,-0.3776829144713396,0.9219192564981311,0.3468702681654846,-0.01131147888217525
23.721117973327637,276.14361572265625,-241.07440185546875,33.26226806640625,-0.3776829144713396,0.9219192564981311,0.36138787035133957,-0.010704104302481223
23.730750799179077,276.33441162109375,-241.14903259277344,33.26239013671875,-0.37750657991766273,0.9059341553528893,0.26551136007777765,-0.010707594960985212
23.740984201431274,276.33441162109375,-241.14903259277344,33.26239013671875,-0.37750657991766273,0.9059341553528893,0.09914320619196726,-0.010718066936497177
23.751089811325073,276.33441162109375,-241.14903259277344,33.26239013671875,-0.37750657991766273,0.9059341553528893,0.12773827932162912,-0.013112658670233396
23.761356830596924,276.5275573730469,-241.22378540039062,33.26315689086914,-0.37723440485425663,0.9009612172690311,0.150732819281146,-0.013112658670233396
23.771310091018677,276.5275573730469,-241.22378540039062,33.26315689086914,-0.37723440485425663,0.9009612172690311,0.2611864671885902,-0.013713051932919447
23.781670093536377,276.6565246582031,-241.273681640625,33.26392364501953,-0.3769366967338994,0.8980988485312037,0.3505107136416888,-0.01311440399948539
23.791402101516724,276.6565246582031,-241.273681640625,33.26392364501953,-0.3769366967338994,0.8980988485312037,0.5025207283809211,-0.011929325437381242
23.80196261405945,276.6565246582031,-241.273681640625,33.26392364501953,-0.3769366967338994,0.8980988485312037,0.4987169438564255,-0.011332422833199182
23.811602354049683,276.8505554199219,-241.34864807128906,33.264442443847656,-0.3765260372938092,0.895657598966924,0.4414243199748901,-0.010733774899765127
23.82214593887329,276.8505554199219,-241.34864807128906,33.264442443847656,-0.3765260372938092,0.895657598966924,0.4245444023701437,-0.011925834778877254
23.831790447235107,276.8505554199219,-241.34864807128906,33.264442443847656,-0.3765260372938092,0.895657598966924,0.40833713655870324,-0.011931070766633236
23.84229326248169,277.0462646484375,-241.4247283935547,33.26518249511719,-0.37622510009063026,0.89354650938719,0.5214741889481941,-0.012529718700067291
23.8521990776062,277.0462646484375,-241.4247283935547,33.26518249511719,-0.37622510009063026,0.89354650938719,0.4482730085144688,-0.01252099205380732
23.86217474937439,277.0462646484375,-241.4247283935547,33.26518249511719,-0.37622510009063026,0.89354650938719,0.41673759380962627,-0.01073028424126114
23.872210025787354,277.1769104003906,-241.4746856689453,33.26591491699219,-0.37592203235857924,0.8917430851596355,0.5034327000070515,-0.0113271868454432
23.882002592086792,277.1769104003906,-241.4746856689453,33.26591491699219,-0.37592203235857924,0.8917430851596355,0.4921287731028233,-0.010135126966331072
23.892262935638428,277.37176513671875,-241.5530242919922,33.26639938354492,-0.3756157688332201,0.8895801683892939,0.3888067583897239,-0.008339183166028906
23.902329206466675,277.37176513671875,-241.5530242919922,33.26639938354492,-0.3756157688332201,0.8895801683892939,0.37041506245425176,-0.007737044574090864
23.912335634231567,277.37176513671875,-241.5530242919922,33.26639938354492,-0.3756157688332201,0.8895801683892939,0.39033008528965474,-0.007742280561846846
23.922460556030273,277.5666198730469,-241.6313018798828,33.26713943481445,-0.3754058784498082,0.8869664823566205,0.24993316559243134,-0.008948303074974929
23.932735681533813,277.5666198730469,-241.6313018798828,33.26713943481445,-0.3754058784498082,0.8869664823566205,0.21231906110930215,-0.010737265558269114
23.943162441253662,277.5666198730469,-241.6313018798828,33.26713943481445,-0.3754058784498082,0.8869664823566205,0.2071450719842407,-0.010136872295583067
23.952513694763184,277.76226806640625,-241.71066284179688,33.26797103881836,-0.3750985496600131,0.8847878813994534,0.18797246178532573,-0.011323696186939212
23.962507963180542,277.76226806640625,-241.71066284179688,33.26797103881836,-0.3750985496600131,0.8847878813994534,0.29414889911572184,-0.011917108132617281
23.972663164138794,277.76226806640625,-241.71066284179688,33.26797103881836,-0.3750985496600131,0.8847878813994534,0.40776709860307886,-0.011920598791121272
23.98275876045227,277.8930358886719,-241.76394653320312,33.26877212524414,-0.3748957166534899,0.8831753425991663,0.28142087095522395,-0.01311440399948539
23.992854833602905,277.8930358886719,-241.76394653320312,33.26877212524414,-0.3748957166534899,0.8831753425991663,0.3363147076429817,-0.011917108132617281
24.00264811515808,278.09039306640625,-241.84327697753906,33.269378662109375,-0.37449724117538685,0.8815602515545236,0.4257765052030311,-0.011908381486357311
24.013055086135864,278.09039306640625,-241.84327697753906,33.269378662109375,-0.37449724117538685,0.8815602515545236,0.35903177903632477,-0.010117673673811127
24.02294135093689,278.09039306640625,-241.84327697753906,33.269378662109375,-0.37449724117538685,0.8815602515545236,0.31657458263086713,-0.010702358973229227
24.033068895339966,278.28863525390625,-241.9237518310547,33.27022933959961,-0.37419946647600233,0.8801841602491531,0.2290677713354865,-0.011292280260403312
24.04352855682373,278.28863525390625,-241.9237518310547,33.27022933959961,-0.37419946647600233,0.8801841602491531,0.3088255287677938,-0.012487830798019428
24.05344533920288,278.28863525390625,-241.9237518310547,33.27022933959961,-0.37419946647600233,0.8801841602491531,0.2881174453160126,-0.013692107981895513
24.063504219055176,278.4210205078125,-241.9770050048828,33.27104187011719,-0.3739012257234271,0.8789991264974065,0.15615799659589452,-0.013686871994139533
24.074203968048096,278.4210205078125,-241.9770050048828,33.27104187011719,-0.3739012257234271,0.8789991264974065,0.31805716832815606,-0.013088224060705476
24.0835702419281,278.6201171875,-242.05743408203125,33.271663665771484,-0.373507643803827,0.8776451539374549,0.3038969696636518,-0.013088224060705476
24.093236923217773,278.6201171875,-242.05743408203125,33.271663665771484,-0.373507643803827,0.8776451539374549,0.3834050335082927,-0.01308996938995747
24.103365659713745,278.6201171875,-242.05743408203125,33.271663665771484,-0.373507643803827,0.8776451539374549,0.47314964026899503,-0.011906636157105317
24.11355471611023,278.8209228515625,-242.13792419433594,33.27252197265625,-0.3731107995118916,0.8764317855077827,0.28819186951828535,-0.01131147888217525
24.123769283294678,278.8209228515625,-242.13792419433594,33.27252197265625,-0.3731107995118916,0.8764317855077827,0.40784527484325206,-0.010716321607245182
24.133729219436646,278.8209228515625,-242.13792419433594,33.27252197265625,-0.3731107995118916,0.8764317855077827,0.5820925769634083,-0.010718066936497177
24.144293308258057,279.02423095703125,-242.21722412109375,33.27339172363281,-0.3728151886308928,0.8752481385060917,0.483919451391505,-0.011313224211427244
24.153711557388306,279.02423095703125,-242.21722412109375,33.27339172363281,-0.3728151886308928,0.8752481385060917,0.444220994433671,-0.011910126815609304
24.164308547973633,279.02423095703125,-242.21722412109375,33.27339172363281,-0.3728151886308928,0.8752481385060917,0.5823915221931595,-0.012505284090539371
24.17400097846985,279.1609191894531,-242.27047729492188,33.274227142333984,-0.37261764865703617,0.874195766636949,0.6051158435697597,-0.011913617474113293
24.183985948562622,279.1609191894531,-242.27047729492188,33.274227142333984,-0.37261764865703617,0.874195766636949,0.4968228636467848,-0.010124654990819104
24.194385766983032,279.36688232421875,-242.34934997558594,33.27389144897461,-0.3721903777496466,0.8694920743777822,0.4759842774008293,-0.008932595111706979
24.20421004295349,279.36688232421875,-242.34934997558594,33.27389144897461,-0.3721903777496466,0.8694920743777822,0.3575167560721586,-0.00832871119051694
24.214844703674316,279.36688232421875,-242.34934997558594,33.27389144897461,-0.3721903777496466,0.8694920743777822,0.5511195553773851,-0.008333947178272924
24.224191665649414,279.5736999511719,-242.428466796875,33.274662017822266,-0.3718697664439147,0.863287248875895,0.3724091255281617,-0.008932595111706979
24.234595775604248,279.5736999511719,-242.428466796875,33.274662017822266,-0.3718697664439147,0.863287248875895,0.16918497674849828,-0.010709340290237207
24.24449110031128,279.5736999511719,-242.428466796875,33.274662017822266,-0.3718697664439147,0.863287248875895,0.05921133619530161,-0.01249306678577541
24.254406452178955,279.7813415527344,-242.506591796875,33.27543258666992,-0.3715550140925809,0.8587892843367887,0.06130001305116656,-0.014880677202503655
24.264552116394043,279.7813415527344,-242.506591796875,33.27543258666992,-0.3715550140925809,0.8587892843367887,0.08998767254847573,-0.016678366332057812
24.274779796600342,279.7813415527344,-242.506591796875,33.27543258666992,-0.3715550140925809,0.8587892843367887,0.05156573155595984,-0.018470819473855992
24.28480625152588,279.9197692871094,-242.55978393554688,33.27616500854492,-0.3712466533278634,0.855270577829636,0.1339378609241452,-0.01905899543177808
24.294666290283203,279.9197692871094,-242.55978393554688,33.27616500854492,-0.3712466533278634,0.855270577829636,0.16674302648205203,-0.020247564652386214
24.304813385009766,280.12908935546875,-242.6390380859375,33.276695251464844,-0.3706436803675558,0.8520305180138092,0.20139041183301043,-0.021444860519254327
24.314932346343994,280.12908935546875,-242.6390380859375,33.276695251464844,-0.3706436803675558,0.8520305180138092,0.34925603732262767,-0.022647392373878424
24.325001001358032,280.12908935546875,-242.6390380859375,33.276695251464844,-0.3706436803675558,0.8520305180138092,0.15056746246465147,-0.025024530815094696
24.33497190475464,280.3384704589844,-242.71939086914062,33.2774772644043,-0.37004237188292954,0.849076738149453,0.24939608205520403,-0.02680302132287692
24.34506320953369,280.3384704589844,-242.71939086914062,33.2774772644043,-0.37004237188292954,0.849076738149453,0.4573124963675113,-0.02739992392705898
24.35521936416626,280.3384704589844,-242.71939086914062,33.2774772644043,-0.37004237188292954,0.849076738149453,0.3513853810099534,-0.028597219793927087
24.365242958068848,280.4785461425781,-242.7726287841797,33.27822494506836,-0.36944043089754436,0.8463356520335041,0.38270401531756376,-0.029199358385865137
24.37584090232849,280.4785461425781,-242.7726287841797,33.27822494506836,-0.36944043089754436,0.8463356520335041,0.4536496777751931,-0.029188886410353165
24.38545823097229,280.6887512207031,-242.85299682617188,33.27876281738281,-0.3686426144139839,0.8435291433044899,0.3053310604686242,-0.029773571709771265
24.395552396774292,280.6887512207031,-242.85299682617188,33.27876281738281,-0.3686426144139839,0.8435291433044899,0.30471007622503643,-0.029773571709771265
24.40577244758606,280.6887512207031,-242.85299682617188,33.27876281738281,-0.3686426144139839,0.8435291433044899,0.29001726685597107,-0.0303792009602133
24.416451692581177,280.8998107910156,-242.93228149414062,33.27954864501953,-0.3677429985977551,0.840795047748176,0.1932112693592883,-0.030983084881403337
24.425745964050293,280.8998107910156,-242.93228149414062,33.27954864501953,-0.3677429985977551,0.840795047748176,0.1554104434306786,-0.03156951551007343
24.436625003814697,280.8998107910156,-242.93228149414062,33.27954864501953,-0.3677429985977551,0.840795047748176,0.19742238980536095,-0.03276855670619354
24.446003437042236,281.0408020019531,-242.98655700683594,33.28030014038086,-0.3671432214307557,0.838209335674471,0.16279044036451737,-0.03337244062738357
24.456010580062866,281.0408020019531,-242.98655700683594,33.28030014038086,-0.3671432214307557,0.838209335674471,0.19295728414445068,-0.034562755177243706
24.4660427570343,281.2526550292969,-243.06581115722656,33.280845642089844,-0.3661462004976572,0.8355034119295722,0.18705894923879585,-0.03576877769037179
24.47593641281128,281.2526550292969,-243.06581115722656,33.280845642089844,-0.3661462004976572,0.8355034119295722,0.14971383635255955,-0.0351806017324497
24.486488342285156,281.2526550292969,-243.06581115722656,33.280845642089844,-0.3661462004976572,0.8355034119295722,0.2973208211129716,-0.035182347061701695
24.496175050735474,281.46539306640625,-243.1461639404297,33.281639099121094,-0.36504678102064525,0.832829847041691,0.17192072744930456,-0.03517362041544172
24.506195545196533,281.46539306640625,-243.1461639404297,33.281639099121094,-0.36504678102064525,0.832829847041691,0.24958211265972285,-0.034573227152755674
24.51614809036255,281.46539306640625,-243.1461639404297,33.281639099121094,-0.36504678102064525,0.832829847041691,0.44911911890551137,-0.03398854185333757
24.52807641029358,281.67730712890625,-243.2254180908203,33.282440185546875,-0.3640486615335972,0.8302019916336373,0.3353495223396719,-0.03398854185333757
24.536526441574097,281.67730712890625,-243.2254180908203,33.282440185546875,-0.3640486615335972,0.8302019916336373,0.15650769383352195,-0.03338116727364355
24.546608924865723,281.67730712890625,-243.2254180908203,33.282440185546875,-0.3640486615335972,0.8302019916336373,0.25650182220949985,-0.03276855670619354
24.556716442108154,281.8190612792969,-243.27862548828125,33.283199310302734,-0.36334828345642,0.8277110772345623,0.04655167741619568,-0.03455751918948772
24.567100524902344,281.8190612792969,-243.27862548828125,33.283199310302734,-0.36334828345642,0.8277110772345623,0.21226761403694971,-0.03515965778142577
24.576913595199585,282.031005859375,-243.3578643798828,33.28374481201172,-0.3623506300225627,0.8251135657892734,0.36961312296602045,-0.0357652870318678
24.58716320991516,282.031005859375,-243.3578643798828,33.28374481201172,-0.3623506300225627,0.8251135657892734,0.13019821338851673,-0.0357652870318678
24.59670352935791,282.031005859375,-243.3578643798828,33.28374481201172,-0.3623506300225627,0.8251135657892734,0.18956230630049076,-0.03575132439785184
24.60688042640686,282.2445983886719,-243.43710327148438,33.284542083740234,-0.361352477246001,0.8225892499275816,0.09875840806976201,-0.03574085242233988
24.61714816093445,282.2445983886719,-243.43710327148438,33.284542083740234,-0.361352477246001,0.8225892499275816,0.06310086959489289,-0.03514220448890583
24.627280235290527,282.2445983886719,-243.43710327148438,33.284542083740234,-0.361352477246001,0.8225892499275816,0.2582184185133315,-0.03694338427696397
24.637258529663086,282.4573059082031,-243.516357421875,33.28535079956055,-0.36025365698023426,0.8200731597432843,0.2972436471714545,-0.03813893481458009
24.64726996421814,282.4573059082031,-243.516357421875,33.28535079956055,-0.36025365698023426,0.8200731597432843,0.28765171900432357,-0.03693989361845998
24.65711808204651,282.6000061035156,-243.5684356689453,33.28611373901367,-0.3595538115352751,0.8176964063860487,0.2549758398253691,-0.036342991014277924
24.667162656784058,282.6000061035156,-243.5684356689453,33.28611373901367,-0.3595538115352751,0.8176964063860487,0.21107174107887533,-0.036341245685025926
24.677666664123535,282.6000061035156,-243.5684356689453,33.28611373901367,-0.3595538115352751,0.8176964063860487,0.18468185833846218,-0.036938148289207995
24.68756079673767,282.8135986328125,-243.64767456054688,33.286659240722656,-0.35845668903470335,0.8152083731479142,0.2881895880129832,-0.03753505089339005
24.697592973709106,282.8135986328125,-243.64767456054688,33.286659240722656,-0.35845668903470335,0.8152083731479142,0.4520519858040564,-0.036341245685025926
24.708584547042847,282.8135986328125,-243.64767456054688,33.286659240722656,-0.35845668903470335,0.8152083731479142,0.38473690096249413,-0.03574783373934786
24.7176456451416,283.02801513671875,-243.7257537841797,33.287471771240234,-0.3573571696891505,0.8127965713277407,0.4453331779404617,-0.03455402853098374
24.727425575256348,283.02801513671875,-243.7257537841797,33.287471771240234,-0.3573571696891505,0.8127965713277407,0.47966564752988256,-0.033361968651871604
24.73789691925049,283.02801513671875,-243.7257537841797,33.287471771240234,-0.3573571696891505,0.8127965713277407,0.26159137750427575,-0.03455402853098374
24.747663021087646,283.1706848144531,-243.77896118164062,33.288238525390625,-0.3566573242441913,0.8105021953682635,0.43365339260478464,-0.034552283201731745
24.75783061981201,283.1706848144531,-243.77896118164062,33.288238525390625,-0.3566573242441913,0.8105021953682635,0.32832240697028436,-0.03455751918948772
24.76766800880432,283.3860168457031,-243.85707092285156,33.28879165649414,-0.35565977067887483,0.8081256210063008,0.37828784960959067,-0.033960616585305664
24.777624130249023,283.3860168457031,-243.85707092285156,33.28879165649414,-0.35565977067887483,0.8081256210063008,0.23420928317322065,-0.03276681137694154
24.78802180290222,283.3860168457031,-243.85707092285156,33.28879165649414,-0.35565977067887483,0.8081256210063008,0.13657211858638596,-0.03336894996887958
24.79807424545288,283.60125732421875,-243.93519592285156,33.289608001708984,-0.3546615513232859,0.8058225607371106,0.3126025660968575,-0.034564500506495704
24.80813241004944,283.60125732421875,-243.93519592285156,33.289608001708984,-0.3546615513232859,0.8058225607371106,0.2950355049672997,-0.03456973649425168
24.818186283111572,283.60125732421875,-243.93519592285156,33.289608001708984,-0.3546615513232859,0.8058225607371106,0.2599622442715372,-0.034567991164999694
24.828333139419556,283.8165283203125,-244.01332092285156,33.29042434692383,-0.3535622317148148,0.8035097626543477,0.2872037043845954,-0.03455926451873972
24.838159561157227,283.8165283203125,-244.01332092285156,33.29042434692383,-0.3535622317148148,0.8035097626543477,0.3616828071980629,-0.03395538059754968
24.848576307296753,283.9609069824219,-244.0653533935547,33.291194915771484,-0.35286348482380525,0.8013333151542764,0.3990740794383041,-0.03455053787247975
24.85860013961792,283.9609069824219,-244.0653533935547,33.291194915771484,-0.35286348482380525,0.8013333151542764,0.2513809874570043,-0.03454704721397576
24.86878204345703,283.9609069824219,-244.0653533935547,33.291194915771484,-0.35286348482380525,0.8013333151542764,0.35242193829473306,-0.03514569514740981
24.878971099853516,284.1770324707031,-244.142333984375,33.291748046875,-0.35186476612551193,0.7991067520190082,0.25394376998712515,-0.03394316329278572
24.888777494430542,284.1770324707031,-244.142333984375,33.291748046875,-0.35186476612551193,0.7991067520190082,0.0749014317983123,-0.033342770030099673
24.898566484451294,284.1770324707031,-244.142333984375,33.291748046875,-0.35186476612551193,0.7991067520190082,0.06130594507221866,-0.03333927937159568
24.909079551696777,284.3949279785156,-244.22377014160156,33.29256820678711,-0.35086661334895025,0.7969115896836526,0.04757009649857674,-0.03453832056771579
24.919074773788452,284.3949279785156,-244.22377014160156,33.29256820678711,-0.35086661334895025,0.7969115896836526,0.032291096039450934,-0.03632379239250599
24.929421424865723,284.5409851074219,-244.27694702148438,33.293357849121094,-0.3500671656792221,0.7948195351609393,0.10337449515310126,-0.03692418565519204
24.939130544662476,284.5409851074219,-244.27694702148438,33.293357849121094,-0.3500671656792221,0.7948195351609393,0.10385804882629553,-0.03691894966743605
24.94907283782959,284.5409851074219,-244.27694702148438,33.293357849121094,-0.3500671656792221,0.7948195351609393,0.07535416493983468,-0.03632379239250599
24.960097074508667,284.75970458984375,-244.3583526611328,33.29391860961914,-0.3489694106778914,0.7926415642152445,0.2236604372798924,-0.035136968501149834
24.96991801261902,284.75970458984375,-244.3583526611328,33.29391860961914,-0.3489694106778914,0.7926415642152445,0.12049143496612058,-0.034548792543227756
24.97959280014038,284.75970458984375,-244.3583526611328,33.29391860961914,-0.3489694106778914,0.7926415642152445,0.1951800312384847,-0.0351491858059138
24.989349126815796,284.9784240722656,-244.43862915039062,33.29475021362305,-0.34797019263689366,0.7905246440070293,0.15877022778102245,-0.03574783373934786
24.99925422668457,284.9784240722656,-244.43862915039062,33.29475021362305,-0.34797019263689366,0.7905246440070293,0.17678119372996043,-0.03514569514740981
25.009416103363037,284.9784240722656,-244.43862915039062,33.29475021362305,-0.34797019263689366,0.7905246440070293,0.26952147318896125,-0.03455402853098374
25.01978039741516,285.1971435546875,-244.5200653076172,33.29558181762695,-0.346871372371127,0.788418026154916,0.45204218792134687,-0.03396410724380965
25.02954387664795,285.1971435546875,-244.5200653076172,33.29558181762695,-0.346871372371127,0.788418026154916,0.3467460558547425,-0.03455751918948772
25.03968834877014,285.1971435546875,-244.5200653076172,33.29558181762695,-0.346871372371127,0.788418026154916,0.43741464701935967,-0.03395188993904569
25.049729347229004,285.34405517578125,-244.5731964111328,33.29636764526367,-0.3461725589010902,0.7864176752797698,0.43909142351924413,-0.0339501446097937
25.05968165397644,285.34405517578125,-244.5731964111328,33.29636764526367,-0.3461725589010902,0.7864176752797698,0.4554364571461079,-0.03395538059754968
25.069643020629883,285.5635986328125,-244.65350341796875,33.29693603515625,-0.3451744061245285,0.7843572474316629,0.3783614028354623,-0.031564279522317454
25.079873085021973,285.5635986328125,-244.65350341796875,33.29693603515625,-0.3451744061245285,0.7843572474316629,0.22956913789332561,-0.029770081051267275
25.090155124664307,285.5635986328125,-244.65350341796875,33.29693603515625,-0.3451744061245285,0.7843572474316629,0.26588542445102276,-0.02977182638051927
25.100236415863037,285.78399658203125,-244.7338104248047,33.29777145385742,-0.34427482359781336,0.7823513228959091,0.26461808897882616,-0.030368728984701335
25.110262870788574,285.78399658203125,-244.7338104248047,33.29777145385742,-0.34427482359781336,0.7823513228959091,0.15412821697714787,-0.030962140930379405
25.120455265045166,285.78399658203125,-244.7338104248047,33.29777145385742,-0.34427482359781336,0.7823513228959091,0.28472802013175297,-0.031560788863813465
25.13021945953369,286.00445556640625,-244.81411743164062,33.298606872558594,-0.3432767041107653,0.7803711494700905,0.19661254299777753,-0.031559043534561466
25.14053177833557,286.00445556640625,-244.81411743164062,33.298606872558594,-0.3432767041107653,0.7803711494700905,0.1765975747868916,-0.031557298205309475
25.150952339172363,286.1513366699219,-244.86502075195312,33.29939651489258,-0.3426769602332794,0.7785018307564112,0.06825085402809172,-0.03275284874292559
25.160422563552856,286.1513366699219,-244.86502075195312,33.29939651489258,-0.3426769602332794,0.7785018307564112,0.253040704452334,-0.03276681137694154
25.17069911956787,286.1513366699219,-244.86502075195312,33.29939651489258,-0.3426769602332794,0.7785018307564112,0.12902833586370735,-0.03217165410201148
25.180666208267212,286.370849609375,-244.94198608398438,33.29996871948242,-0.3416792735099085,0.7765512380920275,0.0833037508237107,-0.032166418114255496
25.19083046913147,286.370849609375,-244.94198608398438,33.29996871948242,-0.3416792735099085,0.7765512380920275,0.16375375437270273,-0.031559043534561466
25.200807571411133,286.370849609375,-244.94198608398438,33.29996871948242,-0.3416792735099085,0.7765512380920275,0.18314639033704888,-0.03215769146799552
25.21119523048401,286.59124755859375,-245.0189666748047,33.30078887939453,-0.34068065468015607,0.7746374201286051,0.15050478910985016,-0.033353242005611634
25.22079348564148,286.59124755859375,-245.0189666748047,33.30078887939453,-0.34068065468015607,0.7746374201286051,0.16624086866486065,-0.03514394981815782
25.230886459350586,286.59124755859375,-245.0189666748047,33.30078887939453,-0.34068065468015607,0.7746374201286051,0.17648747562864994,-0.035136968501149834
25.241039514541626,286.8125,-245.09588623046875,33.30162048339844,-0.33968196927137634,0.7727305043998465,0.19687339550004138,-0.03394316329278572
25.251222133636475,286.8125,-245.09588623046875,33.30162048339844,-0.33968196927137634,0.7727305043998465,0.12972840840759947,-0.03334626068860366
25.26112961769104,286.95941162109375,-245.14683532714844,33.302406311035156,-0.3389815246151719,0.7709331356253705,0.13049182469802256,-0.03275284874292559
25.27124333381653,286.95941162109375,-245.14683532714844,33.302406311035156,-0.3389815246151719,0.7709331356253705,0.08107970960150948,-0.03275284874292559
25.281102180480957,286.95941162109375,-245.14683532714844,33.302406311035156,-0.3389815246151719,0.7709331356253705,0.21747721869379658,-0.03275983005993356
25.29131817817688,287.1806335449219,-245.22265625,33.302974700927734,-0.33798390447082816,0.7690771928653644,0.11891204384284361,-0.03336022332261961
25.301382780075073,287.1806335449219,-245.22265625,33.302974700927734,-0.33798390447082816,0.7690771928653644,0.24414699518846317,-0.03277379269394952
25.311686515808105,287.1806335449219,-245.22265625,33.302974700927734,-0.33798390447082816,0.7690771928653644,0.2777850030605297,-0.033960616585305664
25.3215651512146,287.40185546875,-245.2996368408203,33.30379867553711,-0.3369847197193441,0.7672530618685146,0.251844286548766,-0.03276681137694154
25.33133840560913,287.40185546875,-245.2996368408203,33.30379867553711,-0.3369847197193441,0.7672530618685146,0.23873547638879888,-0.03217165410201148
25.341274738311768,287.40185546875,-245.2996368408203,33.30379867553711,-0.3369847197193441,0.7672530618685146,0.3197053353024266,-0.032187362065279425
25.35177206993103,287.5495910644531,-245.3505401611328,33.304588317871094,-0.33638500913137187,0.7655220704089233,0.32897633914814145,-0.030414107545253186
25.361655712127686,287.5495910644531,-245.3505401611328,33.304588317871094,-0.33638500913137187,0.7655220704089233,0.366261346082724,-0.02982069559957511
25.371596097946167,287.7708435058594,-245.42640686035156,33.30515670776367,-0.3354875571335288,0.7637492264318653,0.3866735966933557,-0.02862165440345501
25.381656885147095,287.7708435058594,-245.42640686035156,33.30515670776367,-0.3354875571335288,0.7637492264318653,0.37190958390965556,-0.028017770482264972
25.391685485839844,287.7708435058594,-245.42640686035156,33.30515670776367,-0.3354875571335288,0.7637492264318653,0.37531695154018463,-0.028014279823760983
25.401893138885498,287.9928894042969,-245.5022430419922,33.30598068237305,-0.3345878747382728,0.7620036690435769,0.3785146574156076,-0.02741214123182294
25.41222357749939,287.9928894042969,-245.5022430419922,33.30598068237305,-0.3345878747382728,0.7620036690435769,0.16916821539022964,-0.026815238627640875
25.422423362731934,287.9928894042969,-245.5022430419922,33.30598068237305,-0.3345878747382728,0.7620036690435769,0.20426883784827493,-0.02680302132287692
25.432187795639038,288.1415100097656,-245.5520477294922,33.30677032470703,-0.33408883163950553,0.7603618091549588,0.03400113472733263,-0.02561096144376479
25.44236421585083,288.1415100097656,-245.5520477294922,33.30677032470703,-0.33408883163950553,0.7603618091549588,-0.01210466918590089,-0.02620960937719885
25.4525465965271,288.3635559082031,-245.62789916992188,33.307334899902344,-0.33329041594469977,0.7586641627339155,-0.03732691157195482,-0.026811747969136893
25.462332487106323,288.3635559082031,-245.62789916992188,33.307334899902344,-0.33329041594469977,0.7586641627339155,-0.07637524307861851,-0.026815238627640875
25.472578763961792,288.3635559082031,-245.62789916992188,33.307334899902344,-0.33329041594469977,0.7586641627339155,-0.03954473444790653,-0.02740865057331895
25.482489824295044,288.5865478515625,-245.70260620117188,33.308162689208984,-0.3324909682749716,0.7569974845850579,-0.08809138775411604,-0.027995081201989045
25.492531538009644,288.5865478515625,-245.70260620117188,33.308162689208984,-0.3324909682749716,0.7569974845850579,0.047609442085275205,-0.02860245578168307
25.502787351608276,288.5865478515625,-245.70260620117188,33.308162689208984,-0.3324909682749716,0.7569974845850579,-0.007144955327264946,-0.02979800631929919
25.512705326080322,288.8094177246094,-245.77845764160156,33.30899429321289,-0.33159295035539693,0.7553352657031612,-0.011579794767115223,-0.02980149697780318
25.522796154022217,288.8094177246094,-245.77845764160156,33.30899429321289,-0.33159295035539693,0.7553352657031612,0.150980852128562,-0.029195867727361147
25.532907485961914,288.9580383300781,-245.82827758789062,33.309776306152344,-0.3310927754131664,0.7537712243088919,0.14042474016140086,-0.028600710452431077
25.543031454086304,288.9580383300781,-245.82827758789062,33.309776306152344,-0.3310927754131664,0.7537712243088919,0.21220765696235844,-0.028002062518997024
25.553064107894897,288.9580383300781,-245.82827758789062,33.309776306152344,-0.3310927754131664,0.7537712243088919,0.11945049995186319,-0.026207864047946856
25.562963008880615,289.18096923828125,-245.90298461914062,33.31034851074219,-0.3301947907831053,0.7521379787953749,0.1907942376709634,-0.025605725456008813
25.573453187942505,289.18096923828125,-245.90298461914062,33.31034851074219,-0.3301947907831053,0.7521379787953749,0.20315718481632822,-0.02561096144376479
25.58320450782776,289.18096923828125,-245.90298461914062,33.31034851074219,-0.3301947907831053,0.7521379787953749,-0.10914143642167334,-0.025609216114512796
25.593470573425293,289.4047546386719,-245.97772216796875,33.31117248535156,-0.3293958091665679,0.7505395626892346,0.022369826267910467,-0.026200882730938874
25.603097200393677,289.4047546386719,-245.97772216796875,33.31117248535156,-0.3293958091665679,0.7505395626892346,-0.0949715668018618,-0.02561096144376479
25.613612413406372,289.4047546386719,-245.97772216796875,33.31117248535156,-0.3293958091665679,0.7505395626892346,-0.02640974871344552,-0.026204373389442866
25.62349224090576,289.5533447265625,-246.0275115966797,33.31195831298828,-0.3288962667250963,0.749008604639334,-0.03331579265726206,-0.025609216114512796
25.633870601654053,289.5533447265625,-246.0275115966797,33.31195831298828,-0.3288962667250963,0.749008604639334,-0.055393190303616356,-0.025609216114512796
25.64356565475464,289.7762756347656,-246.10223388671875,33.312522888183594,-0.3281979858872775,0.7474475056157678,-0.07784017304959592,-0.02561968809002476
25.653619527816772,289.7762756347656,-246.10223388671875,33.312522888183594,-0.3281979858872775,0.7474475056157678,-0.0736617367021247,-0.02561968809002476
25.6633460521698,289.7762756347656,-246.10223388671875,33.312522888183594,-0.3281979858872775,0.7474475056157678,-0.12457592172576877,-0.0250227854858427
25.673664569854736,289.99920654296875,-246.17697143554688,33.313350677490234,-0.32739893769171285,0.7459091072967122,-0.13828277648712692,-0.025605725456008813
25.683499574661255,289.99920654296875,-246.17697143554688,33.313350677490234,-0.32739893769171285,0.7459091072967122,0.03612518838029341,-0.025014058839582732
25.693663358688354,289.99920654296875,-246.17697143554688,33.313350677490234,-0.32739893769171285,0.7459091072967122,0.0378104098599404,-0.02442064689390466
25.703697443008423,290.1469421386719,-246.22569274902344,33.31412887573242,-0.326899861303432,0.7444420775604501,-0.02763690903229265,-0.024424137552408645
25.71409296989441,290.1469421386719,-246.22569274902344,33.31412887573242,-0.326899861303432,0.7444420775604501,-0.18799161536646902,-0.023821998960470603
25.72388982772827,290.3689880371094,-246.29931640625,33.314693450927734,-0.32620058178020445,0.742932556108559,-0.20123785502065775,-0.025612706773016785
25.733992099761963,290.3689880371094,-246.29931640625,33.314693450927734,-0.32620058178020445,0.742932556108559,-0.1758134312642676,-0.025605725456008813
25.74421501159668,290.3689880371094,-246.29931640625,33.314693450927734,-0.32620058178020445,0.742932556108559,-0.15081675096371083,-0.025012313510330737
25.75400400161743,290.5910339355469,-246.3729248046875,33.31550598144531,-0.3254026654281031,0.7414527480019356,-0.15817647116794958,-0.025007077522574753
25.764164209365845,290.5910339355469,-246.3729248046875,33.31550598144531,-0.3254026654281031,0.7414527480019356,-0.12821753797091492,-0.0244084295891407
25.77549695968628,290.5910339355469,-246.3729248046875,33.31550598144531,-0.3254026654281031,0.7414527480019356,-0.2582283556296334,-0.025012313510330737
25.78461503982544,290.73876953125,-246.42166137695312,33.316280364990234,-0.32490245719635896,0.7400136684411053,-0.3159558881733279,-0.02560398012675682
25.79495620727539,290.73876953125,-246.42166137695312,33.316280364990234,-0.32490245719635896,0.7400136684411053,-0.29394538464218944,-0.027403414585562967
25.804722785949707,290.9599914550781,-246.49415588378906,33.31683349609375,-0.3241046740023121,0.7385362396987942,-0.23379510645678997,-0.027995081201989045
25.814690589904785,290.9599914550781,-246.49415588378906,33.31683349609375,-0.3241046740023121,0.7385362396987942,-0.1264723677783898,-0.027998571860493034
25.82468867301941,290.9599914550781,-246.49415588378906,33.31683349609375,-0.3241046740023121,0.7385362396987942,-0.030406991964112826,-0.027993335872737054
25.835010528564453,291.1803283691406,-246.56668090820312,33.31764602661133,-0.32330522633258396,0.7370991336975842,-0.0029788607893302538,-0.026202628060190872
25.84473729133606,291.1803283691406,-246.56668090820312,33.31764602661133,-0.32330522633258396,0.7370991336975842,-0.0721899848192924,-0.02441366557689668
25.85489273071289,291.1803283691406,-246.56668090820312,33.31764602661133,-0.32330522633258396,0.7370991336975842,-0.09977277380211488,-0.02441715623540067
25.86486530303955,291.4006652832031,-246.6392059326172,33.318450927734375,-0.32260641286254715,0.7356629213568775,-0.13200770698707312,-0.025019294827338712
25.875065565109253,291.4006652832031,-246.6392059326172,33.318450927734375,-0.32260641286254715,0.7356629213568775,-0.0700927653188214,-0.025019294827338712
25.885299921035767,291.5467224121094,-246.68792724609375,33.319210052490234,-0.3221062379203166,0.7342895679005189,-0.053873750276366095,-0.025024530815094696
25.895139455795288,291.5467224121094,-246.68792724609375,33.319210052490234,-0.3221062379203166,0.7342895679005189,-0.10806841603827302,-0.025624924077780744
25.905030250549316,291.5467224121094,-246.68792724609375,33.319210052490234,-0.3221062379203166,0.7342895679005189,-0.06893100857982648,-0.026223572011214797
25.91508412361145,291.7628173828125,-246.75936889648438,33.31976318359375,-0.3213079220940518,0.7328761424500435,-0.03814002158040267,-0.02562317874852875
25.925492763519287,291.7628173828125,-246.75936889648438,33.31976318359375,-0.3213079220940518,0.7328761424500435,-0.002055459679683541,-0.025628414736284733
25.93519377708435,291.7628173828125,-246.75936889648438,33.31976318359375,-0.3213079220940518,0.7328761424500435,-0.13849031524371724,-0.024431118869416624
25.94603705406189,291.97802734375,-246.82972717285156,33.320552825927734,-0.3205088738984871,0.731506351645381,-0.11802256355090689,-0.02442588288166064
25.95581293106079,291.97802734375,-246.82972717285156,33.320552825927734,-0.3205088738984871,0.731506351645381,-0.08471557662519541,-0.02383247093598257
25.96578550338745,291.97802734375,-246.82972717285156,33.320552825927734,-0.3205088738984871,0.731506351645381,-0.19430526593685593,-0.024434609527920613
25.976175785064697,292.1932373046875,-246.9000701904297,33.32133102416992,-0.31980956108574593,0.7301724061518229,-0.22786884231655935,-0.025033257461354666
25.985734462738037,292.1932373046875,-246.9000701904297,33.32133102416992,-0.31980956108574593,0.7301724061518229,-0.23386358782942251,-0.026216590694206822
25.995774269104004,292.336669921875,-246.94772338867188,33.32206726074219,-0.3193099520652471,0.7288327933104815,-0.22870251341145564,-0.027406905244066956
26.005839109420776,292.336669921875,-246.94772338867188,33.32206726074219,-0.3193099520652471,0.7288327933104815,-0.2109402837702986,-0.02739992392705898
26.016143321990967,292.336669921875,-246.94772338867188,33.32206726074219,-0.3193099520652471,0.7288327933104815,-0.270747315081458,-0.026810002639884898
26.0261709690094,292.5502014160156,-247.01695251464844,33.32259750366211,-0.3185126682139046,0.7274858799785655,-0.1849631444333068,-0.027419122548830915
26.036065101623535,292.5502014160156,-247.01695251464844,33.32259750366211,-0.3185126682139046,0.7274858799785655,-0.15915041570565625,-0.02683094659090883
26.04609751701355,292.5502014160156,-247.01695251464844,33.32259750366211,-0.3185126682139046,0.7274858799785655,-0.2648366694575278,-0.027422613207334905
26.056066274642944,292.76373291015625,-247.08734130859375,33.323360443115234,-0.31771262133293116,0.7261783949523793,-0.32685806961321984,-0.027406905244066956
26.066688299179077,292.76373291015625,-247.08734130859375,33.323360443115234,-0.31771262133293116,0.7261783949523793,-0.2357839520063743,-0.027398178597806987
26.07650089263916,292.76373291015625,-247.08734130859375,33.323360443115234,-0.31771262133293116,0.7261783949523793,-0.21717079342852885,-0.02799682653124104
26.086380004882812,292.90545654296875,-247.1338653564453,33.3240852355957,-0.3171139094303677,0.7249339882174547,-0.23465118822746206,-0.028597219793927087
26.09635329246521,292.90545654296875,-247.1338653564453,33.3240852355957,-0.3171139094303677,0.7249339882174547,-0.07830546659958709,-0.028600710452431077
26.10674023628235,293.1180725097656,-247.20204162597656,33.324607849121094,-0.31631496110334395,0.7236546770423331,-0.20224618216666407,-0.026808257310632903
26.11644434928894,293.1180725097656,-247.20204162597656,33.324607849121094,-0.31631496110334395,0.7236546770423331,-0.22086936816237407,-0.026810002639884898
26.12656021118164,293.1180725097656,-247.20204162597656,33.324607849121094,-0.31631496110334395,0.7236546770423331,-0.1251801660775287,-0.02561968809002476
26.13689661026001,293.3298645019531,-247.2712860107422,33.32535934448242,-0.3155166119875655,0.7224008144968502,-0.2535622071047414,-0.02443286419866862
26.146534204483032,293.3298645019531,-247.2712860107422,33.32535934448242,-0.3155166119875655,0.7224008144968502,-0.20111447898073334,-0.024434609527920613
26.157403469085693,293.3298645019531,-247.2712860107422,33.32535934448242,-0.3155166119875655,0.7224008144968502,-0.13093348394240623,-0.02442937354016463
26.167090892791748,293.5442199707031,-247.3394317626953,33.326114654541016,-0.314816699963579,0.721160103315814,-0.13783562609305927,-0.023835961594486556
26.17681574821472,293.5442199707031,-247.3394317626953,33.326114654541016,-0.314816699963579,0.721160103315814,-0.021012177509516144,-0.024427628210912634
26.187158584594727,293.68597412109375,-247.38485717773438,33.32683181762695,-0.3143176568648118,0.7199555360774649,-0.2282414356562536,-0.023834216265234562
26.196860313415527,293.68597412109375,-247.38485717773438,33.32683181762695,-0.3143176568648118,0.7199555360774649,-0.30432828405385287,-0.022638665727618447
26.206929206848145,293.68597412109375,-247.38485717773438,33.32683181762695,-0.3143176568648118,0.7199555360774649,-0.23611974618784218,-0.020860175219836227
26.217025995254517,293.89947509765625,-247.45301818847656,33.327354431152344,-0.3136193427374794,0.7187521235486096,-0.3326795075659058,-0.020266763274158155
26.226970672607422,293.89947509765625,-247.45301818847656,33.327354431152344,-0.3136193427374794,0.7187521235486096,-0.16549633180452297,-0.02087064719534819
26.237398386001587,293.89947509765625,-247.45301818847656,33.327354431152344,-0.3136193427374794,0.7187521235486096,-0.19640073789887114,-0.020275489920418124
26.247482776641846,294.1120910644531,-247.52001953125,33.328102111816406,-0.31302069741394317,0.7175564377608301,-0.24949147702053423,-0.019668115340724098
26.257713794708252,294.1120910644531,-247.52001953125,33.328102111816406,-0.31302069741394317,0.7175564377608301,-0.20072544900640854,-0.020254545969394196
26.267906427383423,294.25299072265625,-247.5643768310547,33.32880783081055,-0.3126206906182133,0.716404470059302,-0.13490809361929967,-0.01906423141953406
26.277867078781128,294.25299072265625,-247.5643768310547,33.32880783081055,-0.3126206906182133,0.716404470059302,-0.1748737917875314,-0.019078194053550015
26.287827253341675,294.25299072265625,-247.5643768310547,33.32880783081055,-0.3126206906182133,0.716404470059302,-0.21648580308357498,-0.019078194053550015
26.297661542892456,294.46478271484375,-247.6314239501953,33.32931900024414,-0.31202247805835426,0.7152407110232295,-0.24196115623480952,-0.01787915285742991
26.3076331615448,294.46478271484375,-247.6314239501953,33.32931900024414,-0.31202247805835426,0.7152407110232295,-0.37342134959100487,-0.01787915285742991
26.31755566596985,294.46478271484375,-247.6314239501953,33.32931900024414,-0.31202247805835426,0.7152407110232295,-0.3445552039912757,-0.01668883830756978
26.327867031097412,294.67486572265625,-247.6973419189453,33.33005905151367,-0.311523434959587,0.7140944833008092,-0.2802921148577784,-0.016690583636821774
26.337902784347534,294.67486572265625,-247.6973419189453,33.33005905151367,-0.311523434959587,0.7140944833008092,-0.3108713150421599,-0.01668883830756978
26.34797954559326,294.67486572265625,-247.6973419189453,33.33005905151367,-0.311523434959587,0.7140944833008092,-0.2905400768128555,-0.01668534764906579
26.358590126037598,294.81488037109375,-247.74169921875,33.330753326416016,-0.31122412894257573,0.7130052746168067,-0.394328385559827,-0.018477800790863964
26.368175506591797,294.81488037109375,-247.74169921875,33.330753326416016,-0.31122412894257573,0.7130052746168067,-0.4187549008540261,-0.01847954612011596
26.37791681289673,295.0240783691406,-247.8076934814453,33.33125686645508,-0.3106259163827167,0.711885453209746,-0.3985686285019591,-0.01847954612011596
26.38809084892273,295.0240783691406,-247.8076934814453,33.33125686645508,-0.3106259163827167,0.711885453209746,-0.28123977789911514,-0.0178826435159339
26.398004055023193,295.0240783691406,-247.8076934814453,33.33125686645508,-0.3106259163827167,0.711885453209746,-0.22333569643512025,-0.016093681032639712
26.408138751983643,295.2332458496094,-247.87252807617188,33.33198547363281,-0.3101274392056811,0.7108102774091477,-0.2673181012018116,-0.016095426361891707
26.418232202529907,295.2332458496094,-247.87252807617188,33.33198547363281,-0.3101274392056811,0.7108102774091477,-0.24975892608538786,-0.015498523757709645
26.428903341293335,295.2332458496094,-247.87252807617188,33.33198547363281,-0.3101274392056811,0.7108102774091477,-0.28064255143997285,-0.01610066234964769
26.438530683517456,295.3716125488281,-247.9169158935547,33.33266830444336,-0.30982703463472017,0.70976137691384,-0.3521434442993099,-0.015502014416213634
26.448261737823486,295.3716125488281,-247.9169158935547,33.33266830444336,-0.30982703463472017,0.70976137691384,-0.37771164501441207,-0.015496778428457652
26.45876908302307,295.5790710449219,-247.98062133789062,33.333160400390625,-0.3093296227221206,0.7086782239359743,-0.30332314584043196,-0.016091935703387718
26.4683780670166,295.5790710449219,-247.98062133789062,33.333160400390625,-0.3093296227221206,0.7086782239359743,-0.28794136697266837,-0.016095426361891707
26.47858476638794,295.5790710449219,-247.98062133789062,33.333160400390625,-0.3093296227221206,0.7086782239359743,-0.279242711587221,-0.01550026908696164
26.488652229309082,295.78570556640625,-248.04550170898438,33.3338737487793,-0.3089301152690951,0.7076104869238323,-0.4198919644620509,-0.015495033099205658
26.498565435409546,295.78570556640625,-248.04550170898438,33.3338737487793,-0.3089301152690951,0.7076104869238323,-0.38606431340097314,-0.015496778428457652
26.509419202804565,295.78570556640625,-248.04550170898438,33.3338737487793,-0.3089301152690951,0.7076104869238323,-0.36406574598559915,-0.015503759745465629
26.519479274749756,295.99151611328125,-248.10926818847656,33.33456039428711,-0.308430972301787,0.7065781893188162,-0.45927914858317087,-0.016090190374135723
26.5290424823761,295.99151611328125,-248.10926818847656,33.33456039428711,-0.308430972301787,0.7065781893188162,-0.41105814707579286,-0.01608844504488373
26.538997411727905,295.99151611328125,-248.10926818847656,33.33456039428711,-0.308430972301787,0.7065781893188162,-0.37354640006471634,-0.016687092978317785
26.549291133880615,296.1281433105469,-248.15252685546875,33.335227966308594,-0.3081311003630441,0.705582292269657,-0.4427609824499789,-0.017280504923995858
26.559267282485962,296.1281433105469,-248.15252685546875,33.335227966308594,-0.3081311003630441,0.705582292269657,-0.5428946665370045,-0.018467328815352
26.569342613220215,296.33221435546875,-248.2152099609375,33.3357048034668,-0.30763315581822653,0.7045480363908253,-0.5169620293467565,-0.017859954235657977
26.57971715927124,296.33221435546875,-248.2152099609375,33.3357048034668,-0.30763315581822653,0.7045480363908253,-0.4783462177996729,-0.01845685683984004
26.58915376663208,296.33221435546875,-248.2152099609375,33.3357048034668,-0.30763315581822653,0.7045480363908253,-0.4239854194885465,-0.01905550477327409
26.599612712860107,296.5354919433594,-248.27902221679688,33.336387634277344,-0.3070334452302543,0.703530030609777,-0.41816369556451444,-0.01786693555266595
26.609611749649048,296.5354919433594,-248.27902221679688,33.336387634277344,-0.3070334452302543,0.703530030609777,-0.38176300007432284,-0.019060740761030075
26.619442224502563,296.5354919433594,-248.27902221679688,33.336387634277344,-0.3070334452302543,0.703530030609777,-0.35716208276939126,-0.019062486090282067
26.629369020462036,296.7378234863281,-248.3417205810547,33.337066650390625,-0.3065348348951642,0.7025175658478375,-0.42829097570639274,-0.017859954235657977
26.639524936676025,296.7378234863281,-248.3417205810547,33.337066650390625,-0.3065348348951642,0.7025175658478375,-0.3208247816272584,-0.01845860216909203
26.649771690368652,296.87188720703125,-248.38388061523438,33.33770751953125,-0.3061347615204071,0.7015392842486617,-0.4544077752259795,-0.017863444894161962
26.65984559059143,296.87188720703125,-248.38388061523438,33.33770751953125,-0.3061347615204071,0.7015392842486617,-0.43289853221699665,-0.01845860216909203
26.669458866119385,296.87188720703125,-248.38388061523438,33.33770751953125,-0.3061347615204071,0.7015392842486617,-0.37217465166693126,-0.01846209282759602
26.679693937301636,297.07342529296875,-248.44546508789062,33.33816909790039,-0.3056368502651031,0.7005347959015821,-0.3106482336303442,-0.01846209282759602
26.690213680267334,297.07342529296875,-248.44546508789062,33.33816909790039,-0.3056368502651031,0.7005347959015821,-0.21387908798552585,-0.01787042621116994
26.700329780578613,297.07342529296875,-248.44546508789062,33.33816909790039,-0.3056368502651031,0.7005347959015821,-0.30425738588501056,-0.0166818569905618
26.709997177124023,297.2732238769531,-248.50704956054688,33.33883285522461,-0.3050371063876173,0.6995497286783854,-0.28513824581364605,-0.016676621002805817
26.720009803771973,297.2732238769531,-248.50704956054688,33.33883285522461,-0.3050371063876173,0.6995497286783854,-0.31276892518235744,-0.01488765851951163
26.730538368225098,297.2732238769531,-248.50704956054688,33.33883285522461,-0.3050371063876173,0.6995497286783854,-0.2808640915002221,-0.014294246573833557
26.74078917503357,297.4055480957031,-248.548095703125,33.33945846557617,-0.3047377005020651,0.6985804483674299,-0.22972165393286811,-0.013704325286659476
26.750075101852417,297.4055480957031,-248.548095703125,33.33945846557617,-0.3047377005020651,0.6985804483674299,-0.264701581824484,-0.013110913340981405
26.760005712509155,297.6044921875,-248.60972595214844,33.339908599853516,-0.3043392916029893,0.6976109012065915,-0.284944328896322,-0.013112658670233396
26.770509719848633,297.6044921875,-248.60972595214844,33.339908599853516,-0.3043392916029893,0.6976109012065915,-0.3189621621816925,-0.013112658670233396
26.78041672706604,297.6044921875,-248.60972595214844,33.339908599853516,-0.3043392916029893,0.6976109012065915,-0.2923937412400891,-0.012515756066051336
26.790340423583984,297.8017272949219,-248.6702423095703,33.34055709838867,-0.303939318096773,0.6966459426227284,-0.2853204716822698,-0.011325441516191205
26.800440788269043,297.8017272949219,-248.6702423095703,33.34055709838867,-0.303939318096773,0.6966459426227284,-0.3206628669486337,-0.010133381637079077
26.81068205833435,297.8017272949219,-248.6702423095703,33.34055709838867,-0.303939318096773,0.6966459426227284,-0.43906745468773,-0.010131636307827083
26.82069230079651,297.9981384277344,-248.72964477539062,33.34120559692383,-0.3036405114224661,0.6957025801555861,-0.4378431331104668,-0.01012989097857509
26.83086395263672,297.9981384277344,-248.72964477539062,33.34120559692383,-0.3036405114224661,0.6957025801555861,-0.35516033841399197,-0.009536479032897017
26.840718507766724,297.9981384277344,-248.72964477539062,33.34120559692383,-0.3036405114224661,0.6957025801555861,-0.35763377787653033,-0.009536479032897017
26.850440502166748,298.1287536621094,-248.76962280273438,33.34181213378906,-0.30344077434071015,0.6947892448973189,-0.403916036030341,-0.009536479032897017
26.86150360107422,298.1287536621094,-248.76962280273438,33.34181213378906,-0.30344077434071015,0.6947892448973189,-0.486215521341576,-0.009534733703645023
26.870714902877808,298.1287536621094,-248.76962280273438,33.34181213378906,-0.30344077434071015,0.6947892448973189,-0.5911503726717278,-0.010131636307827083
26.880735397338867,298.3234558105469,-248.82904052734375,33.34225082397461,-0.3031425002986213,0.6938568456542363,-0.4920177356793348,-0.009541715020653
26.890774965286255,298.3234558105469,-248.82904052734375,33.34225082397461,-0.3031425002986213,0.6938568456542363,-0.32668162483962987,-0.010732029570513132
26.90111804008484,298.51727294921875,-248.8873748779297,33.34287643432617,-0.3028430611235555,0.692936547825858,-0.4544526909133141,-0.010723302924253159
26.911071062088013,298.51727294921875,-248.8873748779297,33.34287643432617,-0.3028430611235555,0.692936547825858,-0.40765003026040436,-0.00952600705738505
26.921144247055054,298.51727294921875,-248.8873748779297,33.34287643432617,-0.3028430611235555,0.692936547825858,-0.49718132414341654,-0.009524261728133055
26.93141269683838,298.7102355957031,-248.9435272216797,33.343502044677734,-0.3025443543177895,0.6920192387999634,-0.523172643036272,-0.008932595111706979
26.941232204437256,298.7102355957031,-248.9435272216797,33.343502044677734,-0.3025443543177895,0.6920192387999634,-0.5041867499548736,-0.00952600705738505
26.951513290405273,298.7102355957031,-248.9435272216797,33.343502044677734,-0.3025443543177895,0.6920192387999634,-0.5824073247608472,-0.009515535081873085
26.961440563201904,298.83740234375,-248.98130798339844,33.344085693359375,-0.3023440180247883,0.6911345325643351,-0.5456092791731887,-0.008923868465447007
26.971495628356934,298.83740234375,-248.98130798339844,33.344085693359375,-0.3023440180247883,0.6911345325643351,-0.5976006147096029,-0.008920377806943018
26.98153042793274,299.0286560058594,-249.03741455078125,33.344505310058594,-0.30204581056172664,0.6902237355388096,-0.5127601090554825,-0.009524261728133055
26.991310119628906,299.0286560058594,-249.03741455078125,33.344505310058594,-0.30204581056172664,0.6902237355388096,-0.5981227656204418,-0.010124654990819104
27.00163698196411,299.0286560058594,-249.03741455078125,33.344505310058594,-0.30204581056172664,0.6902237355388096,-0.5737897439345865,-0.009522516398881062
27.01146912574768,299.2181701660156,-249.09246826171875,33.34512710571289,-0.3017470371769334,0.6893961348906946,-0.5647348714236778,-0.010115928344559134
27.02173089981079,299.2181701660156,-249.09246826171875,33.34512710571289,-0.3017470371769334,0.6893961348906946,-0.5054566466992461,-0.009519025740377074
27.03194570541382,299.2181701660156,-249.09246826171875,33.34512710571289,-0.3017470371769334,0.6893961348906946,-0.3352724566195982,-0.009527752386637046
27.04206132888794,299.4068603515625,-249.14749145507812,33.34571838378906,-0.30144766458089484,0.6885788096574059,-0.40295736167425716,-0.008335692507524918
27.051748514175415,299.4068603515625,-249.14749145507812,33.34571838378906,-0.30144766458089484,0.6885788096574059,-0.36059023022101905,-0.00654673002423073
27.06223464012146,299.531494140625,-249.18417358398438,33.346275329589844,-0.3012484268418433,0.6877806964817721,-0.25947356744232664,-0.0059585540663086405
27.071864128112793,299.531494140625,-249.18417358398438,33.346275329589844,-0.3012484268418433,0.6877806964817721,-0.38114097298617233,-0.005352924815866608
27.082155466079712,299.531494140625,-249.18417358398438,33.346275329589844,-0.3012484268418433,0.6877806964817721,-0.4350448523494298,-0.005946336761544681
27.09206199645996,299.7184753417969,-249.23922729492188,33.346675872802734,-0.30104982160355065,0.6869944134745963,-0.40072830122442066,-0.005948082090796674
27.102364540100098,299.7184753417969,-249.23922729492188,33.346675872802734,-0.30104982160355065,0.6869944134745963,-0.4371215473777512,-0.006541494036474747
27.112610816955566,299.7184753417969,-249.23922729492188,33.346675872802734,-0.30104982160355065,0.6869944134745963,-0.4918842936963673,-0.005351179486614613
27.122262477874756,299.90460205078125,-249.29318237304688,33.34725570678711,-0.30095018608926805,0.6862026702415781,-0.434267211546308,-0.0047577675409365425
27.13213610649109,299.90460205078125,-249.29318237304688,33.34725570678711,-0.30095018608926805,0.6862026702415781,-0.46019589556485613,-0.005358160803622591
27.142441034317017,299.90460205078125,-249.29318237304688,33.34725570678711,-0.30095018608926805,0.6862026702415781,-0.5162221782065393,-0.004759512870188537
27.152226209640503,300.02838134765625,-249.32879638671875,33.34780502319336,-0.30085114978623073,0.6854323501495173,-0.5103948462638888,-0.0053546701451186035
27.162689447402954,300.02838134765625,-249.32879638671875,33.34780502319336,-0.30085114978623073,0.6854323501495173,-0.4843225120806165,-0.0053546701451186035
27.172409772872925,300.2136535644531,-249.38497924804688,33.34819412231445,-0.3006530106011288,0.6846570072804331,-0.5044928650279716,-0.0071471232869167785
27.182636260986328,300.2136535644531,-249.38497924804688,33.34819412231445,-0.3006530106011288,0.6846570072804331,-0.5580708778496072,-0.00714363262841279
27.192718744277954,300.2136535644531,-249.38497924804688,33.34819412231445,-0.3006530106011288,0.6846570072804331,-0.584918655786242,-0.007737044574090864
27.202906131744385,300.3972473144531,-249.44004821777344,33.34876251220703,-0.30045270759764126,0.6838861161542859,-0.5704063964948884,-0.008934340440958973
27.212512731552124,300.3972473144531,-249.44004821777344,33.34876251220703,-0.30045270759764126,0.6838861161542859,-0.5150430627743254,-0.008335692507524918
27.2230327129364,300.3972473144531,-249.44004821777344,33.34876251220703,-0.30045270759764126,0.6838861161542859,-0.42547572530970934,-0.008930849782454984
27.23298716545105,300.5799560546875,-249.49624633789062,33.34932327270508,-0.3001545001345796,0.6831117227367152,-0.3726504308784593,-0.00834441915378489
27.242867946624756,300.5799560546875,-249.49624633789062,33.34932327270508,-0.3001545001345796,0.6831117227367152,-0.4633941393688899,-0.008347909812288877
27.253387928009033,300.7019958496094,-249.53184509277344,33.349849700927734,-0.3000553639630014,0.6823572390950599,-0.4494708146899132,-0.008347909812288877
27.263126134872437,300.7019958496094,-249.53184509277344,33.349849700927734,-0.3000553639630014,0.6823572390950599,-0.3703113607321968,-0.007745771220350834
27.273571252822876,300.7019958496094,-249.53184509277344,33.349849700927734,-0.3000553639630014,0.6823572390950599,-0.41479408783705185,-0.008337437836776911
27.283430337905884,300.8830261230469,-249.5869598388672,33.3502311706543,-0.2997565239991809,0.6815990784046162,-0.39757168997050907,-0.00834441915378489
27.293303728103638,300.8830261230469,-249.5869598388672,33.3502311706543,-0.2997565239991809,0.6815990784046162,-0.3727453651113043,-0.007747516549602829
27.30354142189026,300.8830261230469,-249.5869598388672,33.3502311706543,-0.2997565239991809,0.6815990784046162,-0.41181848581187097,-0.007148868616168775
27.313663721084595,301.06317138671875,-249.64205932617188,33.35077667236328,-0.2995573861286702,0.68083698666806,-0.4116913606927667,-0.007747516549602829
27.323312759399414,301.06317138671875,-249.64205932617188,33.35077667236328,-0.2995573861286702,0.68083698666806,-0.3883581942149559,-0.006553711341238707
27.333678483963013,301.06317138671875,-249.64205932617188,33.35077667236328,-0.2995573861286702,0.68083698666806,-0.45927588309746425,-0.007152359274672763
27.34378933906555,301.1827392578125,-249.6776885986328,33.351287841796875,-0.29945828324660567,0.6800933539618627,-0.46611008234142615,-0.006558947328994691
27.353562116622925,301.1827392578125,-249.6776885986328,33.351287841796875,-0.29945828324660567,0.6800933539618627,-0.47645115989410625,-0.005363396791378575
27.363940000534058,301.36199951171875,-249.73171997070312,33.35165786743164,-0.299259678008313,0.6793545932935002,-0.5089568340255174,-0.005956808737056647
27.37397027015686,301.36199951171875,-249.73171997070312,33.35165786743164,-0.299259678008313,0.6793545932935002,-0.44579699797453964,-0.005962044724812631
27.38384747505188,301.36199951171875,-249.73171997070312,33.35165786743164,-0.299259678008313,0.6793545932935002,-0.4981742111194022,-0.005960299395560636
27.393935918807983,301.5395812988281,-249.7846221923828,33.352195739746094,-0.29906040697974784,0.6786151281328061,-0.4944785154307818,-0.005969026041820607
27.403786182403564,301.5395812988281,-249.7846221923828,33.352195739746094,-0.29906040697974784,0.6786151281328061,-0.4387796976451885,-0.0053773594253945295
27.413746118545532,301.5395812988281,-249.7846221923828,33.352195739746094,-0.29906040697974784,0.6786151281328061,-0.5198751747955388,-0.004775220833456485
27.424129962921143,301.7163391113281,-249.83753967285156,33.35272216796875,-0.29886176845194157,0.6778799999880456,-0.4568595770405283,-0.00477696616270848
27.43398404121399,301.7163391113281,-249.83753967285156,33.35272216796875,-0.29886176845194157,0.6778799999880456,-0.46410234859241023,-0.004185299546282402
27.443968296051025,301.7163391113281,-249.83753967285156,33.35272216796875,-0.29886176845194157,0.6778799999880456,-0.48466018879412676,-0.00419228086329038
27.45407223701477,301.83331298828125,-249.87318420410156,33.353214263916016,-0.29876216622717255,0.677168222833077,-0.4482623846871283,-0.004197516851046362
27.464369297027588,301.83331298828125,-249.87318420410156,33.353214263916016,-0.29876216622717255,0.677168222833077,-0.43590111074648163,-0.0041887902047863905
27.473920106887817,302.00830078125,-249.92501831054688,33.353572845458984,-0.2986640953200304,0.6764392968785423,-0.40757318461905145,-0.004185299546282402
27.484405040740967,302.00830078125,-249.92501831054688,33.353572845458984,-0.2986640953200304,0.6764392968785423,-0.2780561582777433,-0.0035918876006043304
27.494126558303833,302.00830078125,-249.92501831054688,33.353572845458984,-0.2986640953200304,0.6764392968785423,-0.35803457857860227,-0.002991494337918281
27.50450825691223,302.1816101074219,-249.9768524169922,33.35408401489258,-0.2985650590169931,0.6757182103724622,-0.5680295965889866,-0.0017976891295541594
27.51442575454712,302.1816101074219,-249.9768524169922,33.35408401489258,-0.2985650590169931,0.6757182103724622,-0.6557042926440019,-0.0023876104167282427
27.52483820915222,302.1816101074219,-249.9768524169922,33.35408401489258,-0.2985650590169931,0.6757182103724622,-0.6448464046150725,-0.0017872171540421937
27.534932851791382,302.296875,-250.0113983154297,33.354576110839844,-0.29856562493872474,0.6750673699476034,-0.5762579629133222,-0.0017941984710501708
27.54560136795044,302.296875,-250.0113983154297,33.354576110839844,-0.29856562493872474,0.6750673699476034,-0.5532074548502058,-0.0018046704465621369
27.554687023162842,302.4693298339844,-250.06326293945312,33.35491943359375,-0.2984670546888782,0.6744069244999349,-0.671556020483064,-0.0023911010752322315
27.564751148223877,302.4693298339844,-250.06326293945312,33.35491943359375,-0.2984670546888782,0.6744069244999349,-0.7035846862396651,-0.002977531703902326
27.57479190826416,302.4693298339844,-250.06326293945312,33.35491943359375,-0.2984670546888782,0.6744069244999349,-0.6668825362108015,-0.0035691983203284035
27.585326671600342,302.64007568359375,-250.11398315429688,33.35540771484375,-0.29846865258553223,0.6737533853724266,-0.5928572353145918,-0.0035691983203284035
27.59474754333496,302.64007568359375,-250.11398315429688,33.35540771484375,-0.29846865258553223,0.6737533853724266,-0.5006207872328213,-0.0035796702958403696
27.605453968048096,302.64007568359375,-250.11398315429688,33.35540771484375,-0.29846865258553223,0.6737533853724266,-0.4749904855259949,-0.002986258350162298
27.614953994750977,302.80914306640625,-250.16473388671875,33.355892181396484,-0.29836848443903163,0.6730975864573346,-0.5965261435496981,-0.0023771384412162766
27.625203371047974,302.80914306640625,-250.16473388671875,33.355892181396484,-0.29836848443903163,0.6730975864573346,-0.6341153419156941,-0.002373647782712288
27.634917497634888,302.92181396484375,-250.19825744628906,33.356346130371094,-0.2982700140577259,0.6724471828608238,-0.6196612632924117,-0.0023771384412162766
27.64489459991455,302.92181396484375,-250.19825744628906,33.356346130371094,-0.2982700140577259,0.6724471828608238,-0.672968142222885,-0.0023841197582242543
27.654926300048828,302.92181396484375,-250.19825744628906,33.356346130371094,-0.2982700140577259,0.6724471828608238,-0.5984160889865989,-0.0023841197582242543
27.665266275405884,303.0891418457031,-250.2490234375,33.35667037963867,-0.29817144380787935,0.6718015311146887,-0.541770227479937,-0.002373647782712288
27.675436973571777,303.0891418457031,-250.2490234375,33.35667037963867,-0.29817144380787935,0.6718015311146887,-0.5304854546781086,-0.0023666664657043105
27.68517231941223,303.0891418457031,-250.2490234375,33.35667037963867,-0.29817144380787935,0.6718015311146887,-0.4846375596699499,-0.0023771384412162766
27.695929765701294,303.2565002441406,-250.29869079589844,33.357139587402344,-0.29817194315058376,0.6711553714986177,-0.5367110362655817,-0.0023858650874762485
27.70509958267212,303.2565002441406,-250.29869079589844,33.357139587402344,-0.29817194315058376,0.6711553714986177,-0.5296035850829595,-0.0023841197582242543
27.71558952331543,303.2565002441406,-250.29869079589844,33.357139587402344,-0.29817194315058376,0.6711553714986177,-0.49908577597796994,-0.0017819811662862105
27.72530245780945,303.4212341308594,-250.34837341308594,33.357601165771484,-0.29807240750484204,0.6705268268184018,-0.4190567188448338,1.2217304763960306e-05
27.735567808151245,303.4212341308594,-250.34837341308594,33.357601165771484,-0.29807240750484204,0.6705268268184018,-0.39672024308480214,6.981317007977319e-06
27.745503425598145,303.53143310546875,-250.3807373046875,33.358036041259766,-0.29807343947976445,0.6698857329600705,-0.4689223548169649,0.0005969026041820607
27.75578808784485,303.53143310546875,-250.3807373046875,33.358036041259766,-0.29807343947976445,0.6698857329600705,-0.5399443363077341,0.001202531854624093
27.765981197357178,303.53143310546875,-250.3807373046875,33.358036041259766,-0.29807343947976445,0.6698857329600705,-0.523855670083937,0.0012007865253720986
27.775723934173584,303.6944885253906,-250.4304656982422,33.358341217041016,-0.29807447145468685,0.6692632185951226,-0.42852349528547984,0.0017889624832941875
27.785945892333984,303.6944885253906,-250.4304656982422,33.358341217041016,-0.29807447145468685,0.6692632185951226,-0.46675757777195714,0.0011903145498601327
27.795968294143677,303.6944885253906,-250.4304656982422,33.358341217041016,-0.29807447145468685,0.6692632185951226,-0.5197207902986318,0.001785471824790199
27.80626082420349,303.8575439453125,-250.47903442382812,33.35879135131836,-0.29807507066593214,0.668625842920704,-0.5549346789126393,0.0011903145498601327
27.816134452819824,303.8575439453125,-250.47903442382812,33.35879135131836,-0.29807507066593214,0.668625842920704,-0.553828000156745,0.0017872171540421937
27.82632350921631,303.8575439453125,-250.47903442382812,33.35879135131836,-0.29807507066593214,0.668625842920704,-0.5113230981079719,0.0017819811662862105
27.83651375770569,303.9651184082031,-250.51034545898438,33.35920715332031,-0.2981762042083279,0.6680117403187709,-0.45335033893033466,0.0017802358370342158
27.846887350082397,303.9651184082031,-250.51034545898438,33.35920715332031,-0.2981762042083279,0.6680117403187709,-0.46964848433514395,0.0017837264955382047
27.856632471084595,304.1256408691406,-250.5589599609375,33.359500885009766,-0.2981773693413048,0.6673867679573118,-0.47410506372359307,0.001785471824790199
27.866394758224487,304.1256408691406,-250.5589599609375,33.359500885009766,-0.2981773693413048,0.6673867679573118,-0.5051665778929492,0.001790707812546182
27.876721382141113,304.1256408691406,-250.5589599609375,33.359500885009766,-0.2981773693413048,0.6673867679573118,-0.5756337417926751,0.0017924531417981766
27.886735200881958,304.2852783203125,-250.60647583007812,33.35993957519531,-0.29827800354099615,0.666773538997447,-0.5587192182913281,0.0011920598791121271
27.896591901779175,304.2852783203125,-250.60647583007812,33.35993957519531,-0.29827800354099615,0.666773538997447,-0.5420651810954047,1.7453292519943298e-06
27.90665102005005,304.2852783203125,-250.60647583007812,33.35993957519531,-0.29827800354099615,0.666773538997447,-0.5991722457603497,0.0006021385919380437
27.916950702667236,304.4432678222656,-250.65621948242188,33.3603630065918,-0.29827903551591856,0.6661529707050379,-0.5518601662103575,-0.0
27.927051782608032,304.4432678222656,-250.65621948242188,33.3603630065918,-0.29827903551591856,0.6661529707050379,-0.6080415640971186,-0.0005951572749300664
27.93727970123291,304.54742431640625,-250.6897735595703,33.36076354980469,-0.2982801007803546,0.6655425164055284,-0.5944240209561129,-0.0005916666164260776
27.946673154830933,304.54742431640625,-250.6897735595703,33.36076354980469,-0.2982801007803546,0.6655425164055284,-0.5515045331874161,-0.0017872171540421937
27.95701026916504,304.54742431640625,-250.6897735595703,33.36076354980469,-0.2982801007803546,0.6655425164055284,-0.5345073870734669,-0.0011833332328521553
27.96706247329712,304.7037048339844,-250.7406463623047,33.36104965209961,-0.29818103118780365,0.6649293123375024,-0.44578302226148137,-0.001186823891356144
27.976938009262085,304.7037048339844,-250.7406463623047,33.36104965209961,-0.29818103118780365,0.6649293123375024,-0.4413895221110694,-0.0017872171540421937
27.987221479415894,304.7037048339844,-250.7406463623047,33.36104965209961,-0.29818103118780365,0.6649293123375024,-0.5451887419621857,-0.001181587903600161
27.997116088867188,304.8582763671875,-250.79042053222656,33.36146545410156,-0.29808082975178946,0.664314607570568,-0.5858723202901714,-0.0017732545200262388
28.00698184967041,304.8582763671875,-250.79042053222656,33.36146545410156,-0.29808082975178946,0.664314607570568,-0.5227067596089265,-0.0017767451785302274
28.017559051513672,304.9615783691406,-250.823974609375,33.36185073852539,-0.29808249422747074,0.6637065189083433,-0.526288153205109,-0.001774999849278233
28.027320623397827,304.9615783691406,-250.823974609375,33.36185073852539,-0.29808249422747074,0.6637065189083433,-0.4502823686130291,-0.0017802358370342158
28.037358283996582,304.9615783691406,-250.823974609375,33.36185073852539,-0.29808249422747074,0.6637065189083433,-0.5413543811467378,-0.0023684117949563047
28.047402381896973,305.11444091796875,-250.87374877929688,33.36212921142578,-0.2979828920027018,0.6630878273794923,-0.5322037725683191,-0.0017645278737662671
28.057542085647583,305.11444091796875,-250.87374877929688,33.36212921142578,-0.2979828920027018,0.6630878273794923,-0.4200511525295288,-0.0023666664657043105
28.067689895629883,305.11444091796875,-250.87374877929688,33.36212921142578,-0.2979828920027018,0.6630878273794923,-0.43994105674811856,-0.001181587903600161
28.077539205551147,305.2673034667969,-250.92352294921875,33.36252975463867,-0.2979839905566514,0.6624743982897714,-0.4225682012736688,-0.001181587903600161
28.087552309036255,305.2673034667969,-250.92352294921875,33.36252975463867,-0.2979839905566514,0.6624743982897714,-0.4190360634420844,-0.0017872171540421937
28.097752332687378,305.2673034667969,-250.92352294921875,33.36252975463867,-0.2979839905566514,0.6624743982897714,-0.4029000264121414,-0.001186823891356144
28.107982635498047,305.4193115234375,-250.9733123779297,33.36292266845703,-0.29788542030680487,0.6618636354238141,-0.39022158854198796,-0.0005864306286700947
28.117828130722046,305.4193115234375,-250.9733123779297,33.36292266845703,-0.29788542030680487,0.6618636354238141,-0.44842698759562183,-0.0005899212871740833
28.127758026123047,305.52008056640625,-251.0058135986328,33.36329650878906,-0.29788595293902287,0.6612582321943168,-0.44749051563073505,3.4906585039886596e-06
28.13792324066162,305.52008056640625,-251.0058135986328,33.36329650878906,-0.29788595293902287,0.6612582321943168,-0.3410927912988968,-0.0006003932626860493
28.147869348526,305.52008056640625,-251.0058135986328,33.36329650878906,-0.29788595293902287,0.6612582321943168,-0.28641729495484813,-1.0471975511965975e-05
28.158039331436157,305.67034912109375,-251.05337524414062,33.36355972290039,-0.2978865188607545,0.6606643819124509,-0.33921986160757583,0.0005951572749300664
28.168168783187866,305.67034912109375,-251.05337524414062,33.36355972290039,-0.2978865188607545,0.6606643819124509,-0.3719963519017083,0.0011955505376161158
28.17804455757141,305.67034912109375,-251.05337524414062,33.36355972290039,-0.2978865188607545,0.6606643819124509,-0.3144392642592779,0.0023806290997202655
28.188272953033447,305.8206481933594,-251.09878540039062,33.363948822021484,-0.2978875508356769,0.6600477023075723,-0.27921124836467603,0.0029757863746503323
28.19825506210327,305.8206481933594,-251.09878540039062,33.363948822021484,-0.2978875508356769,0.6600477023075723,-0.4062792762016124,0.002974041045398337
28.20812177658081,305.8206481933594,-251.09878540039062,33.363948822021484,-0.2978875508356769,0.6600477023075723,-0.465857061936805,0.0023788837704682713
28.218436002731323,305.9205017089844,-251.12899780273438,33.36430740356445,-0.2979882183248819,0.6594572341595923,-0.45634918395584756,0.0029757863746503323
28.22919988632202,305.9205017089844,-251.12899780273438,33.36430740356445,-0.2979882183248819,0.6594572341595923,-0.524335872318217,0.0023806290997202655
28.23864459991455,306.06988525390625,-251.1732635498047,33.36457061767578,-0.29808888581408693,0.6588743609727187,-0.4368235393977099,0.002373647782712288
28.248693466186523,306.06988525390625,-251.1732635498047,33.36457061767578,-0.29808888581408693,0.6588743609727187,-0.441370822719338,0.0029688050576423546
28.259077787399292,306.06988525390625,-251.1732635498047,33.36457061767578,-0.29808888581408693,0.6588743609727187,-0.4921395634285709,0.0029670597283903604
28.269124507904053,306.2176208496094,-251.2175750732422,33.36494445800781,-0.29819008593550994,0.6582764244289324,-0.46605896526068147,0.0017645278737662671
28.27846336364746,306.2176208496094,-251.2175750732422,33.36494445800781,-0.29819008593550994,0.6582764244289324,-0.57468369306218,0.0017697638615222502
28.289023876190186,306.2176208496094,-251.2175750732422,33.36494445800781,-0.29819008593550994,0.6582764244289324,-0.557749626186268,0.0005811946409141118
28.298720121383667,306.36529541015625,-251.2607421875,33.36531448364258,-0.29819061856772794,0.657684304542331,-0.4292675533601266,-1.2217304763960306e-05
28.30871868133545,306.36529541015625,-251.2607421875,33.36531448364258,-0.29819061856772794,0.657684304542331,-0.4392162871456151,0.0005899212871740833
28.319256067276,306.462646484375,-251.28990173339844,33.36566162109375,-0.2981917171216776,0.6571012494383272,-0.4423058463167546,-5.235987755982988e-06
28.329046487808228,306.462646484375,-251.28990173339844,33.36566162109375,-0.2981917171216776,0.6571012494383272,-0.4541193265506809,-1.0471975511965975e-05
28.339131832122803,306.462646484375,-251.28990173339844,33.36566162109375,-0.2981917171216776,0.6571012494383272,-0.5319895532992953,-0.0005969026041820607
28.34894585609436,306.6086120605469,-251.33419799804688,33.36591339111328,-0.298192216464382,0.656500936965826,-0.637520709675021,-0.000593411945678072
28.35901975631714,306.6086120605469,-251.33419799804688,33.36591339111328,-0.298192216464382,0.656500936965826,-0.5086269465474917,-0.001790707812546182
28.369053840637207,306.6086120605469,-251.33419799804688,33.36591339111328,-0.298192216464382,0.656500936965826,-0.5324431447294558,-0.00119729586686811
28.379409790039062,306.7537841796875,-251.3773956298828,33.366275787353516,-0.29819328172881804,0.6558380615245761,-0.4285778960704594,-0.0023963370629882146
28.389095783233643,306.7537841796875,-251.3773956298828,33.366275787353516,-0.29819328172881804,0.6558380615245761,-0.3686822143629408,-0.0029949849964222694
28.39935040473938,306.7537841796875,-251.3773956298828,33.366275787353516,-0.29819328172881804,0.6558380615245761,-0.6552946644802011,-0.002982767691658309
28.409221172332764,306.8502197265625,-251.40655517578125,33.36662292480469,-0.298093146871831,0.6551951568719784,-0.5139917885109964,-0.004174827570770436
28.420145511627197,306.8502197265625,-251.40655517578125,33.36662292480469,-0.298093146871831,0.6551951568719784,-0.36176573243191684,-0.004180063558526419
28.42964220046997,306.99365234375,-251.44973754882812,33.36687088012695,-0.2979940772792801,0.6545364276684584,-0.33560761924477195,-0.0017872171540421937
28.439749479293823,306.99365234375,-251.44973754882812,33.36687088012695,-0.2979940772792801,0.6545364276684584,-0.27480784422408167,-0.001186823891356144
28.450538158416748,306.99365234375,-251.44973754882812,33.36687088012695,-0.2979940772792801,0.6545364276684584,-0.4021098985962914,-0.001186823891356144
28.460161685943604,307.1371154785156,-251.49185180664062,33.367225646972656,-0.2979951425437161,0.6538742299633752,-0.5582157454091745,-0.0005829399701661061
28.470221757888794,307.1371154785156,-251.49185180664062,33.367225646972656,-0.2979951425437161,0.6538742299633752,-0.5322010787472573,-0.0005864306286700947
28.47955560684204,307.1371154785156,-251.49185180664062,33.367225646972656,-0.2979951425437161,0.6538742299633752,-0.5609476894204264,-0.00118507856210415
28.489665508270264,307.2788391113281,-251.5350799560547,33.36758041381836,-0.29789607295116516,0.6532201033438246,-0.4927294159297008,-0.0005759586531581287
28.499650955200195,307.2788391113281,-251.5350799560547,33.36758041381836,-0.29789607295116516,0.6532201033438246,-0.4000185063060231,-0.0005724679946541401
28.509897232055664,307.2788391113281,-251.5350799560547,33.36758041381836,-0.29789607295116516,0.6532201033438246,-0.482211826250856,1.2217304763960306e-05
28.520973443984985,307.42059326171875,-251.57717895507812,33.36793518066406,-0.29789607295116516,0.6525685344187707,-0.5490615578076018,0.0012060225131280816
28.529858112335205,307.42059326171875,-251.57717895507812,33.36793518066406,-0.29789607295116516,0.6525685344187707,-0.6459503825445616,0.0006073745796940265
28.5400972366333,307.42059326171875,-251.57717895507812,33.36793518066406,-0.29789607295116516,0.6525685344187707,-0.4589441643593386,0.0006003932626860493
28.54999327659607,307.56134033203125,-251.61843872070312,33.3692741394043,-0.29777413346275317,0.6508041498979429,-0.4748682647215886,0.00119729586686811
28.55989384651184,307.56134033203125,-251.61843872070312,33.3692741394043,-0.29777413346275317,0.6508041498979429,-0.532496053260898,0.0011938052083641214
28.570063591003418,307.6543273925781,-251.6468963623047,33.36971664428711,-0.29784547289045366,0.6521883666029451,-0.3570875574356446,0.0011885692206081383
28.580631494522095,307.6543273925781,-251.6468963623047,33.36971664428711,-0.29784547289045366,0.6521883666029451,-0.40758511094450145,0.0011990411961201044
28.590370893478394,307.6543273925781,-251.6468963623047,33.36971664428711,-0.29784547289045366,0.6521883666029451,-0.3456960178792946,0.0018046704465621369
28.600644826889038,307.79351806640625,-251.68812561035156,33.370079040527344,-0.29783904801432387,0.6531160839576462,-0.18857796392663204,0.002398082392240209
28.61027216911316,307.79351806640625,-251.68812561035156,33.370079040527344,-0.29783904801432387,0.6531160839576462,-0.3297045214147526,0.0029949849964222694
28.620501041412354,307.79351806640625,-251.68812561035156,33.370079040527344,-0.29783904801432387,0.6531160839576462,-0.38014146542941174,0.004180063558526419
28.630901098251343,307.9310607910156,-251.7303924560547,33.37053298950195,-0.29793974879304247,0.6537260488088789,-0.3650106501832736,0.002982767691658309
28.640544891357422,307.9310607910156,-251.7303924560547,33.37053298950195,-0.29793974879304247,0.6537260488088789,-0.4367586371909449,0.0029880036794142917
28.65077519416809,308.0233154296875,-251.75741577148438,33.370967864990234,-0.29804101549349277,0.6541841542616745,-0.45279933655287463,0.00239459173373622
28.660889625549316,308.0233154296875,-251.75741577148438,33.370967864990234,-0.29804101549349277,0.6541841542616745,-0.3945140766035873,0.002389355745980237
28.671030282974243,308.0233154296875,-251.75741577148438,33.370967864990234,-0.29804101549349277,0.6541841542616745,-0.48163002417391715,0.0018046704465621369
28.680368185043335,308.159912109375,-251.79849243164062,33.37131881713867,-0.2980389182541343,0.6545319030624354,-0.49522511034507694,0.0012130038301360591
28.690784454345703,308.159912109375,-251.79849243164062,33.37131881713867,-0.2980389182541343,0.6545319030624354,-0.38299303586814387,0.001202531854624093
28.700854063034058,308.159912109375,-251.79849243164062,33.37131881713867,-0.2980389182541343,0.6545319030624354,-0.42744582487655897,6.981317007977319e-06
28.710782051086426,308.29571533203125,-251.83956909179688,33.371768951416016,-0.2980398836500295,0.6548748413420509,-0.6088817120492034,0.0006108652381980154
28.720956325531006,308.29571533203125,-251.83956909179688,33.371768951416016,-0.2980398836500295,0.6548748413420509,-0.5699266496659812,-0.0017715091907742446
28.73140048980713,308.29571533203125,-251.83956909179688,33.371768951416016,-0.2980398836500295,0.6548748413420509,-0.5753196145332826,-0.0011746065865921838
28.74103283882141,308.38623046875,-251.8665771484375,33.3721923828125,-0.29804527655123686,0.6556391439361441,-0.6109854032408736,-0.002363175807200322
28.751861810684204,308.38623046875,-251.8665771484375,33.3721923828125,-0.29804527655123686,0.6556391439361441,-0.5069554500677989,-0.0029635690698863715
28.76103901863098,308.5212097167969,-251.9065399169922,33.372596740722656,-0.298037253778453,0.6556115227452294,-0.456271319953955,-0.003563962332572421
28.770957946777344,308.5212097167969,-251.9065399169922,33.372596740722656,-0.298037253778453,0.6556115227452294,-0.5616496179833729,-0.004752531553180559
28.781550645828247,308.5212097167969,-251.9065399169922,33.372596740722656,-0.298037253778453,0.6556115227452294,-0.4635457546067907,-0.005351179486614613
28.791510820388794,308.6554260253906,-251.94656372070312,33.373172760009766,-0.29778908045437125,0.6732905217237469,-0.3647808032827614,-0.005358160803622591
28.801108598709106,308.6554260253906,-251.94656372070312,33.373172760009766,-0.29778908045437125,0.6732905217237469,-0.3861155071095629,-0.004756022211684549
28.811516046524048,308.6554260253906,-251.94656372070312,33.373172760009766,-0.29778908045437125,0.6732905217237469,-0.34541494331200007,-0.004754276882432553
28.82175064086914,308.78857421875,-251.98651123046875,33.37374496459961,-0.2977362832857604,0.6565564798647586,-0.3204198688678842,-0.004756022211684549
28.831394910812378,308.78857421875,-251.98651123046875,33.37374496459961,-0.2977362832857604,0.6565564798647586,-0.2888642583228057,-0.0029653143991383657
28.841698169708252,308.8766174316406,-252.01356506347656,33.37429428100586,-0.2976073862890006,0.6743792354854167,-0.2849171405542734,-0.002961823740634377
28.851578950881958,308.8766174316406,-252.01356506347656,33.37429428100586,-0.2976073862890006,0.6743792354854167,-0.24659208049224435,-0.0029653143991383657
28.861500024795532,308.8766174316406,-252.01356506347656,33.37429428100586,-0.2976073862890006,0.6743792354854167,-0.271867774605822,-0.001768018532270256
28.87192463874817,309.0081481933594,-252.0535430908203,33.374717712402344,-0.2975285900102479,0.657511499203044,-0.34943851767115586,-0.0017627825445142731
28.881935596466064,309.0081481933594,-252.0535430908203,33.374717712402344,-0.2975285900102479,0.657511499203044,-0.24283535776780144,-0.0005759586531581287
28.892396688461304,309.0081481933594,-252.0535430908203,33.374717712402344,-0.2975285900102479,0.657511499203044,-0.2735175739547055,1.9198621771937625e-05
28.901782751083374,309.1396789550781,-252.09242248535156,33.37527084350586,-0.29750618616757757,0.6755015150928515,-0.41818169485622925,1.3962634015954639e-05
28.91151714324951,309.1396789550781,-252.09242248535156,33.37527084350586,-0.29750618616757757,0.6755015150928515,-0.4237229175671763,3.4906585039886596e-06
28.921725511550903,309.1396789550781,-252.09242248535156,33.37527084350586,-0.29750618616757757,0.6755015150928515,-0.4305045355027636,1.7453292519943298e-06
28.931721925735474,309.26953125,-252.1302490234375,33.375823974609375,-0.2975184034190783,0.6585230284705204,-0.46112470358223884,0.0006003932626860493
28.94158673286438,309.26953125,-252.1302490234375,33.375823974609375,-0.2975184034190783,0.6585230284705204,-0.32864342047824746,1.7453292519943298e-06
28.952275276184082,309.35491943359375,-252.15614318847656,33.376346588134766,-0.2975019251098335,0.676753669052941,-0.3835088917201629,-0.000588175957922089
28.96200704574585,309.35491943359375,-252.15614318847656,33.376346588134766,-0.2975019251098335,0.676753669052941,-0.40591560010574235,0.0006091199089460211
28.97204852104187,309.35491943359375,-252.15614318847656,33.376346588134766,-0.2975019251098335,0.676753669052941,-0.3662446063440502,-1.7453292519943298e-06
28.98256492614746,309.48388671875,-252.19393920898438,33.37674331665039,-0.29751151248975777,0.659652519771725,-0.3897384515768144,-0.0006108652381980154
28.99226713180542,309.48388671875,-252.19393920898438,33.37674331665039,-0.29751151248975777,0.659652519771725,-0.4473567656489425,-0.0006003932626860493
29.002296924591064,309.48388671875,-252.19393920898438,33.37674331665039,-0.29751151248975777,0.659652519771725,-0.470261437323101,-0.0005951572749300664
29.012262105941772,309.6111755371094,-252.23175048828125,33.377281188964844,-0.2974945015482949,0.6780441014357228,-0.3606596638524336,-0.0
29.022534608840942,309.6111755371094,-252.23175048828125,33.377281188964844,-0.2974945015482949,0.6780441014357228,-0.3775946605142639,-0.000593411945678072
29.03254771232605,309.6111755371094,-252.23175048828125,33.377281188964844,-0.2974945015482949,0.6780441014357228,-0.42249243493924293,-0.000593411945678072
29.042528867721558,309.6957092285156,-252.25662231445312,33.37778854370117,-0.2974028888067961,0.6608782391400663,-0.40389125706475315,-0.0011938052083641214
29.05280876159668,309.6957092285156,-252.25662231445312,33.37778854370117,-0.2974028888067961,0.6608782391400663,-0.4239369998058412,-0.0017837264955382047
29.062514781951904,309.8221130371094,-252.29331970214844,33.37818145751953,-0.297385811286306,0.6794246794766983,-0.3891291938300674,-0.0017767451785302274
29.072925806045532,309.8221130371094,-252.29331970214844,33.37818145751953,-0.297385811286306,0.6794246794766983,-0.37275672227093254,-0.00238237442897226
29.082926988601685,309.8221130371094,-252.29331970214844,33.37818145751953,-0.297385811286306,0.6794246794766983,-0.3202785895700949,-0.001790707812546182
29.09257221221924,309.94769287109375,-252.33114624023438,33.37869644165039,-0.29729533038827055,0.6621206582993328,-0.36960335448813053,3.4906585039886596e-06
29.102631330490112,309.94769287109375,-252.33114624023438,33.37869644165039,-0.29729533038827055,0.6621206582993328,-0.3964393949429006,-0.000593411945678072
29.112792253494263,309.94769287109375,-252.33114624023438,33.37869644165039,-0.29729533038827055,0.6621206582993328,-0.3163591146509207,-0.000598647933434055
29.122618675231934,310.03143310546875,-252.35597229003906,33.37919998168945,-0.2972782528677804,0.6808505348725246,-0.39644471139262866,-0.0005951572749300664
29.13283085823059,310.03143310546875,-252.35597229003906,33.37919998168945,-0.2972782528677804,0.6808505348725246,-0.3712354468713539,-0.001186823891356144
29.142817735671997,310.1552734375,-252.39271545410156,33.37958526611328,-0.2972868082727823,0.6634773366650472,-0.24804557550009904,-0.0005916666164260776
29.152706146240234,310.1552734375,-252.39271545410156,33.37958526611328,-0.2972868082727823,0.6634773366650472,-0.2507300586679219,0.0006003932626860493
29.16283869743347,310.1552734375,-252.39271545410156,33.37958526611328,-0.2972868082727823,0.6634773366650472,-0.32078617738834636,0.000598647933434055
29.173261880874634,310.27996826171875,-252.42942810058594,33.38009262084961,-0.29727023009499653,0.6823605590546156,-0.2772582198782869,0.000588175957922089
29.18287229537964,310.27996826171875,-252.42942810058594,33.38009262084961,-0.29727023009499653,0.6823605590546156,-0.19344106563388466,0.0011903145498601327
29.19317603111267,310.27996826171875,-252.42942810058594,33.38009262084961,-0.29727023009499653,0.6823605590546156,-0.3092901003434967,0.00239459173373622
29.203314542770386,310.36285400390625,-252.45428466796875,33.38058090209961,-0.29727935142173006,0.6649203458883387,-0.3213510878956964,0.0017941984710501708
29.213348150253296,310.36285400390625,-252.45428466796875,33.38058090209961,-0.29727935142173006,0.6649203458883387,-0.23537449151343276,0.0023876104167282427
29.223212480545044,310.4866638183594,-252.49099731445312,33.380958557128906,-0.29736240875822695,0.6839505540690145,-0.3785869917691131,0.0035866516128483473
29.233285427093506,310.4866638183594,-252.49099731445312,33.380958557128906,-0.29736240875822695,0.6839505540690145,-0.3884672952054451,0.002991494337918281
29.24351739883423,310.4866638183594,-252.49099731445312,33.380958557128906,-0.29736240875822695,0.6839505540690145,-0.35106597149130603,0.0017924531417981766
29.253313302993774,310.6096496582031,-252.5277557373047,33.38146209716797,-0.2973714302164196,0.6664229727304097,-0.48753525444543416,0.00239459173373622
29.26360774040222,310.6096496582031,-252.5277557373047,33.38146209716797,-0.2973714302164196,0.6664229727304097,-0.4841630032174755,0.00119729586686811
29.27387499809265,310.6096496582031,-252.5277557373047,33.38146209716797,-0.2973714302164196,0.6664229727304097,-0.3877110613719765,0.001785471824790199
29.28376603126526,310.732421875,-252.56362915039062,33.38323211669922,-0.297439573850812,0.6893649743593954,-0.37842372035934935,0.0011938052083641214
29.293839931488037,310.732421875,-252.56362915039062,33.38323211669922,-0.297439573850812,0.6893649743593954,-0.46609423779787257,0.001202531854624093
29.303805828094482,310.8134765625,-252.58763122558594,33.38385772705078,-0.29747639205288234,0.6779658617642402,-0.4228632700567869,0.0011990411961201044
29.31375217437744,310.8134765625,-252.58763122558594,33.38385772705078,-0.29747639205288234,0.6779658617642402,-0.3225739996395811,0.0006038839211900379
29.32378339767456,310.8134765625,-252.58763122558594,33.38385772705078,-0.29747639205288234,0.6779658617642402,-0.38855638067736975,0.0012042771838760874
29.334008932113647,310.9346923828125,-252.62445068359375,33.38437271118164,-0.29748168508554884,0.7003110081012128,-0.41817531996830537,0.0017994344588061536
29.34397315979004,310.9346923828125,-252.62445068359375,33.38437271118164,-0.29748168508554884,0.7003110081012128,-0.3550104809738489,0.0006056292504420325
29.353875160217285,310.9346923828125,-252.62445068359375,33.38437271118164,-0.29748168508554884,0.7003110081012128,-0.35730619977738565,0.0012007865253720986
29.364227533340454,311.055908203125,-252.66015625,33.385009765625,-0.2975077840642316,0.6867075582120299,-0.3465658081609245,0.0006091199089460211
29.3740553855896,311.055908203125,-252.66015625,33.385009765625,-0.2975077840642316,0.6867075582120299,-0.24624564800319484,0.001202531854624093
29.384753942489624,311.055908203125,-252.66015625,33.385009765625,-0.2975077840642316,0.6867075582120299,-0.25654979339364103,0.00239459173373622
29.394399166107178,311.17626953125,-252.69692993164062,33.38563537597656,-0.2976004620701664,0.7076137471907584,-0.3792432607997759,0.0029897490086662868
29.405118227005005,311.17626953125,-252.69692993164062,33.38563537597656,-0.2976004620701664,0.7076137471907584,-0.33616686202457513,0.0023858650874762485
29.41478657722473,311.2565612792969,-252.72071838378906,33.38624572753906,-0.2976191707768242,0.6936128450009011,-0.2765478743026797,0.003577924966588375
29.424551010131836,311.2565612792969,-252.72071838378906,33.38624572753906,-0.2976191707768242,0.6936128450009011,-0.43048956978616093,0.002991494337918281
29.434607982635498,311.2565612792969,-252.72071838378906,33.38624572753906,-0.2976191707768242,0.6936128450009011,-0.421340835287255,0.0023928464044842257
29.444501876831055,311.3760986328125,-252.75631713867188,33.38674545288086,-0.29770592324933354,0.714093499347945,-0.26570067378712897,0.002977531703902326
29.455048322677612,311.3760986328125,-252.75631713867188,33.38674545288086,-0.29770592324933354,0.714093499347945,-0.3919878271984977,0.004173082241518441
29.46521282196045,311.3760986328125,-252.75631713867188,33.38674545288086,-0.29770592324933354,0.714093499347945,-0.3741250310805284,0.0035796702958403696
29.47513222694397,311.4947509765625,-252.79200744628906,33.387367248535156,-0.2978210050979386,0.7001220614984128,-0.3461332424447933,0.003570943649580398
29.484594106674194,311.4947509765625,-252.79200744628906,33.387367248535156,-0.2978210050979386,0.7001220614984128,-0.2812956957327293,0.002972295716146343
29.49514937400818,311.5741271972656,-252.81573486328125,33.38795852661133,-0.29790572691011674,0.7205069512011196,-0.25688018957074676,0.003570943649580398
29.504738569259644,311.5741271972656,-252.81573486328125,33.38795852661133,-0.29790572691011674,0.7205069512011196,-0.2566309218611248,0.004763003528692525
29.51518964767456,311.5741271972656,-252.81573486328125,33.38795852661133,-0.29790572691011674,0.7205069512011196,-0.2197093392298622,0.004167846253762459
29.525007009506226,311.6919860839844,-252.85142517089844,33.38844680786133,-0.29802077546920813,0.7066787671514363,-0.2825086316951412,0.005962044724812631
29.53483557701111,311.6919860839844,-252.85142517089844,33.38844680786133,-0.29802077546920813,0.7066787671514363,-0.26848597187235124,0.005956808737056647
29.544926643371582,311.6919860839844,-252.85142517089844,33.38844680786133,-0.29802077546920813,0.7066787671514363,-0.1410924323293198,0.005948082090796674
29.55500626564026,311.80889892578125,-252.88597106933594,33.38905334472656,-0.2982045335844236,0.7269430285143935,-0.22721556767835288,0.006550220682734718
29.564810276031494,311.80889892578125,-252.88597106933594,33.38905334472656,-0.2982045335844236,0.7269430285143935,-0.3524389748993344,0.007751007208106817
29.57517409324646,311.80889892578125,-252.88597106933594,33.38905334472656,-0.2982045335844236,0.7269430285143935,-0.2534785783845858,0.006550220682734718
29.585201263427734,311.9251403808594,-252.9214630126953,33.3886604309082,-0.2985634278308254,0.7092636940888333,-0.22113406949776587,0.007138396640656807
29.595521688461304,311.9251403808594,-252.9214630126953,33.3886604309082,-0.2985634278308254,0.7092636940888333,-0.37667234604797195,0.008333947178272924
29.605226039886475,312.00286865234375,-252.9448699951172,33.389122009277344,-0.2987898298129958,0.7197614722183567,-0.35696666010136024,0.007737044574090864
29.615457773208618,312.00286865234375,-252.9448699951172,33.389122009277344,-0.2987898298129958,0.7197614722183567,-0.29411051032311236,0.00832871119051694
29.625264167785645,312.00286865234375,-252.9448699951172,33.389122009277344,-0.2987898298129958,0.7197614722183567,-0.3877431282872127,0.007735299244838867
29.635489463806152,312.11895751953125,-252.9792938232422,33.38948059082031,-0.29901782969182017,0.7012685270297925,-0.38189316900714726,0.007730063257082886
29.645517587661743,312.11895751953125,-252.9792938232422,33.38948059082031,-0.29901782969182017,0.7012685270297925,-0.27161211998471135,0.008319984544256968
29.65541386604309,312.11895751953125,-252.9792938232422,33.38948059082031,-0.29901782969182017,0.7012685270297925,-0.336186795026946,0.007728317927830891
29.665449380874634,312.2341613769531,-253.01377868652344,33.38995361328125,-0.29919839201372755,0.7160244740140285,-0.4626717348396925,0.007735299244838867
29.675255060195923,312.2341613769531,-253.01377868652344,33.38995361328125,-0.29919839201372755,0.7160244740140285,-0.3723601509434167,0.007140141969908803
29.685380935668945,312.3109436035156,-253.0364227294922,33.39039993286133,-0.2994200003059358,0.6997217199153769,-0.3831479110588537,0.00773180858633488
29.695584774017334,312.3109436035156,-253.0364227294922,33.39039993286133,-0.2994200003059358,0.6997217199153769,-0.36699797291927194,0.007138396640656807
29.70544123649597,312.3109436035156,-253.0364227294922,33.39039993286133,-0.2994200003059358,0.6997217199153769,-0.38746311562064717,0.00654673002423073
29.715489149093628,312.42529296875,-253.06985473632812,33.390750885009766,-0.2995834518178394,0.715327843956371,-0.3083053531212249,0.006548475353482724
29.725743532180786,312.42529296875,-253.06985473632812,33.390750885009766,-0.2995834518178394,0.715327843956371,-0.3390380590797828,0.007152359274672763
29.73568630218506,312.42529296875,-253.06985473632812,33.390750885009766,-0.2995834518178394,0.715327843956371,-0.4795753515473754,0.007752752537358811
29.745762825012207,312.5387878417969,-253.10438537597656,33.391212463378906,-0.2998247675021142,0.6997419657292411,-0.4242332190920566,0.006553711341238707
29.755932569503784,312.5387878417969,-253.10438537597656,33.391212463378906,-0.2998247675021142,0.6997419657292411,-0.44325527899957406,0.005953318078552658
29.76597285270691,312.5387878417969,-253.10438537597656,33.391212463378906,-0.2998247675021142,0.6997419657292411,-0.5528966006343303,0.005366887449882563
29.776434659957886,312.65234375,-253.13787841796875,33.391666412353516,-0.299967912410706,0.7153668064184554,-0.5649413142976918,0.004769984845700502
29.786070823669434,312.65234375,-253.13787841796875,33.391666412353516,-0.299967912410706,0.7153668064184554,-0.43300457924907937,0.002972295716146343
29.795943021774292,312.727294921875,-253.16053771972656,33.39210510253906,-0.30012943313081925,0.7005435980624255,-0.39986556997693457,0.0035691983203284035
29.80593180656433,312.727294921875,-253.16053771972656,33.39210510253906,-0.30012943313081925,0.7005435980624255,-0.4303406127692392,0.0035674529910764093
29.81628394126892,312.727294921875,-253.16053771972656,33.39210510253906,-0.30012943313081925,0.7005435980624255,-0.35946019586546385,0.0035604716740684317
29.82621932029724,312.839111328125,-253.19509887695312,33.39244842529297,-0.3002108925706621,0.6997684340990988,-0.34640950136609,0.002972295716146343
29.836219549179077,312.839111328125,-253.19509887695312,33.39244842529297,-0.3002108925706621,0.6997684340990988,-0.4024587552703286,0.0035761796373363817
29.846583604812622,312.839111328125,-253.19509887695312,33.39244842529297,-0.3002108925706621,0.6997684340990988,-0.2916940192337789,0.002974041045398337
29.856335639953613,312.9508972167969,-253.2285614013672,33.39289855957031,-0.30031052808494463,0.6996528141287321,-0.18195023361911455,0.0035674529910764093
29.866569995880127,312.9508972167969,-253.2285614013672,33.39289855957031,-0.30031052808494463,0.6996528141287321,-0.24829445653848953,0.004766494187196514
29.87690281867981,312.9508972167969,-253.2285614013672,33.39289855957031,-0.30031052808494463,0.6996528141287321,-0.2773362754095189,0.005960299395560636
29.88657283782959,313.0251159667969,-253.25125122070312,33.39331817626953,-0.3003089634778042,0.6996089747376619,-0.25345683217818277,0.004761258199440531
29.896700859069824,313.0251159667969,-253.25125122070312,33.39331817626953,-0.3003089634778042,0.6996089747376619,-0.32378058099186235,0.005363396791378575
29.906666040420532,313.1361083984375,-253.28363037109375,33.39365768432617,-0.30050597081944286,0.6994742080758813,-0.3415328880585044,0.0059637900540646235
29.91665506362915,313.1361083984375,-253.28363037109375,33.39365768432617,-0.30050597081944286,0.6994742080758813,-0.2657862725874803,0.005363396791378575
29.92668604850769,313.1361083984375,-253.28363037109375,33.39365768432617,-0.30050597081944286,0.6994742080758813,-0.29252464493139985,0.006553711341238707
29.93707513809204,313.24359130859375,-253.3126678466797,33.39409637451172,-0.3007121327773286,0.6994404000497798,-0.40965767719037893,0.006562437987498679
29.946767330169678,313.24359130859375,-253.3126678466797,33.39409637451172,-0.3007121327773286,0.6994404000497798,-0.3665793186664383,0.007751007208106817
29.957141160964966,313.24359130859375,-253.3126678466797,33.39409637451172,-0.3007121327773286,0.6994404000497798,-0.3547896455386375,0.007145377957664785
29.96721911430359,313.35107421875,-253.34063720703125,33.39451599121094,-0.300916097627315,0.6994059054759558,-0.4665305863461741,0.006553711341238707
29.977115154266357,313.35107421875,-253.34063720703125,33.39451599121094,-0.300916097627315,0.6994059054759558,-0.5251182835301919,0.0059637900540646235
29.987166166305542,313.4227294921875,-253.35888671875,33.394920349121094,-0.3010205601210734,0.6994064782049422,-0.39828097719459016,0.005359906132874586
29.997193574905396,313.4227294921875,-253.35888671875,33.394920349121094,-0.3010205601210734,0.6994064782049422,-0.35153065897479185,0.005358160803622591
30.007261037826538,313.4227294921875,-253.35888671875,33.394920349121094,-0.3010205601210734,0.6994064782049422,-0.42196562869943893,0.005960299395560636
30.017141342163086,313.52850341796875,-253.38685607910156,33.39524459838867,-0.30122555694598224,0.6994149001175365,-0.43974064800978685,0.005962044724812631
30.027225494384766,313.52850341796875,-253.38685607910156,33.39524459838867,-0.30122555694598224,0.6994149001175365,-0.34770033605835127,0.004763003528692525
30.03734016418457,313.52850341796875,-253.38685607910156,33.39524459838867,-0.30122555694598224,0.6994149001175365,-0.3167547957000588,0.005358160803622591
30.047513246536255,313.6351623535156,-253.41482543945312,33.395652770996094,-0.3013310181251494,0.6994471028773331,-0.4311595605074803,0.004768239516448509
30.05749797821045,313.6351623535156,-253.41482543945312,33.395652770996094,-0.3013310181251494,0.6994471028773331,-0.33959255284797857,0.004763003528692525
30.067562103271484,313.6351623535156,-253.41482543945312,33.395652770996094,-0.3013310181251494,0.6994471028773331,-0.3235372889393042,0.00476474885794452
30.078105211257935,313.705078125,-253.43307495117188,33.396053314208984,-0.3014354473293941,0.6994697857875778,-0.40463737622961404,0.005366887449882563
30.087652683258057,313.705078125,-253.43307495117188,33.396053314208984,-0.3014354473293941,0.6994697857875778,-0.3053676854544359,0.005363396791378575
30.097618341445923,313.8100280761719,-253.46109008789062,33.396358489990234,-0.30164054402284385,0.6994375759017484,-0.2789255581719199,0.004761258199440531
30.10763931274414,313.8100280761719,-253.46109008789062,33.396358489990234,-0.30164054402284385,0.6994375759017484,-0.34382413172078163,0.00476474885794452
30.117820978164673,313.8100280761719,-253.46109008789062,33.396358489990234,-0.30164054402284385,0.6994375759017484,-0.35138919276244257,0.004171336912266448
30.127463579177856,313.9140625,-253.48794555664062,33.39676284790039,-0.3017449066480613,0.699391357382965,-0.30009362365619013,0.004167846253762459
30.137853860855103,313.9140625,-253.48794555664062,33.39676284790039,-0.3017449066480613,0.699391357382965,-0.19749790173442813,0.00476474885794452
30.147845029830933,313.9140625,-253.48794555664062,33.39676284790039,-0.3017449066480613,0.699391357382965,-0.328986827197442,0.00536514212063057
30.15800380706787,314.0181884765625,-253.51480102539062,33.39715576171875,-0.3019499700519974,0.6993442438023634,-0.3760352393867461,0.00476474885794452
30.168126106262207,314.0181884765625,-253.51480102539062,33.39715576171875,-0.3019499700519974,0.6993442438023634,-0.2518300701376478,0.004759512870188537
30.178151607513428,314.088134765625,-253.5364227294922,33.397544860839844,-0.3020537667554833,0.6993024053408063,-0.24374512650925856,0.005356415474370597
30.188154697418213,314.088134765625,-253.5364227294922,33.397544860839844,-0.3020537667554833,0.6993024053408063,-0.32701761427312276,0.005953318078552658
30.198572635650635,314.088134765625,-253.5364227294922,33.397544860839844,-0.3020537667554833,0.6993024053408063,-0.3002554716242206,0.005351179486614613
30.208493947982788,314.1930847167969,-253.5677032470703,33.39784240722656,-0.3021587618814596,0.6992945693433483,-0.2930971607288415,0.004752531553180559
30.21838641166687,314.1930847167969,-253.5677032470703,33.39784240722656,-0.3021587618814596,0.6992945693433483,-0.3145458185040617,0.005356415474370597
30.22857666015625,314.1930847167969,-253.5677032470703,33.39784240722656,-0.3021587618814596,0.6992945693433483,-0.2926064549706586,0.005352924815866608
30.238563537597656,314.2980651855469,-253.59901428222656,33.39824295043945,-0.30236322607415045,0.6993668926268933,-0.25589998672738823,0.005944591432292686
30.248181581497192,314.2980651855469,-253.59901428222656,33.39824295043945,-0.30236322607415045,0.6993668926268933,-0.28235116808299315,0.005351179486614613
30.258233785629272,314.2980651855469,-253.59901428222656,33.39824295043945,-0.30236322607415045,0.6993668926268933,-0.413922865393862,0.005953318078552658
30.268771171569824,314.40130615234375,-253.63034057617188,33.39863586425781,-0.3024666233034728,0.6994029973124232,-0.3117883372938891,0.0053546701451186035
30.27875518798828,314.40130615234375,-253.63034057617188,33.39863586425781,-0.3024666233034728,0.6994029973124232,-0.26400208728456875,0.005953318078552658
30.288737773895264,314.40130615234375,-253.63034057617188,33.39863586425781,-0.3024666233034728,0.6994029973124232,-0.3886116100158223,0.005960299395560636
30.29836916923523,314.4704284667969,-253.65087890625,33.39902114868164,-0.30267112078567726,0.6994641893232106,-0.48516288804778956,0.00536514212063057
30.308753967285156,314.4704284667969,-253.65087890625,33.39902114868164,-0.30267112078567726,0.6994641893232106,-0.4070804592364673,0.004763003528692525
30.318599462509155,314.57366943359375,-253.68215942382812,33.39931869506836,-0.3027750506472176,0.6994740532157198,-0.39470295916630704,0.004763003528692525
30.32839608192444,314.57366943359375,-253.68215942382812,33.39931869506836,-0.3027750506472176,0.6994740532157198,-0.44669072464101334,0.005363396791378575
30.338594436645508,314.57366943359375,-253.68215942382812,33.39931869506836,-0.3027750506472176,0.6994740532157198,-0.42730197315316215,0.004167846253762459
30.349727630615234,314.67608642578125,-253.71237182617188,33.39970779418945,-0.3029789489181768,0.6994912711673333,-0.40825824146871487,0.0035674529910764093
30.35850191116333,314.67608642578125,-253.71237182617188,33.39970779418945,-0.3029789489181768,0.6994912711673333,-0.47664193412872713,0.0029757863746503323
30.36876344680786,314.67608642578125,-253.71237182617188,33.39970779418945,-0.3029789489181768,0.6994912711673333,-0.45697018593903305,0.0023806290997202655
30.37867760658264,314.77850341796875,-253.7437286376953,33.40009307861328,-0.30298284379127105,0.6994919296420673,-0.3750842776023109,0.0017819811662862105
30.38880968093872,314.77850341796875,-253.7437286376953,33.40009307861328,-0.30298284379127105,0.6994919296420673,-0.3415341087240011,0.001186823891356144
30.399107456207275,314.84674072265625,-253.7642059326172,33.40045928955078,-0.3030866072052432,0.699521924187285,-0.34076782222860014,0.0011920598791121271
30.409462690353394,314.84674072265625,-253.7642059326172,33.40045928955078,-0.3030866072052432,0.699521924187285,-0.24380075749670627,0.0005969026041820607
30.41929054260254,314.84674072265625,-253.7642059326172,33.40045928955078,-0.3030866072052432,0.699521924187285,-0.10257274136423372,0.0017872171540421937
30.429051160812378,314.94830322265625,-253.79444885253906,33.40074157714844,-0.3030903023412557,0.6994728286493462,-0.251913499119668,0.0023911010752322315
30.43951988220215,314.94830322265625,-253.79444885253906,33.40074157714844,-0.3030903023412557,0.6994728286493462,-0.33286151486181853,0.0029897490086662868
30.449132204055786,314.94830322265625,-253.79444885253906,33.40074157714844,-0.3030903023412557,0.6994728286493462,-0.1576011663879015,0.0029810223624063153
30.45951199531555,315.04901123046875,-253.82577514648438,33.401126861572266,-0.30319369957057807,0.6994687177237616,-0.18217401449764195,0.002389355745980237
30.46904969215393,315.04901123046875,-253.82577514648438,33.401126861572266,-0.30319369957057807,0.6994687177237616,-0.3003524346934775,0.002405063709248186
30.479461669921875,315.04901123046875,-253.82577514648438,33.401126861572266,-0.30319369957057807,0.6994687177237616,-0.2449684119574025,0.0030002209841782524
30.489531993865967,315.11639404296875,-253.84628295898438,33.401485443115234,-0.3031973614170769,0.6994638466609271,-0.18360433692156292,0.00239459173373622
30.499284029006958,315.11639404296875,-253.84628295898438,33.401485443115234,-0.3031973614170769,0.6994638466609271,-0.23569746447704512,0.0035883969421003415
30.50938391685486,315.2171325683594,-253.87655639648438,33.401771545410156,-0.3033012579891036,0.699430978118185,-0.26962255524373613,0.004187044875534397
30.52000617980957,315.2171325683594,-253.87655639648438,33.401771545410156,-0.3033012579891036,0.699430978118185,-0.21810958266204483,0.0047804568212124685
30.529348611831665,315.2171325683594,-253.87655639648438,33.401771545410156,-0.3033012579891036,0.699430978118185,-0.28890759284674156,0.0047804568212124685
30.53983736038208,315.3179931640625,-253.90760803222656,33.40089797973633,-0.3033641085908295,0.6938258613219263,-0.4570610759554038,0.004783947479716458
30.549550771713257,315.3179931640625,-253.90760803222656,33.40089797973633,-0.3033641085908295,0.6938258613219263,-0.3570663445368396,0.003581415625092364
30.560115098953247,315.3179931640625,-253.90760803222656,33.40089797973633,-0.3033641085908295,0.6938258613219263,-0.2526171805974443,0.0029845130209103037
30.569891214370728,315.41790771484375,-253.93760681152344,33.401126861572266,-0.3034408076302238,0.6862121274463563,-0.3588366641314103,0.004185299546282402
30.580188751220703,315.41790771484375,-253.93760681152344,33.401126861572266,-0.3034408076302238,0.6862121274463563,-0.37040285981747956,0.0029897490086662868
30.590421676635742,315.41790771484375,-253.93760681152344,33.401126861572266,-0.3034408076302238,0.6862121274463563,-0.21669532264288088,0.0029810223624063153
30.600595712661743,315.48455810546875,-253.9580535888672,33.40133285522461,-0.3035238649667206,0.6815357603229172,-0.2966065204020256,0.003577924966588375
30.610689878463745,315.48455810546875,-253.9580535888672,33.40133285522461,-0.3035238649667206,0.6815357603229172,-0.38172899998430393,0.004180063558526419
30.620178699493408,315.5844421386719,-253.98825073242188,33.40147018432617,-0.303616043629951,0.6781662765668129,-0.340346890698714,0.003583160954344359
30.630011320114136,315.5844421386719,-253.98825073242188,33.40147018432617,-0.303616043629951,0.6781662765668129,-0.2559926285536237,0.0029845130209103037
30.64028549194336,315.5844421386719,-253.98825073242188,33.40147018432617,-0.303616043629951,0.6781662765668129,-0.2984288341543459,0.002389355745980237
30.65039873123169,315.6835021972656,-254.01844787597656,33.401695251464844,-0.30371131821794856,0.6754633089017188,-0.2984520768923448,0.0029880036794142917
30.66038203239441,315.6835021972656,-254.01844787597656,33.401695251464844,-0.30371131821794856,0.6754633089017188,-0.2310934927014029,0.0017924531417981766
30.670355319976807,315.6835021972656,-254.01844787597656,33.401695251464844,-0.30371131821794856,0.6754633089017188,-0.23476499796731293,0.002389355745980237
30.68018364906311,315.78167724609375,-254.04759216308594,33.40191650390625,-0.3038103878104995,0.6730695361039427,-0.3407149196774787,0.0017994344588061536
30.69037103652954,315.78167724609375,-254.04759216308594,33.40191650390625,-0.3038103878104995,0.6730695361039427,-0.26564877603305603,0.0017959438003021652
30.701033115386963,315.8473815917969,-254.06814575195312,33.40211868286133,-0.3038092892565499,0.6708441615976305,-0.14789046817698265,0.0023876104167282427
30.71051025390625,315.8473815917969,-254.06814575195312,33.40211868286133,-0.3038092892565499,0.6708441615976305,-0.20879889405472718,0.002398082392240209
30.720733880996704,315.8473815917969,-254.06814575195312,33.40211868286133,-0.3038092892565499,0.6708441615976305,-0.2514124838898361,0.0029932396671702756
30.73078989982605,315.9455871582031,-254.09730529785156,33.402252197265625,-0.30391112187873176,0.6686879086303893,-0.15412137196653874,0.002986258350162298
30.74067735671997,315.9455871582031,-254.09730529785156,33.402252197265625,-0.30391112187873176,0.6686879086303893,-0.1818705729157042,0.002982767691658309
30.750527143478394,315.9455871582031,-254.09730529785156,33.402252197265625,-0.30391112187873176,0.6686879086303893,-0.29513950841884745,0.0035866516128483473
30.76086115837097,316.0437927246094,-254.12754821777344,33.402469635009766,-0.3040112234462051,0.6666060740981836,-0.3443032818837128,0.002991494337918281
30.770689249038696,316.0437927246094,-254.12754821777344,33.402469635009766,-0.3040112234462051,0.6666060740981836,-0.3075626578592465,0.0017941984710501708
30.780858755111694,316.1086730957031,-254.14700317382812,33.402671813964844,-0.3040112234462051,0.6645792483366296,-0.19913141514593902,0.0029845130209103037
30.790847539901733,316.1086730957031,-254.14700317382812,33.402671813964844,-0.3040112234462051,0.6645792483366296,-0.16807904407980906,0.0035761796373363817
30.801005840301514,316.1086730957031,-254.14700317382812,33.402671813964844,-0.3040112234462051,0.6645792483366296,-0.07709254009429198,0.004167846253762459
30.810847520828247,316.20599365234375,-254.17727661132812,33.40280532836914,-0.3041135221215778,0.6625670852747717,-0.12785173221411095,0.004769984845700502
30.82097315788269,316.20599365234375,-254.17727661132812,33.40280532836914,-0.3041135221215778,0.6625670852747717,-0.3592259615065847,0.004769984845700502
30.83108115196228,316.20599365234375,-254.17727661132812,33.40280532836914,-0.3041135221215778,0.6625670852747717,-0.2660458019323756,0.0035691983203284035
30.841396808624268,316.3033447265625,-254.2064208984375,33.40302276611328,-0.30421412303175555,0.6605989136503928,-0.1804494092736567,0.0035657076618244156
30.8511483669281,316.3033447265625,-254.2064208984375,33.40302276611328,-0.30421412303175555,0.6605989136503928,-0.2003614598770211,0.004171336912266448
30.861223936080933,316.3033447265625,-254.2064208984375,33.40302276611328,-0.30421412303175555,0.6605989136503928,-0.2022828844825318,0.004174827570770436
30.87127923965454,316.3998107910156,-254.23558044433594,33.40324020385742,-0.30431532315317855,0.6586776336786108,-0.13586096416751986,0.0035726889788323924
30.881412982940674,316.3998107910156,-254.23558044433594,33.40324020385742,-0.30431532315317855,0.6586776336786108,-0.17300222868004222,0.004173082241518441
30.891481637954712,316.4646911621094,-254.25503540039062,33.403438568115234,-0.30441599064238356,0.6567903957838316,-0.23997970031632498,0.004775220833456485
30.901503324508667,316.4646911621094,-254.25503540039062,33.403438568115234,-0.30441599064238356,0.6567903957838316,-0.23348269111745149,0.004176572900022431
30.911307334899902,316.4646911621094,-254.25503540039062,33.403438568115234,-0.30441599064238356,0.6567903957838316,-0.20774320317376796,0.0035761796373363817
30.92138409614563,316.55859375,-254.2853240966797,33.403564453125,-0.3045177566855382,0.6548943353944514,-0.27274572627977384,0.003584906283596353
30.93162989616394,316.55859375,-254.2853240966797,33.403564453125,-0.3045177566855382,0.6548943353944514,-0.32345639076208943,0.004181808887778414
30.941595315933228,316.55859375,-254.2853240966797,33.403564453125,-0.3045177566855382,0.6548943353944514,-0.3244041643243495,0.0035796702958403696
30.95174741744995,316.6482849121094,-254.31675720214844,33.40378189086914,-0.30461952272869286,0.6531268286789174,-0.3290088420823268,0.0035761796373363817
30.96178674697876,316.6482849121094,-254.31675720214844,33.40378189086914,-0.30461952272869286,0.6531268286789174,-0.48607711664106334,0.002986258350162298
30.97202444076538,316.70806884765625,-254.33851623535156,33.40397262573242,-0.30472019021789787,0.6513727289866109,-0.41891277084492556,0.002389355745980237
30.98202419281006,316.70806884765625,-254.33851623535156,33.40397262573242,-0.30472019021789787,0.6513727289866109,-0.24446301045199012,0.0017889624832941875
30.992046117782593,316.70806884765625,-254.33851623535156,33.40397262573242,-0.30472019021789787,0.6513727289866109,-0.29950157599747673,0.0023858650874762485
31.001931190490723,316.79693603515625,-254.36993408203125,33.404083251953125,-0.30472175482503827,0.6495895074025508,-0.3391401609715018,0.0029810223624063153
31.01171588897705,316.79693603515625,-254.36993408203125,33.404083251953125,-0.30472175482503827,0.6495895074025508,-0.3072071471118073,0.0017837264955382047
31.02212643623352,316.79693603515625,-254.36993408203125,33.404083251953125,-0.30472175482503827,0.6495895074025508,-0.29764120173278685,0.00238237442897226
31.03200912475586,316.8857421875,-254.4013671875,33.40428161621094,-0.3048229882359749,0.6478401847336166,-0.37457552781971376,0.002982767691658309
31.042039155960083,316.8857421875,-254.4013671875,33.40428161621094,-0.3048229882359749,0.6478401847336166,-0.3129829492930652,0.0023841197582242543
31.0527663230896,316.8857421875,-254.4013671875,33.40428161621094,-0.3048229882359749,0.6478401847336166,-0.20431633061026147,0.0023788837704682713
31.06204652786255,316.9447326660156,-254.42308044433594,33.40446090698242,-0.3049236224356663,0.6461435013025025,-0.18802222873429475,0.0023841197582242543
31.072030305862427,316.9447326660156,-254.42308044433594,33.40446090698242,-0.3049236224356663,0.6461435013025025,-0.2401642702009803,0.003581415625092364
31.082541942596436,317.03265380859375,-254.45452880859375,33.40458297729492,-0.30502485584660294,0.6444240567289541,-0.18165806955062916,0.0029810223624063153
31.09211230278015,317.03265380859375,-254.45452880859375,33.40458297729492,-0.30502485584660294,0.6444240567289541,-0.15591792555046538,0.003570943649580398
31.102211713790894,317.03265380859375,-254.45452880859375,33.40458297729492,-0.30502485584660294,0.6444240567289541,-0.23509644788274053,0.0035761796373363817
31.112117052078247,317.1214904785156,-254.48597717285156,33.40476989746094,-0.30512608925753953,0.6427207845898592,-0.2806818120437755,0.0035761796373363817
31.12220573425293,317.1214904785156,-254.48597717285156,33.40476989746094,-0.30512608925753953,0.6427207845898592,-0.11590849585757046,0.002974041045398337
31.13249683380127,317.1214904785156,-254.48597717285156,33.40476989746094,-0.30512608925753953,0.6427207845898592,-0.1424588344592046,0.0035691983203284035
31.142578125,317.2086181640625,-254.51744079589844,33.404964447021484,-0.30522718951042166,0.641061109889217,-0.21370988172255018,0.004173082241518441
31.15250253677368,317.2086181640625,-254.51744079589844,33.404964447021484,-0.30522718951042166,0.641061109889217,-0.19129213589571586,0.00476474885794452
31.16291618347168,317.26751708984375,-254.5391387939453,33.40514373779297,-0.3053278902891403,0.6394180825299901,-0.19237377784420548,0.0035691983203284035
31.172852277755737,317.26751708984375,-254.5391387939453,33.40514373779297,-0.3053278902891403,0.6394180825299901,-0.1930718583387911,0.00476474885794452
31.182913303375244,317.26751708984375,-254.5391387939453,33.40514373779297,-0.3053278902891403,0.6394180825299901,-0.23280216908638168,0.004766494187196514
31.192721843719482,317.360595703125,-254.5672149658203,33.405250549316406,-0.3054285577783453,0.6378500150990641,-0.17486842728512608,0.004763003528692525
31.20297336578369,317.360595703125,-254.5672149658203,33.405250549316406,-0.3054285577783453,0.6378500150990641,-0.22085383333392905,0.0041661009245104645
31.212839126586914,317.360595703125,-254.5672149658203,33.405250549316406,-0.3054285577783453,0.6378500150990641,-0.3553951913914251,0.005363396791378575
31.223074674606323,317.45367431640625,-254.59532165527344,33.405452728271484,-0.3055292585570639,0.6363209615896331,-0.3703532486156973,0.00476474885794452
31.23276448249817,317.45367431640625,-254.59532165527344,33.405452728271484,-0.3055292585570639,0.6363209615896331,-0.23505086384941684,0.0047577675409365425
31.243277549743652,317.45367431640625,-254.59532165527344,33.405452728271484,-0.3055292585570639,0.6363209615896331,-0.24948641259430768,0.0047577675409365425
31.253097772598267,317.5458984375,-254.62342834472656,33.40565490722656,-0.30573059353547394,0.6348086191877,-0.36880879895529095,0.0047577675409365425
31.263206005096436,317.5458984375,-254.62342834472656,33.40565490722656,-0.30573059353547394,0.6348086191877,-0.24772043495488794,0.0041556289489984985
31.27318572998047,317.60736083984375,-254.6428680419922,33.40583801269531,-0.3058307283924609,0.6333310441149068,-0.2448228151552453,0.003555235686312449
31.283317804336548,317.60736083984375,-254.6428680419922,33.40583801269531,-0.3058307283924609,0.6333310441149068,-0.33808854441913405,0.0041556289489984985
31.293145418167114,317.60736083984375,-254.6428680419922,33.40583801269531,-0.3058307283924609,0.6333310441149068,-0.2548909882037897,0.003553490357060455
31.30306100845337,317.6995544433594,-254.67098999023438,33.40596008300781,-0.30593189522437025,0.631819692737155,-0.15211168267139272,0.002357939819444339
31.313302755355835,317.6995544433594,-254.67098999023438,33.40596008300781,-0.30593189522437025,0.631819692737155,-0.19612962660170163,0.002961823740634377
31.323256254196167,317.6995544433594,-254.67098999023438,33.40596008300781,-0.30593189522437025,0.631819692737155,-0.2670466426570962,0.0035674529910764093
31.33368968963623,317.7917785644531,-254.69908142089844,33.40616226196289,-0.3060325294240617,0.6303445256570933,-0.1799578827964024,0.0035674529910764093
31.343499183654785,317.7917785644531,-254.69908142089844,33.40616226196289,-0.3060325294240617,0.6303445256570933,-0.07608289269675379,0.004159119607502488
31.3535258769989,317.7917785644531,-254.69908142089844,33.40616226196289,-0.3060325294240617,0.6303445256570933,-0.1873314016415403,0.0047577675409365425
31.36363124847412,317.8523864746094,-254.7185516357422,33.40633773803711,-0.3061337295454847,0.6289111079487278,-0.3295794632674402,0.0041661009245104645
31.373721837997437,317.8523864746094,-254.7185516357422,33.40633773803711,-0.3061337295454847,0.6289111079487278,-0.33018653487125216,0.0035744343080843875
31.383702993392944,317.9437255859375,-254.7455596923828,33.40645980834961,-0.3062344636137169,0.6274869018230202,-0.41821477381112404,0.0029792770331543202
31.393900632858276,317.9437255859375,-254.7455596923828,33.40645980834961,-0.3062344636137169,0.6274869018230202,-0.44394553943528364,0.0029757863746503323
31.404109001159668,317.9437255859375,-254.7455596923828,33.40645980834961,-0.3062344636137169,0.6274869018230202,-0.37670234713416506,0.0029688050576423546
31.41385841369629,318.03509521484375,-254.77362060546875,33.406654357910156,-0.3063350978134083,0.6260720997979562,-0.35781177393856434,0.002373647782712288
31.42414927482605,318.03509521484375,-254.77362060546875,33.406654357910156,-0.3063350978134083,0.6260720997979562,-0.44783839470787645,0.0023806290997202655
31.434608459472656,318.03509521484375,-254.77362060546875,33.406654357910156,-0.3063350978134083,0.6260720997979562,-0.43540237018984584,0.0023753931119642824
31.443904638290405,318.0948486328125,-254.79202270507812,33.40683364868164,-0.30643626464531765,0.6246843498984467,-0.34055066791010946,0.0023596851486963333
31.454065322875977,318.0948486328125,-254.79202270507812,33.40683364868164,-0.30643626464531765,0.6246843498984467,-0.2629170646810611,0.002357939819444339
31.464099884033203,318.18450927734375,-254.82012939453125,33.40695571899414,-0.30653693213452265,0.6233087781877051,-0.31431552688332554,0.0029670597283903604
31.474016904830933,318.18450927734375,-254.82012939453125,33.40695571899414,-0.30653693213452265,0.6233087781877051,-0.35891632835203935,0.0035674529910764093
31.484479427337646,318.18450927734375,-254.82012939453125,33.40695571899414,-0.30653693213452265,0.6233087781877051,-0.23023024042654977,0.0029653143991383657
31.494134187698364,318.2741394042969,-254.8471221923828,33.40713882446289,-0.3066381988349729,0.6219519196815383,-0.26938441370853655,0.0029635690698863715
31.50418996810913,318.2741394042969,-254.8471221923828,33.40713882446289,-0.3066381988349729,0.6219519196815383,-0.30835197191052854,0.003563962332572421
31.514395236968994,318.2741394042969,-254.8471221923828,33.40713882446289,-0.3066381988349729,0.6219519196815383,-0.19350769738570728,0.0041661009245104645
31.524351119995117,318.3629455566406,-254.87413024902344,33.40732955932617,-0.30673830040244626,0.6206228646403517,-0.1727443487852819,0.005359906132874586
31.53431224822998,318.3629455566406,-254.87413024902344,33.40732955932617,-0.30673830040244626,0.6206228646403517,-0.2745441155956134,0.00476474885794452
31.544506311416626,318.3629455566406,-254.87413024902344,33.40732955932617,-0.30673830040244626,0.6206228646403517,-0.3521590500896833,0.005356415474370597
31.554532289505005,318.4218444824219,-254.89251708984375,33.40750503540039,-0.3068394672343557,0.6193071499324821,-0.2964080747396156,0.005356415474370597
31.564622402191162,318.4218444824219,-254.89251708984375,33.40750503540039,-0.3068394672343557,0.6193071499324821,-0.29647137127810697,0.004766494187196514
31.5743625164032,318.509765625,-254.9195098876953,33.407615661621094,-0.3069407006452923,0.6180043793517833,-0.37861556429716414,0.004775220833456485
31.584516525268555,318.509765625,-254.9195098876953,33.407615661621094,-0.3069407006452923,0.6180043793517833,-0.47726928372798827,0.004176572900022431
31.594722986221313,318.509765625,-254.9195098876953,33.407615661621094,-0.3069407006452923,0.6180043793517833,-0.35923211226243007,0.0029757863746503323
31.604981660842896,318.5968933105469,-254.94546508789062,33.40780258178711,-0.30704080221276564,0.6167087384453259,-0.38614511928564277,0.0035744343080843875
31.614704132080078,318.5968933105469,-254.94546508789062,33.40780258178711,-0.30704080221276564,0.6167087384453259,-0.4689745091818171,0.004180063558526419
31.624818563461304,318.5968933105469,-254.94546508789062,33.40780258178711,-0.30704080221276564,0.6167087384453259,-0.3375490726481077,0.0035796702958403696
31.63470435142517,318.6839599609375,-254.97247314453125,33.40798568725586,-0.30724217048068925,0.6154719320200971,-0.386513521243378,0.00238237442897226
31.645010709762573,318.6839599609375,-254.97247314453125,33.40798568725586,-0.30724217048068925,0.6154719320200971,-0.5068321094025824,0.0029792770331543202
31.654892444610596,318.7420349121094,-254.99087524414062,33.40815734863281,-0.3072427031129073,0.6142237707586945,-0.4530895840276541,0.002977531703902326
31.664817571640015,318.7420349121094,-254.99087524414062,33.40815734863281,-0.3072427031129073,0.6142237707586945,-0.3384601350510429,0.001785471824790199
31.674893379211426,318.7420349121094,-254.99087524414062,33.40815734863281,-0.3072427031129073,0.6142237707586945,-0.43250858366099376,0.0011938052083641214
31.685224056243896,318.8282470703125,-255.0167694091797,33.408267974853516,-0.30734333731259866,0.6129765015156389,-0.44904773366929523,0.0011955505376161158
31.694866180419922,318.8282470703125,-255.0167694091797,33.408267974853516,-0.30734333731259866,0.6129765015156389,-0.37066490606157726,0.0011903145498601327
31.705232620239258,318.8282470703125,-255.0167694091797,33.408267974853516,-0.30734333731259866,0.6129765015156389,-0.36116294472223776,0.000593411945678072
31.71501064300537,318.9136047363281,-255.0438232421875,33.408443450927734,-0.30734440257703466,0.6117531362563234,-0.3367214304807386,0.000598647933434055
31.72526240348816,318.9136047363281,-255.0438232421875,33.408443450927734,-0.30734440257703466,0.6117531362563234,-0.3580648422612285,0.00119729586686811
31.735087394714355,318.969970703125,-255.0611114501953,33.40861129760742,-0.3073449352092527,0.6105172725153363,-0.22574415726119035,0.000598647933434055
31.74511480331421,318.969970703125,-255.0611114501953,33.40861129760742,-0.3073449352092527,0.6105172725153363,-0.21465095225754188,0.0006003932626860493
31.755217790603638,318.969970703125,-255.0611114501953,33.40861129760742,-0.3073449352092527,0.6105172725153363,-0.4173046397261051,0.0012007865253720986
31.765106916427612,319.05450439453125,-255.08705139160156,33.40871047973633,-0.307346067052716,0.6093055951302478,-0.3708224010429353,0.0012042771838760874
31.7751784324646,319.05450439453125,-255.08705139160156,33.40871047973633,-0.307346067052716,0.6093055951302478,-0.24444146324796495,1.0471975511965975e-05
31.785490036010742,319.05450439453125,-255.08705139160156,33.40871047973633,-0.307346067052716,0.6093055951302478,-0.3378509145671353,0.0012077678423800758
31.795360565185547,319.1390380859375,-255.11297607421875,33.40889358520508,-0.30744723388462536,0.6081296843835537,-0.33059200469433214,0.001211258500884065
31.805432319641113,319.1390380859375,-255.11297607421875,33.40889358520508,-0.30744723388462536,0.6081296843835537,-0.23697073045331013,0.0012077678423800758
31.815528631210327,319.1390380859375,-255.11297607421875,33.40889358520508,-0.30744723388462536,0.6081296843835537,-0.331906739525761,0.0018046704465621369
31.825498342514038,319.19537353515625,-255.1302490234375,33.4090576171875,-0.307447267174139,0.6069535859461885,-0.4006603409912788,0.001214749159388053
31.83579993247986,319.19537353515625,-255.1302490234375,33.4090576171875,-0.307447267174139,0.6069535859461885,-0.3640369039639394,0.0012095131716320703
31.84587264060974,319.2782287597656,-255.15621948242188,33.40916061401367,-0.3074488317812794,0.605793793159518,-0.28127672319715613,0.0012077678423800758
31.855897426605225,319.2782287597656,-255.15621948242188,33.40916061401367,-0.3074488317812794,0.605793793159518,-0.3089346826733113,0.0012164944886400477
31.866015434265137,319.2782287597656,-255.15621948242188,33.40916061401367,-0.3074488317812794,0.605793793159518,-0.3502273070906016,0.0018151424220741025
31.87600040435791,319.3610534667969,-255.18215942382812,33.40933609008789,-0.3075484007165347,0.6046474063776639,-0.2336865137939407,0.0018081611050661253
31.8858859539032,319.3610534667969,-255.18215942382812,33.40933609008789,-0.3075484007165347,0.6046474063776639,-0.23555170286685229,0.001806415775814131
31.896043062210083,319.3610534667969,-255.18215942382812,33.40933609008789,-0.3075484007165347,0.6046474063776639,-0.3385158325714642,0.0030054569719342355
31.906503915786743,319.4165344238281,-255.199462890625,33.40949249267578,-0.30754946598097077,0.6035281079195904,-0.26440401426261373,0.0030037116426822412
31.916390657424927,319.4165344238281,-255.199462890625,33.40949249267578,-0.30754946598097077,0.6035281079195904,-0.22721997160014934,0.0029949849964222694
31.926773071289062,319.49761962890625,-255.22544860839844,33.40959548950195,-0.30765073268142107,0.6023931682466521,-0.23745128027821663,0.002399827721492203
31.93635392189026,319.49761962890625,-255.22544860839844,33.40959548950195,-0.30765073268142107,0.6023931682466521,-0.2691174928361264,0.0035936329298563246
31.94606113433838,319.49761962890625,-255.22544860839844,33.40959548950195,-0.30765073268142107,0.6023931682466521,-0.20422077831097085,0.0035936329298563246
31.956403017044067,319.5762023925781,-255.2514190673828,33.409759521484375,-0.307750867538408,0.6013124777261848,-0.1789494489734465,0.002998475654926258
31.966151237487793,319.5762023925781,-255.2514190673828,33.409759521484375,-0.307750867538408,0.6013124777261848,-0.3236218643507721,0.003598868917612307
31.976141452789307,319.5762023925781,-255.2514190673828,33.409759521484375,-0.307750867538408,0.6013124777261848,-0.23416265220785304,0.0035953782591083188
31.986229181289673,319.6539001464844,-255.27630615234375,33.40991973876953,-0.30775239885603484,0.6002164340307402,-0.1372368758732885,0.002991494337918281
31.99604296684265,319.6539001464844,-255.27630615234375,33.40991973876953,-0.30775239885603484,0.6002164340307402,-0.18386423818401806,0.0047856928089684515
32.00656604766846,319.6539001464844,-255.27630615234375,33.40991973876953,-0.30775239885603484,0.6002164340307402,-0.2266738462462996,0.004783947479716458
32.01627278327942,319.7060241699219,-255.29364013671875,33.41006851196289,-0.3078525337130218,0.5991445325547237,-0.2557374538583818,0.003584906283596353
32.02639174461365,319.7060241699219,-255.29364013671875,33.41006851196289,-0.3078525337130218,0.5991445325547237,-0.25359428082026597,0.002982767691658309
32.03642177581787,319.7828369140625,-255.31851196289062,33.41016387939453,-0.3079532344917404,0.5980729795316997,-0.35712634671460863,0.0029897490086662868
32.0465362071991,319.7828369140625,-255.31851196289062,33.41016387939453,-0.3079532344917404,0.5980729795316997,-0.3917530120194034,0.0023963370629882146
32.0563178062439,319.7828369140625,-255.31851196289062,33.41016387939453,-0.3079532344917404,0.5980729795316997,-0.2186774578330757,0.0011955505376161158
32.06681966781616,319.8597106933594,-255.34339904785156,33.410316467285156,-0.3080538686914318,0.5970283433010125,-0.21445807745828516,0.0006003932626860493
32.07675385475159,319.8597106933594,-255.34339904785156,33.410316467285156,-0.3080538686914318,0.5970283433010125,-0.36359183385588695,0.0017924531417981766
32.086755990982056,319.8597106933594,-255.34339904785156,33.410316467285156,-0.3080538686914318,0.5970283433010125,-0.30489907760201884,0.0011990411961201044
32.096882581710815,319.93572998046875,-255.36830139160156,33.41047668457031,-0.30805496724538145,0.5959913661185681,-0.23521148567443767,0.0011938052083641214
32.10693883895874,319.93572998046875,-255.36830139160156,33.41047668457031,-0.30805496724538145,0.5959913661185681,-0.3601801244577412,0.0011990411961201044
32.117042779922485,319.93572998046875,-255.36830139160156,33.41047668457031,-0.30805496724538145,0.5959913661185681,-0.31883628602048636,0.0006003932626860493
32.12692213058472,319.986083984375,-255.38455200195312,33.41061782836914,-0.30805496724538145,0.5949565304701939,-0.257162472187161,-3.4906585039886596e-06
32.13718795776367,319.986083984375,-255.38455200195312,33.41061782836914,-0.30805496724538145,0.5949565304701939,-0.2463677495079576,-6.981317007977319e-06
32.14700174331665,320.06121826171875,-255.409423828125,33.410709381103516,-0.30805653185252185,0.5939250109422209,-0.2965949286818785,0.0005969026041820607
32.15717101097107,320.06121826171875,-255.409423828125,33.410709381103516,-0.30805653185252185,0.5939250109422209,-0.22312892686728858,0.0005951572749300664
32.167075395584106,320.06121826171875,-255.409423828125,33.410709381103516,-0.30805653185252185,0.5939250109422209,-0.1505061811935594,-8.726646259971648e-06
32.1769859790802,320.1372375488281,-255.43435668945312,33.410858154296875,-0.3080570644847399,0.5929082782427898,-0.134395237129869,0.00118507856210415
32.18759059906006,320.1372375488281,-255.43435668945312,33.410858154296875,-0.3080570644847399,0.5929082782427898,-0.23282239877467947,0.001790707812546182
32.19724464416504,320.1372375488281,-255.43435668945312,33.410858154296875,-0.3080570644847399,0.5929082782427898,-0.2310655804816854,0.0017941984710501708
32.20720410346985,320.1893005371094,-255.45054626464844,33.411006927490234,-0.3081572326312405,0.5919090989921832,-0.19779478038765727,0.0011955505376161158
32.21719026565552,320.1893005371094,-255.45054626464844,33.411006927490234,-0.3081572326312405,0.5919090989921832,-0.2253949597913784,0.0017889624832941875
32.227187395095825,320.26702880859375,-255.47430419921875,33.41110610961914,-0.30815886381740815,0.590916227444425,-0.2310767344136636,0.0023841197582242543
32.23712110519409,320.26702880859375,-255.47430419921875,33.41110610961914,-0.30815886381740815,0.590916227444425,-0.23255699612005593,0.002977531703902326
32.247549295425415,320.26702880859375,-255.47430419921875,33.41110610961914,-0.30815886381740815,0.590916227444425,-0.3423371756451502,0.0023841197582242543
32.25745987892151,320.3438415527344,-255.49700927734375,33.41126251220703,-0.3082584327526635,0.5899414325538505,-0.39474790107372304,0.0029845130209103037
32.26745414733887,320.3438415527344,-255.49700927734375,33.41126251220703,-0.3082584327526635,0.5899414325538505,-0.3686914266201029,0.0023841197582242543
32.27755117416382,320.3438415527344,-255.49700927734375,33.41126251220703,-0.3082584327526635,0.5899414325538505,-0.21992096587326204,0.0029705503868943488
32.287747621536255,320.4198303222656,-255.52078247070312,33.41141891479492,-0.3083595995845729,0.5889758190002372,-0.28377134227654033,0.0023771384412162766
32.29732847213745,320.4198303222656,-255.52078247070312,33.41141891479492,-0.3083595995845729,0.5889758190002372,-0.425567801068298,0.0023841197582242543
32.3076913356781,320.4701843261719,-255.53591918945312,33.41156005859375,-0.3083601655063045,0.5880238846881829,-0.3728993560410566,0.00238237442897226
32.31759309768677,320.4701843261719,-255.53591918945312,33.41156005859375,-0.3083601655063045,0.5880238846881829,-0.3137512404284667,0.0023753931119642824
32.327637910842896,320.4701843261719,-255.53591918945312,33.41156005859375,-0.3083601655063045,0.5880238846881829,-0.36103164088891493,0.0017819811662862105
32.33766508102417,320.54534912109375,-255.55967712402344,33.411651611328125,-0.3084613656277275,0.5870674599687361,-0.43789275702499286,0.0017872171540421937
32.3480429649353,320.54534912109375,-255.55967712402344,33.411651611328125,-0.3084613656277275,0.5870674599687361,-0.3378152850767332,0.0017889624832941875
32.357778787612915,320.54534912109375,-255.55967712402344,33.411651611328125,-0.3084613656277275,0.5870674599687361,-0.34159171753601686,0.0011903145498601327
32.36776900291443,320.6204528808594,-255.58238220214844,33.41180419921875,-0.3084613656277275,0.5861273016240668,-0.42647641373480505,0.0011955505376161158
32.377829790115356,320.6204528808594,-255.58238220214844,33.41180419921875,-0.3084613656277275,0.5861273016240668,-0.3648475785910381,0.0011955505376161158
