Time(s),X,Y,Z,Yaw,Velocity
5.3116490840911865,314.9949645996094,-253.5072021484375,33.38947296142578,-0.26513288318035844,0.008322024741243514
5.313446044921875,314.9947509765625,-253.50714111328125,33.389461517333984,-0.2651392914117314,0.008323969053874045
5.314826011657715,314.9947509765625,-253.50714111328125,33.389461517333984,-0.2651392914117314,0.008323969053874045
5.316145420074463,314.9947509765625,-253.50714111328125,33.389461517333984,-0.2651392914117314,0.008323969053874045
5.317410230636597,314.9947509765625,-253.50714111328125,33.389461517333984,-0.2651392914117314,0.008323969053874045
5.318164825439453,314.9947509765625,-253.50714111328125,33.389461517333984,-0.2651392914117314,0.008323969053874045
5.319029092788696,314.9947509765625,-253.50714111328125,33.389461517333984,-0.2651392914117314,0.008323969053874045
5.319951295852661,314.9947509765625,-253.50714111328125,33.389461517333984,-0.2651392914117314,0.008323969053874045
5.320685625076294,314.9947509765625,-253.50714111328125,33.389461517333984,-0.2651392914117314,0.008323969053874045
5.321479558944702,314.9947509765625,-253.50714111328125,33.389461517333984,-0.2651392914117314,0.008323969053874045
5.322189092636108,314.9947509765625,-253.50714111328125,33.389461517333984,-0.2651392914117314,0.008323969053874045
5.32990288734436,314.9947509765625,-253.50714111328125,33.389461517333984,-0.2651392914117314,0.008323969053874045
5.340021371841431,314.9947509765625,-253.50714111328125,33.389461517333984,-0.2651392914117314,0.008323969053874045
5.3500025272369385,314.9947509765625,-253.50714111328125,33.389461517333984,-0.2651392914117314,0.008323969053874045
5.360177516937256,345.29351806640625,-255.6388397216797,33.389163970947266,0.4709844662858255,0.05187128431980235
5.369838237762451,345.29351806640625,-255.6388397216797,33.389163970947266,0.4709844662858255,0.05187128431980235
5.380382776260376,345.29351806640625,-255.6388397216797,33.389163970947266,0.4709844662858255,0.05187128431980235
5.390067100524902,215.31271362304688,-224.048828125,33.439292907714844,-0.30716117709403723,0.05187128181454367
5.400099039077759,215.31271362304688,-224.048828125,33.439292907714844,-0.30716117709403723,0.05187128181454367
5.410380840301514,215.31271362304688,-224.048828125,33.439292907714844,-0.30716117709403723,0.05187128181454367
5.420356512069702,215.31253051757812,-224.05471801757812,33.134666442871094,-0.30739290539838776,0.082157803543514
5.430539131164551,215.31253051757812,-224.05471801757812,33.134666442871094,-0.30739290539838776,0.082157803543514
5.4400458335876465,215.31072998046875,-224.06124877929688,33.133975982666016,-0.3075606512575491,0.07449282069464393
5.450384855270386,215.31072998046875,-224.06124877929688,33.133975982666016,-0.3075606512575491,0.07449282069464393
5.460315942764282,215.31072998046875,-224.06124877929688,33.133975982666016,-0.3075606512575491,0.07449282069464393
5.469897508621216,215.30950927734375,-224.0644073486328,33.13330078125,-0.307678329688217,0.07229689119771113
5.480170965194702,215.30950927734375,-224.0644073486328,33.13330078125,-0.307678329688217,0.07229689119771113
5.490097522735596,215.30950927734375,-224.0644073486328,33.13330078125,-0.307678329688217,0.07229689119771113
5.500703811645508,215.30886840820312,-224.06600952148438,33.13263702392578,-0.30776827795403444,0.07111414504163027
5.510226488113403,215.30886840820312,-224.06600952148438,33.13263702392578,-0.30776827795403444,0.07111414504163027
5.519928693771362,215.30886840820312,-224.06600952148438,33.13263702392578,-0.30776827795403444,0.07111414504163027
5.530414342880249,215.3085479736328,-224.06678771972656,33.131980895996094,-0.3078269340770434,0.07016818081527319
5.540053367614746,215.3085479736328,-224.06678771972656,33.131980895996094,-0.3078269340770434,0.07016818081527319
5.550635099411011,215.3085479736328,-224.06678771972656,33.131980895996094,-0.3078269340770434,0.07016818081527319
5.560661792755127,215.3092498779297,-224.0673370361328,33.13133239746094,-0.3080357591960192,0.056360540638590716
5.570101261138916,215.3092498779297,-224.0673370361328,33.13133239746094,-0.3080357591960192,0.056360540638590716
5.580267906188965,215.30975341796875,-224.06753540039062,33.130699157714844,-0.30787067649794797,0.054652360344779535
5.590220212936401,215.30975341796875,-224.06753540039062,33.130699157714844,-0.30787067649794797,0.054652360344779535
5.601017475128174,215.30975341796875,-224.06753540039062,33.130699157714844,-0.30787067649794797,0.054652360344779535
5.61012077331543,215.3097381591797,-224.06756591796875,33.13007354736328,-0.3078802305883586,0.05328995649136056
5.619948625564575,215.3097381591797,-224.06756591796875,33.13007354736328,-0.3078802305883586,0.05328995649136056
5.62996244430542,215.3097381591797,-224.06756591796875,33.13007354736328,-0.3078802305883586,0.05328995649136056
5.640668869018555,215.30978393554688,-224.06765747070312,33.129451751708984,-0.3078854903315115,0.05201888150110474
5.650185585021973,215.30978393554688,-224.06765747070312,33.129451751708984,-0.3078854903315115,0.05201888150110474
5.661110162734985,215.30978393554688,-224.06765747070312,33.129451751708984,-0.3078854903315115,0.05201888150110474
5.6701600551605225,215.30975341796875,-224.0665740966797,33.128849029541016,-0.3078871215176792,0.0508315263763317
5.680112838745117,215.30975341796875,-224.0665740966797,33.128849029541016,-0.3078871215176792,0.0508315263763317
5.690267324447632,215.30975341796875,-224.0665740966797,33.128849029541016,-0.3078871215176792,0.0508315263763317
5.700194597244263,215.30978393554688,-224.06655883789062,33.12825012207031,-0.3078887859933605,0.049665821849970274
5.710123777389526,215.30978393554688,-224.06655883789062,33.12825012207031,-0.3078887859933605,0.049665821849970274
5.720096111297607,215.30978393554688,-224.06655883789062,33.12825012207031,-0.3078887859933605,0.049665821849970274
5.730240821838379,215.30978393554688,-224.06658935546875,33.12765884399414,-0.30788925204655126,0.04851771280495427
5.74013352394104,215.30978393554688,-224.06658935546875,33.12765884399414,-0.30788925204655126,0.04851771280495427
5.750244379043579,215.30978393554688,-224.06658935546875,33.12765884399414,-0.30788925204655126,0.04851771280495427
5.760177373886108,215.309814453125,-224.06661987304688,33.127079010009766,-0.30788925204655126,0.047405586016454206
5.770112991333008,215.309814453125,-224.06661987304688,33.127079010009766,-0.30788925204655126,0.047405586016454206
5.780217409133911,215.309814453125,-224.06661987304688,33.127079010009766,-0.30788925204655126,0.047405586016454206
5.7903101444244385,215.3098602294922,-224.06661987304688,33.126502990722656,-0.30788925204655126,0.046338582162913367
5.800094842910767,215.3098602294922,-224.06661987304688,33.126502990722656,-0.30788925204655126,0.046338582162913367
5.810341119766235,215.3098602294922,-224.06661987304688,33.126502990722656,-0.30788925204655126,0.046338582162913367
5.82089900970459,215.3098602294922,-224.06663513183594,33.125938415527344,-0.30788875270384686,0.04529525410818856
5.830626964569092,215.3098602294922,-224.06663513183594,33.125938415527344,-0.30788875270384686,0.04529525410818856
5.84057879447937,215.30992126464844,-224.066650390625,33.12538146972656,-0.30788822007162886,0.04428033234555411
5.85057520866394,215.30992126464844,-224.066650390625,33.12538146972656,-0.30788822007162886,0.04428033234555411
5.860437870025635,215.30992126464844,-224.066650390625,33.12538146972656,-0.30788822007162886,0.04428033234555411
5.870115041732788,215.3099365234375,-224.06663513183594,33.12483596801758,-0.3078882866506561,0.04328506696709222
5.879983901977539,215.3099365234375,-224.06663513183594,33.12483596801758,-0.3078882866506561,0.04328506696709222
5.890072584152222,215.3099365234375,-224.06663513183594,33.12483596801758,-0.3078882866506561,0.04328506696709222
5.900129079818726,215.3099365234375,-224.06668090820312,33.124298095703125,-0.3078871215176792,0.04234093938694098
5.910067081451416,215.3099365234375,-224.06668090820312,33.124298095703125,-0.3078871215176792,0.04234093938694098
5.920661211013794,215.3099365234375,-224.06668090820312,33.124298095703125,-0.3078871215176792,0.04234093938694098
5.9306275844573975,215.3099822998047,-224.066650390625,33.12376403808594,-0.3078876541498972,0.04146358223953748
5.940166473388672,215.3099822998047,-224.066650390625,33.12376403808594,-0.3078876541498972,0.04146358223953748
5.950860977172852,215.3099822998047,-224.066650390625,33.12376403808594,-0.3078876541498972,0.04146358223953748
5.960099697113037,215.30999755859375,-224.06668090820312,33.12323760986328,-0.3078876541498972,0.04063326023379339
5.97013783454895,215.30999755859375,-224.06668090820312,33.12323760986328,-0.3078876541498972,0.04063326023379339
5.980163335800171,215.30918884277344,-224.0677947998047,33.12272262573242,-0.3078871215176792,0.03980230533900452
5.990042209625244,215.30918884277344,-224.0677947998047,33.12272262573242,-0.3078871215176792,0.03980230533900452
6.000127553939819,215.30918884277344,-224.0677947998047,33.12272262573242,-0.3078871215176792,0.03980230533900452
6.010309219360352,215.30921936035156,-224.0677947998047,33.12220764160156,-0.3078871215176792,0.03897674778009571
6.020061016082764,215.30921936035156,-224.0677947998047,33.12220764160156,-0.3078871215176792,0.03897674778009571
6.030489444732666,215.30921936035156,-224.0677947998047,33.12220764160156,-0.3078871215176792,0.03897674778009571
6.040087699890137,215.30921936035156,-224.06781005859375,33.121707916259766,-0.3078861228322704,0.0381351173937754
6.0502119064331055,215.30921936035156,-224.06781005859375,33.121707916259766,-0.3078861228322704,0.0381351173937754
6.060154438018799,215.30921936035156,-224.06781005859375,33.121707916259766,-0.3078861228322704,0.0381351173937754
6.07028603553772,215.3083953857422,-224.06787109375,33.121212005615234,-0.30788668875400205,0.03728170768662018
6.0800275802612305,215.3083953857422,-224.06787109375,33.121212005615234,-0.30788668875400205,0.03728170768662018
6.0903332233428955,215.3083953857422,-224.06787109375,33.121212005615234,-0.30788668875400205,0.03728170768662018
6.100571155548096,215.30845642089844,-224.06893920898438,33.120723724365234,-0.3078860895427568,0.03654437153733614
6.110081195831299,215.30845642089844,-224.06893920898438,33.120723724365234,-0.3078860895427568,0.03654437153733614
6.1203508377075195,215.3084259033203,-224.06893920898438,33.12024688720703,-0.30788555691053876,0.035794965046514006
6.1302618980407715,215.3084259033203,-224.06893920898438,33.12024688720703,-0.30788555691053876,0.035794965046514006
6.140637159347534,215.3084259033203,-224.06893920898438,33.12024688720703,-0.30788555691053876,0.035794965046514006
6.150360345840454,215.3084716796875,-224.06893920898438,33.11977005004883,-0.3078855902000524,0.03504845849623306
6.1606526374816895,215.3084716796875,-224.06893920898438,33.11977005004883,-0.3078855902000524,0.03504845849623306
6.170459270477295,215.3084716796875,-224.06893920898438,33.11977005004883,-0.3078855902000524,0.03504845849623306
6.180784463882446,215.3085174560547,-224.06893920898438,33.11930465698242,-0.30788555691053876,0.03430886084848917
6.19025993347168,215.3085174560547,-224.06893920898438,33.11930465698242,-0.30788555691053876,0.03430886084848917
6.200140476226807,215.3085174560547,-224.06893920898438,33.11930465698242,-0.30788555691053876,0.03430886084848917
6.210489273071289,215.3085174560547,-224.06895446777344,33.11884689331055,-0.30788502427832076,0.033571757405313624
6.220290660858154,215.3085174560547,-224.06895446777344,33.11884689331055,-0.30788502427832076,0.033571757405313624
6.23086953163147,215.30853271484375,-224.06893920898438,33.11839294433594,-0.3078849909888071,0.03285191266057416
6.240743637084961,215.30853271484375,-224.06893920898438,33.11839294433594,-0.3078849909888071,0.03285191266057416
6.2503275871276855,215.30853271484375,-224.06893920898438,33.11839294433594,-0.3078849909888071,0.03285191266057416
6.260540246963501,215.30909729003906,-224.0689239501953,33.121826171875,-0.3078797312456542,0.01884457801592608
6.270468711853027,215.30909729003906,-224.0689239501953,33.121826171875,-0.3078797312456542,0.01884457801592608
6.28034520149231,215.30909729003906,-224.0689239501953,33.121826171875,-0.3078797312456542,0.01884457801592608
6.290650367736816,215.30943298339844,-224.0689239501953,33.12363815307617,-0.30787596953061447,0.007408428159653129
6.300618648529053,215.30943298339844,-224.0689239501953,33.12363815307617,-0.30787596953061447,0.007408428159653129
6.310345888137817,215.30943298339844,-224.0689239501953,33.12363815307617,-0.30787596953061447,0.007408428159653129
6.32033896446228,215.3095703125,-224.0689239501953,33.1242561340332,-0.3078749042661785,0.0014266983225424668
6.330265760421753,215.3095703125,-224.0689239501953,33.1242561340332,-0.3078749042661785,0.0014266983225424668
6.3403215408325195,215.3095703125,-224.0689239501953,33.1242561340332,-0.3078749042661785,0.0014266983225424668
6.350465297698975,215.30963134765625,-224.0689239501953,33.124019622802734,-0.30787493755569206,0.001672509989667073
6.360336780548096,215.30963134765625,-224.0689239501953,33.124019622802734,-0.30787493755569206,0.001672509989667073
6.370144605636597,215.30963134765625,-224.0689239501953,33.124019622802734,-0.30787493755569206,0.001672509989667073
6.380354166030884,215.30960083007812,-224.06890869140625,33.123191833496094,-0.3078754701879101,0.003057132109652718
6.390187501907349,215.30960083007812,-224.06890869140625,33.123191833496094,-0.3078754701879101,0.003057132109652718
6.400331497192383,215.3095703125,-224.06890869140625,33.12197494506836,-0.3078765021628325,0.0036045516809233417
6.410165548324585,215.3095703125,-224.06890869140625,33.12197494506836,-0.3078765021628325,0.0036045516809233417
6.420787572860718,215.3095703125,-224.06890869140625,33.12197494506836,-0.3078765021628325,0.0036045516809233417
6.430482864379883,215.3094940185547,-224.06887817382812,33.120521545410156,-0.30787760071678216,0.003717796743672895
6.440121412277222,215.3094940185547,-224.06887817382812,33.120521545410156,-0.30787760071678216,0.003717796743672895
6.450807094573975,215.3094940185547,-224.06887817382812,33.120521545410156,-0.30787760071678216,0.003717796743672895
6.460497617721558,215.3094024658203,-224.06887817382812,33.11894989013672,-0.30787810005948657,0.0036268969620237373
6.470484972000122,215.3094024658203,-224.06887817382812,33.11894989013672,-0.30787810005948657,0.0036268969620237373
6.4802165031433105,215.3094024658203,-224.06887817382812,33.11894989013672,-0.30787810005948657,0.0036268969620237373
6.490441799163818,215.309326171875,-224.06886291503906,33.117332458496094,-0.3078791986134362,0.003403824508207113
6.5003533363342285,215.309326171875,-224.06886291503906,33.117332458496094,-0.3078791986134362,0.003403824508207113
6.510846138000488,215.309326171875,-224.06886291503906,33.117332458496094,-0.3078791986134362,0.003403824508207113
6.520439624786377,215.3092498779297,-224.06886291503906,33.11573791503906,-0.30787976453516785,0.0031325702901787286
6.530309438705444,215.3092498779297,-224.06886291503906,33.11573791503906,-0.30787976453516785,0.0031325702901787286
6.540818214416504,215.30918884277344,-224.06884765625,33.11419677734375,-0.3078802305883586,0.0028364461899780423
6.55058741569519,215.30918884277344,-224.06884765625,33.11419677734375,-0.3078802305883586,0.0028364461899780423
6.560340404510498,215.30918884277344,-224.06884765625,33.11419677734375,-0.3078802305883586,0.0028364461899780423
6.570567607879639,215.30911254882812,-224.0688018798828,33.11273956298828,-0.3078807632205766,0.0025733407313042107
6.5803797245025635,215.30911254882812,-224.0688018798828,33.11273956298828,-0.3078807632205766,0.0025733407313042107
6.5909528732299805,215.30911254882812,-224.0688018798828,33.11273956298828,-0.3078807632205766,0.0025733407313042107
6.600497722625732,215.30905151367188,-224.06878662109375,33.111385345458984,-0.30788129585279467,0.0023049482479020125
6.610435962677002,215.30905151367188,-224.06878662109375,33.111385345458984,-0.30788129585279467,0.0023049482479020125
6.620786190032959,215.30905151367188,-224.06878662109375,33.111385345458984,-0.30788129585279467,0.0023049482479020125
6.630518198013306,215.3090057373047,-224.0687713623047,33.11013412475586,-0.30788129585279467,0.0020642470865744047
6.640470743179321,215.3090057373047,-224.0687713623047,33.11013412475586,-0.30788129585279467,0.0020642470865744047
6.6504807472229,215.3090057373047,-224.0687713623047,33.11013412475586,-0.30788129585279467,0.0020642470865744047
6.660562753677368,215.30894470214844,-224.06874084472656,33.10899353027344,-0.30788182848501267,0.0018557678815267259
6.670565128326416,215.30894470214844,-224.06874084472656,33.10899353027344,-0.30788182848501267,0.0018557678815267259
6.680390119552612,215.30894470214844,-224.06874084472656,33.10899353027344,-0.30788182848501267,0.0018557678815267259
6.690734624862671,215.30889892578125,-224.06874084472656,33.107967376708984,-0.30788182848501267,0.0016534094660439307
6.700385808944702,215.30889892578125,-224.06874084472656,33.107967376708984,-0.30788182848501267,0.0016534094660439307
6.7108154296875,215.30886840820312,-224.06874084472656,33.1070442199707,-0.30788182848501267,0.0014842613801212044
6.720420837402344,215.30886840820312,-224.06874084472656,33.1070442199707,-0.30788182848501267,0.0014842613801212044
6.73067045211792,215.30886840820312,-224.06874084472656,33.1070442199707,-0.30788182848501267,0.0014842613801212044
6.740307331085205,215.30882263183594,-224.06874084472656,33.10621643066406,-0.3078823278277171,0.0013334498770464606
6.750535488128662,215.30882263183594,-224.06874084472656,33.10621643066406,-0.3078823278277171,0.0013334498770464606
6.761022329330444,215.30882263183594,-224.06874084472656,33.10621643066406,-0.3078823278277171,0.0013334498770464606
6.770343542098999,215.30877685546875,-224.06874084472656,33.10548782348633,-0.30788242769625795,0.0011900362493113673
6.780459642410278,215.30877685546875,-224.06874084472656,33.10548782348633,-0.30788242769625795,0.0011900362493113673
6.790642976760864,215.30877685546875,-224.06874084472656,33.10548782348633,-0.30788242769625795,0.0011900362493113673
6.800484657287598,215.3087615966797,-224.06874084472656,33.10483932495117,-0.30788242769625795,0.001066430233881473
6.810844898223877,215.3087615966797,-224.06874084472656,33.10483932495117,-0.30788242769625795,0.001066430233881473
6.821205139160156,215.3087615966797,-224.06874084472656,33.10483932495117,-0.30788242769625795,0.001066430233881473
6.830630779266357,215.30873107910156,-224.0687255859375,33.104270935058594,-0.3078823278277171,0.00021124243939554232
6.8405234813690186,215.30873107910156,-224.0687255859375,33.104270935058594,-0.3078823278277171,0.00021124243939554232
6.851289987564087,215.30873107910156,-224.0687255859375,33.104270935058594,-0.3078823278277171,0.00021124243939554232
6.8607258796691895,215.30870056152344,-224.06871032714844,33.1037712097168,-0.3078823278277171,0.00018485132422952835
6.870978355407715,215.30870056152344,-224.06871032714844,33.1037712097168,-0.3078823278277171,0.00018485132422952835
6.880808591842651,215.30868530273438,-224.0686798095703,33.10333251953125,-0.3078823944067443,0.00016325699333073206
6.891072034835815,215.30868530273438,-224.0686798095703,33.10333251953125,-0.3078823944067443,0.00016325699333073206
6.900919437408447,215.30868530273438,-224.0686798095703,33.10333251953125,-0.3078823944067443,0.00016325699333073206
6.910668849945068,215.3086700439453,-224.06866455078125,33.10295104980469,-0.3078823944067443,0.00014417142433851
6.920647144317627,215.3086700439453,-224.06866455078125,33.10295104980469,-0.3078823944067443,0.00014417142433851
6.930652379989624,215.3086700439453,-224.06866455078125,33.10295104980469,-0.3078823944067443,0.00014417142433851
6.940969705581665,215.30865478515625,-224.0686492919922,33.10261917114258,-0.30788242769625795,0.00012568191267720846
6.951079368591309,215.30865478515625,-224.0686492919922,33.10261917114258,-0.30788242769625795,0.00012568191267720846
6.961172342300415,215.30865478515625,-224.0686492919922,33.10261917114258,-0.30788242769625795,0.00012568191267720846
6.970808982849121,215.30865478515625,-224.06863403320312,33.10232925415039,-0.3078823944067443,0.00010939556146564738
6.980689764022827,215.30865478515625,-224.06863403320312,33.10232925415039,-0.3078823944067443,0.00010939556146564738
6.991042613983154,215.30865478515625,-224.06863403320312,33.10232925415039,-0.3078823944067443,0.00010939556146564738
7.0006186962127686,215.30862426757812,-224.068603515625,33.10207748413086,-0.3078823944067443,9.562307513886078e-05
7.011412620544434,215.30862426757812,-224.068603515625,33.10207748413086,-0.3078823944067443,9.562307513886078e-05
7.021116256713867,215.30862426757812,-224.068603515625,33.10207748413086,-0.3078823944067443,9.562307513886078e-05
7.030738115310669,215.30860900878906,-224.068603515625,33.101863861083984,-0.30788182848501267,8.42563564956257e-05
7.0406413078308105,215.30860900878906,-224.068603515625,33.101863861083984,-0.30788182848501267,8.42563564956257e-05
7.050690650939941,215.30860900878906,-224.06858825683594,33.101680755615234,-0.30788182848501267,7.44736525713612e-05
7.060387849807739,215.30860900878906,-224.06858825683594,33.101680755615234,-0.30788182848501267,7.44736525713612e-05
7.070791006088257,215.30860900878906,-224.06858825683594,33.101680755615234,-0.30788182848501267,7.44736525713612e-05
7.0805182456970215,215.30859375,-224.06858825683594,33.10152053833008,-0.30788182848501267,6.475675043680187e-05
7.090659141540527,215.30859375,-224.06858825683594,33.10152053833008,-0.30788182848501267,6.475675043680187e-05
7.100742816925049,215.30859375,-224.06858825683594,33.10152053833008,-0.30788182848501267,6.475675043680187e-05
7.1107399463653564,215.30859375,-224.06857299804688,33.101383209228516,-0.3078818617745263,5.623502677034483e-05
7.120531320571899,215.30859375,-224.06857299804688,33.101383209228516,-0.3078818617745263,5.623502677034483e-05
7.130640745162964,215.30859375,-224.06857299804688,33.101383209228516,-0.3078818617745263,5.623502677034483e-05
7.140752792358398,215.30859375,-224.06857299804688,33.10126495361328,-0.30788236111723066,4.93166301267173e-05
7.15048360824585,215.30859375,-224.06857299804688,33.10126495361328,-0.30788236111723066,4.93166301267173e-05
7.160782098770142,215.30856323242188,-224.06854248046875,33.10116195678711,-0.30788182848501267,4.270284923938379e-05
7.17069149017334,215.30856323242188,-224.06854248046875,33.10116195678711,-0.30788182848501267,4.270284923938379e-05
7.180583477020264,215.30856323242188,-224.06854248046875,33.10116195678711,-0.30788182848501267,4.270284923938379e-05
7.191028118133545,215.30856323242188,-224.06854248046875,33.101078033447266,-0.30788236111723066,3.79706214957699e-05
7.200638771057129,215.30856323242188,-224.06854248046875,33.101078033447266,-0.30788236111723066,3.79706214957699e-05
7.210617542266846,215.30856323242188,-224.06854248046875,33.101078033447266,-0.30788236111723066,3.79706214957699e-05
7.220554351806641,215.30856323242188,-224.06854248046875,33.10100555419922,-0.30788236111723066,3.2135514279065375e-05
7.23084020614624,215.30856323242188,-224.06854248046875,33.10100555419922,-0.30788236111723066,3.2135514279065375e-05
7.2405617237091064,215.30856323242188,-224.06854248046875,33.10100555419922,-0.30788236111723066,3.2135514279065375e-05
7.251020669937134,215.30856323242188,-224.06854248046875,33.10094451904297,-0.3078823944067443,2.806017044033311e-05
7.260542869567871,215.30856323242188,-224.06854248046875,33.10094451904297,-0.3078823944067443,2.806017044033311e-05
7.270827054977417,215.30856323242188,-224.06854248046875,33.10094451904297,-0.3078823944067443,2.806017044033311e-05
7.2810142040252686,215.30856323242188,-224.0685272216797,33.100887298583984,-0.3078823944067443,2.4788577547130536e-05
7.290645599365234,215.30856323242188,-224.0685272216797,33.100887298583984,-0.3078823944067443,2.4788577547130536e-05
7.301074981689453,215.3085479736328,-224.0685272216797,33.1008415222168,-0.30788236111723066,2.038340851213758e-05
7.311092376708984,215.3085479736328,-224.0685272216797,33.1008415222168,-0.30788236111723066,2.038340851213758e-05
7.320679187774658,215.3085479736328,-224.0685272216797,33.1008415222168,-0.30788236111723066,2.038340851213758e-05
7.330946207046509,215.3085479736328,-224.0685272216797,33.10080337524414,-0.30788236111723066,1.774628303150489e-05
7.342428207397461,215.3085479736328,-224.0685272216797,33.10080337524414,-0.30788236111723066,1.774628303150489e-05
7.351557970046997,215.3085479736328,-224.0685272216797,33.10080337524414,-0.30788236111723066,1.774628303150489e-05
7.360965013504028,215.3085479736328,-224.0685272216797,33.10080337524414,-0.30788236111723066,0.0
7.370809555053711,215.3085479736328,-224.0685272216797,33.10080337524414,-0.30788236111723066,0.0
7.380833625793457,215.3085479736328,-224.0685272216797,33.10080337524414,-0.30788236111723066,0.0
7.3909571170806885,215.3085479736328,-224.0685272216797,33.10077667236328,-0.30788236111723066,3.4809401333217266e-06
7.400892734527588,215.3085479736328,-224.0685272216797,33.10077667236328,-0.30788236111723066,3.4809401333217266e-06
7.41091775894165,215.3085479736328,-224.0685272216797,33.10077667236328,-0.30788236111723066,3.4809401333217266e-06
7.421537399291992,215.3085479736328,-224.0685272216797,33.10076904296875,-0.30788236111723066,7.164566971567351e-06
7.430917978286743,215.3085479736328,-224.0685272216797,33.10076904296875,-0.30788236111723066,7.164566971567351e-06
7.4408698081970215,215.3085479736328,-224.0685272216797,33.10076904296875,-0.30788236111723066,7.164566971567351e-06
7.451749086380005,215.3085479736328,-224.0685272216797,33.10075378417969,-0.30788236111723066,8.031565660675176e-06
7.461341142654419,215.3085479736328,-224.0685272216797,33.10075378417969,-0.30788236111723066,8.031565660675176e-06
7.47093939781189,215.3085479736328,-224.0685272216797,33.10075378417969,-0.30788236111723066,8.031565660675176e-06
7.480942010879517,215.3085479736328,-224.0685272216797,33.10074234008789,-0.30788236111723066,6.030724326641061e-06
7.490743637084961,215.3085479736328,-224.0685272216797,33.10074234008789,-0.30788236111723066,6.030724326641061e-06
7.501215696334839,215.3085479736328,-224.06851196289062,33.100730895996094,-0.30788236111723066,6.690179227783446e-06
7.5115814208984375,215.3085479736328,-224.06851196289062,33.100730895996094,-0.30788236111723066,6.690179227783446e-06
7.521519660949707,215.3085479736328,-224.06851196289062,33.100730895996094,-0.30788236111723066,6.690179227783446e-06
7.531557083129883,215.3085479736328,-224.06851196289062,33.10071563720703,-0.3078823278277171,5.5808166271578965e-06
7.54121994972229,215.3085479736328,-224.06851196289062,33.10071563720703,-0.3078823278277171,5.5808166271578965e-06
7.551246881484985,215.3085479736328,-224.06851196289062,33.10071563720703,-0.3078823278277171,5.5808166271578965e-06
7.561522960662842,215.3085479736328,-224.06851196289062,33.100704193115234,-0.3078823278277171,5.109380048400833e-06
7.5716307163238525,215.3085479736328,-224.06851196289062,33.100704193115234,-0.3078823278277171,5.109380048400833e-06
7.580860137939453,215.3085479736328,-224.06851196289062,33.100704193115234,-0.3078823278277171,5.109380048400833e-06
7.5910186767578125,215.3085479736328,-224.06851196289062,33.10068893432617,-0.3078823278277171,5.274303030501979e-06
7.601313352584839,215.3085479736328,-224.06851196289062,33.10068893432617,-0.3078823278277171,5.274303030501979e-06
7.610894680023193,215.3085479736328,-224.06851196289062,33.10068893432617,-0.3078823278277171,5.274303030501979e-06
7.621422052383423,215.3085479736328,-224.06851196289062,33.10068130493164,-0.3078823278277171,4.099507730049624e-06
7.631314992904663,215.3085479736328,-224.06851196289062,33.10068130493164,-0.3078823278277171,4.099507730049624e-06
7.640937089920044,215.30853271484375,-224.06851196289062,33.100669860839844,-0.3078823278277171,2.619115355643427e-06
7.651189804077148,215.30853271484375,-224.06851196289062,33.100669860839844,-0.3078823278277171,2.619115355643427e-06
7.661559104919434,215.30853271484375,-224.06851196289062,33.100669860839844,-0.3078823278277171,2.619115355643427e-06
7.67087197303772,215.30853271484375,-224.06851196289062,33.10066223144531,-0.30788236111723066,3.5762659042496947e-06
7.680973768234253,215.30853271484375,-224.06851196289062,33.10066223144531,-0.30788236111723066,3.5762659042496947e-06
7.690814256668091,215.30853271484375,-224.06851196289062,33.10066223144531,-0.30788236111723066,3.5762659042496947e-06
7.700814247131348,215.30853271484375,-224.06851196289062,33.10065460205078,-0.30788236111723066,3.225147227605915e-06
7.710767030715942,215.30853271484375,-224.06851196289062,33.10065460205078,-0.30788236111723066,3.225147227605915e-06
7.720751762390137,215.30853271484375,-224.06851196289062,33.10065460205078,-0.30788236111723066,3.225147227605915e-06
7.73088812828064,215.30853271484375,-224.06851196289062,33.100643157958984,-0.30788236111723066,3.1858859843669883e-06
7.74091911315918,215.30853271484375,-224.06851196289062,33.100643157958984,-0.30788236111723066,3.1858859843669883e-06
7.751320123672485,215.30853271484375,-224.06851196289062,33.100643157958984,-0.30788236111723066,3.1858859843669883e-06
7.761350870132446,215.30853271484375,-224.06851196289062,33.10063552856445,-0.30788236111723066,1.609465945222586e-06
7.771152019500732,215.30853271484375,-224.06851196289062,33.10063552856445,-0.30788236111723066,1.609465945222586e-06
7.780863285064697,215.30853271484375,-224.06851196289062,33.10062789916992,-0.30788236111723066,1.2115534309382955e-06
7.7912538051605225,215.30853271484375,-224.06851196289062,33.10062789916992,-0.30788236111723066,1.2115534309382955e-06
7.800859212875366,215.30853271484375,-224.06851196289062,33.10062789916992,-0.30788236111723066,1.2115534309382955e-06
7.810883522033691,215.30853271484375,-224.06851196289062,33.100624084472656,-0.30788236111723066,2.121319990635518e-06
7.820902347564697,215.30853271484375,-224.06851196289062,33.100624084472656,-0.30788236111723066,2.121319990635518e-06
7.831089973449707,215.30853271484375,-224.06851196289062,33.100624084472656,-0.30788236111723066,2.121319990635518e-06
7.840820074081421,215.30853271484375,-224.06851196289062,33.10062026977539,-0.30788236111723066,1.1881787161442656e-07
7.8514015674591064,215.30853271484375,-224.06851196289062,33.10062026977539,-0.30788236111723066,1.1881787161442656e-07
7.861144065856934,215.30853271484375,-224.06851196289062,33.10062026977539,-0.30788236111723066,1.1881787161442656e-07
7.8708882331848145,215.30853271484375,-224.06851196289062,33.10061264038086,-0.30788236111723066,3.139392900998524e-06
7.880992889404297,215.30853271484375,-224.06851196289062,33.10061264038086,-0.30788236111723066,3.139392900998524e-06
7.891300916671753,215.30853271484375,-224.06851196289062,33.10061264038086,-0.30788236111723066,2.2230586501260187e-06
7.901038885116577,215.30853271484375,-224.06851196289062,33.10061264038086,-0.30788236111723066,2.2230586501260187e-06
7.911759853363037,215.30853271484375,-224.06851196289062,33.10061264038086,-0.30788236111723066,2.2230586501260187e-06
7.921045303344727,215.30853271484375,-224.06851196289062,33.100608825683594,-0.3078823944067443,2.0422353320204863e-06
7.931296110153198,215.30853271484375,-224.06851196289062,33.100608825683594,-0.3078823944067443,2.0422353320204863e-06
7.941420078277588,215.30853271484375,-224.06851196289062,33.100608825683594,-0.3078823944067443,2.0422353320204863e-06
7.951431035995483,215.30853271484375,-224.06851196289062,33.100608825683594,-0.3078823944067443,0.0
7.96130633354187,215.30853271484375,-224.06851196289062,33.100608825683594,-0.3078823944067443,0.0
7.971128225326538,215.30853271484375,-224.06851196289062,33.100608825683594,-0.3078823944067443,0.0
7.980988025665283,215.30853271484375,-224.06851196289062,33.10060501098633,-0.3078823944067443,4.4464213015071885e-06
7.990811109542847,215.30853271484375,-224.06851196289062,33.10060501098633,-0.3078823944067443,4.4464213015071885e-06
8.000991106033325,215.30853271484375,-224.06851196289062,33.10060501098633,-0.3078823944067443,4.4464213015071885e-06
8.011073589324951,215.30853271484375,-224.06851196289062,33.10060501098633,-0.3078823944067443,4.514441525121931e-06
8.02104663848877,215.30853271484375,-224.06851196289062,33.10060501098633,-0.3078823944067443,4.514441525121931e-06
8.032077074050903,215.30853271484375,-224.06851196289062,33.10060501098633,-0.3078823944067443,4.4389839126761325e-06
8.040866613388062,215.30853271484375,-224.06851196289062,33.10060501098633,-0.3078823944067443,4.4389839126761325e-06
8.051148414611816,215.30853271484375,-224.06851196289062,33.10060501098633,-0.3078823944067443,4.4389839126761325e-06
8.06093454360962,215.30853271484375,-224.06851196289062,33.10060119628906,-0.3078823944067443,2.270263940858718e-06
8.071270942687988,215.30853271484375,-224.06851196289062,33.10060119628906,-0.3078823944067443,2.270263940858718e-06
8.08116340637207,215.30853271484375,-224.06851196289062,33.10060119628906,-0.3078823944067443,2.270263940858718e-06
8.091037034988403,215.30853271484375,-224.06851196289062,33.10060119628906,-0.3078823944067443,4.361075503078503e-06
8.101023197174072,215.30853271484375,-224.06851196289062,33.10060119628906,-0.3078823944067443,4.361075503078503e-06
8.111131429672241,215.30853271484375,-224.06851196289062,33.10060119628906,-0.3078823944067443,4.361075503078503e-06
8.121025085449219,215.30853271484375,-224.06851196289062,33.10060119628906,-0.3078823944067443,3.6309365944391648e-06
8.13164734840393,215.30853271484375,-224.06851196289062,33.10060119628906,-0.3078823944067443,3.6309365944391648e-06
8.141281843185425,215.30853271484375,-224.06851196289062,33.10060119628906,-0.3078823944067443,3.6309365944391648e-06
8.151211977005005,215.30853271484375,-224.06851196289062,33.10060119628906,-0.3078823944067443,3.265172433526913e-06
8.161603689193726,215.30853271484375,-224.06851196289062,33.10060119628906,-0.3078823944067443,3.265172433526913e-06
8.17127251625061,215.30853271484375,-224.06851196289062,33.1005973815918,-0.3078823944067443,2.8742279218567208e-06
8.181129932403564,215.30853271484375,-224.06851196289062,33.1005973815918,-0.3078823944067443,2.8742279218567208e-06
8.191152811050415,215.30853271484375,-224.06851196289062,33.1005973815918,-0.3078823944067443,2.8742279218567208e-06
8.201127767562866,215.30853271484375,-224.06851196289062,33.1005973815918,-0.3078823944067443,4.466529347865904e-06
8.211091756820679,215.30853271484375,-224.06851196289062,33.1005973815918,-0.3078823944067443,4.466529347865904e-06
8.221078395843506,215.30853271484375,-224.06851196289062,33.1005973815918,-0.3078823944067443,4.466529347865904e-06
8.231336116790771,215.30853271484375,-224.06851196289062,33.10059356689453,-0.3078823944067443,3.769454311565438e-06
8.241031169891357,215.30853271484375,-224.06851196289062,33.10059356689453,-0.3078823944067443,3.769454311565438e-06
8.251182794570923,215.30853271484375,-224.06851196289062,33.10059356689453,-0.3078823944067443,3.769454311565438e-06
8.261549949645996,215.30853271484375,-224.06851196289062,33.10059356689453,-0.3078823944067443,4.258167145138392e-06
8.271175384521484,215.30853271484375,-224.06851196289062,33.10059356689453,-0.3078823944067443,4.258167145138392e-06
8.28158164024353,215.30853271484375,-224.06851196289062,33.10059356689453,-0.3078823944067443,4.258167145138392e-06
8.291769981384277,215.30853271484375,-224.06851196289062,33.10059356689453,-0.3078823944067443,4.075083484644627e-06
8.30106806755066,215.30853271484375,-224.06851196289062,33.10059356689453,-0.3078823944067443,4.075083484644627e-06
8.311558723449707,215.30853271484375,-224.06851196289062,33.1005973815918,-0.3078823944067443,3.3327200938777203e-06
8.321038246154785,215.30853271484375,-224.06851196289062,33.1005973815918,-0.3078823944067443,3.3327200938777203e-06
8.331663370132446,215.30853271484375,-224.06851196289062,33.1005973815918,-0.3078823944067443,3.3327200938777203e-06
8.341101169586182,215.30853271484375,-224.06851196289062,33.10059356689453,-0.3078823944067443,4.378890937916812e-06
8.351086378097534,215.30853271484375,-224.06851196289062,33.10059356689453,-0.3078823944067443,4.378890937916812e-06
8.36099624633789,215.30853271484375,-224.06851196289062,33.10059356689453,-0.3078823944067443,4.378890937916812e-06
8.371109008789062,215.30853271484375,-224.06851196289062,33.10059356689453,-0.3078823944067443,3.4048958654527437e-06
8.381240844726562,215.30853271484375,-224.06851196289062,33.10059356689453,-0.3078823944067443,3.4048958654527437e-06
8.391191959381104,215.30853271484375,-224.06851196289062,33.10059356689453,-0.3078823944067443,3.4048958654527437e-06
8.401291847229004,215.30853271484375,-224.06851196289062,33.10059356689453,-0.3078823944067443,3.388672300543221e-06
8.411051988601685,215.30853271484375,-224.06851196289062,33.10059356689453,-0.3078823944067443,3.388672300543221e-06
8.421177625656128,215.30853271484375,-224.06851196289062,33.10059356689453,-0.3078823944067443,3.388672300543221e-06
8.431586980819702,215.30853271484375,-224.06851196289062,33.10059356689453,-0.3078823944067443,4.555840709285766e-06
8.441041469573975,215.30853271484375,-224.06851196289062,33.10059356689453,-0.3078823944067443,4.555840709285766e-06
8.451737403869629,215.30853271484375,-224.06851196289062,33.10059356689453,-0.3078823944067443,4.555840709285766e-06
8.461111307144165,215.30853271484375,-224.06851196289062,33.10059356689453,-0.3078823944067443,3.54438250500972e-06
8.4717116355896,215.30853271484375,-224.06851196289062,33.10059356689453,-0.3078823944067443,3.54438250500972e-06
8.481170892715454,215.30853271484375,-224.06851196289062,33.10059356689453,-0.3078823944067443,4.969614057584044e-06
8.491379499435425,215.30853271484375,-224.06851196289062,33.10059356689453,-0.3078823944067443,4.969614057584044e-06
8.501542568206787,215.30853271484375,-224.06851196289062,33.10059356689453,-0.3078823944067443,4.969614057584044e-06
8.51118779182434,215.30821228027344,-224.06838989257812,33.100589752197266,-0.30788772072892445,0.033457664901338946
8.521323680877686,215.30821228027344,-224.06838989257812,33.100589752197266,-0.30788772072892445,0.033457664901338946
8.531202793121338,215.30821228027344,-224.06838989257812,33.100589752197266,-0.30788772072892445,0.033457664901338946
8.541442394256592,215.3079071044922,-224.06829833984375,33.100589752197266,-0.30789091652223255,0.033588535188894784
8.551471471786499,215.3079071044922,-224.06829833984375,33.100589752197266,-0.30789091652223255,0.033588535188894784
8.56134033203125,215.3079071044922,-224.06829833984375,33.100589752197266,-0.30789091652223255,0.033588535188894784
8.571261882781982,215.3076171875,-224.0681915283203,33.1005859375,-0.30789304705110465,0.033896726949331095
8.581210374832153,215.3076171875,-224.0681915283203,33.1005859375,-0.30789304705110465,0.033896726949331095
8.591402292251587,215.30734252929688,-224.06809997558594,33.1005859375,-0.30789304705110465,0.03439965181259032
8.601370334625244,215.30734252929688,-224.06809997558594,33.1005859375,-0.30789304705110465,0.03439965181259032
8.611631631851196,215.30734252929688,-224.06809997558594,33.1005859375,-0.30789304705110465,0.03439965181259032
8.621293067932129,215.30706787109375,-224.06800842285156,33.100582122802734,-0.3078962095548991,0.03529435118435684
8.631124019622803,215.30706787109375,-224.06800842285156,33.100582122802734,-0.3078962095548991,0.03529435118435684
8.641265869140625,215.30706787109375,-224.06800842285156,33.100582122802734,-0.3078962095548991,0.03529435118435684
8.651412963867188,215.3068084716797,-224.06793212890625,33.100582122802734,-0.30789834008377115,0.03619306100893675
8.661357402801514,215.3068084716797,-224.06793212890625,33.100582122802734,-0.30789834008377115,0.03619306100893675
8.67104959487915,215.3068084716797,-224.06793212890625,33.100582122802734,-0.30789834008377115,0.03619306100893675
8.681411027908325,215.30657958984375,-224.06787109375,33.100582122802734,-0.30790050390215684,0.03724659224042014
8.691200971603394,215.30657958984375,-224.06787109375,33.100582122802734,-0.30790050390215684,0.03724659224042014
8.701277494430542,215.30657958984375,-224.06787109375,33.100582122802734,-0.30790050390215684,0.03724659224042014
8.711339950561523,215.30638122558594,-224.06781005859375,33.100582122802734,-0.30790203521978365,0.038794156787025094
8.721372365951538,215.30638122558594,-224.06781005859375,33.100582122802734,-0.30790203521978365,0.038794156787025094
8.731439113616943,215.30621337890625,-224.0677490234375,33.100582122802734,-0.3079026011415153,0.04026863770320838
8.741515874862671,215.30621337890625,-224.0677490234375,33.100582122802734,-0.3079026011415153,0.04026863770320838
8.75126600265503,215.30621337890625,-224.0677490234375,33.100582122802734,-0.3079026011415153,0.04026863770320838
8.761246919631958,215.30604553222656,-224.06768798828125,33.100582122802734,-0.3079026011415153,0.04163880091514509
8.771363019943237,215.30604553222656,-224.06768798828125,33.100582122802734,-0.3079026011415153,0.04163880091514509
8.781212568283081,215.30604553222656,-224.06768798828125,33.100582122802734,-0.3079026011415153,0.04163880091514509
8.791391611099243,215.30593872070312,-224.06765747070312,33.100582122802734,-0.3079026011415153,0.04292766973282684
8.801392078399658,215.30593872070312,-224.06765747070312,33.100582122802734,-0.3079026011415153,0.04292766973282684
8.811260461807251,215.30593872070312,-224.06765747070312,33.100582122802734,-0.3079026011415153,0.04292766973282684
8.821645975112915,215.3058319091797,-224.067626953125,33.100582122802734,-0.30790423232768294,0.04428215525016141
8.831557512283325,215.3058319091797,-224.067626953125,33.100582122802734,-0.30790423232768294,0.04428215525016141
8.84142804145813,215.3058319091797,-224.067626953125,33.100582122802734,-0.30790423232768294,0.04428215525016141
8.852122783660889,215.30575561523438,-224.06761169433594,33.10057830810547,-0.30790423232768294,0.04577064122519388
8.861534833908081,215.30575561523438,-224.06761169433594,33.10057830810547,-0.30790423232768294,0.04577064122519388
8.87166714668274,215.30572509765625,-224.06759643554688,33.10057830810547,-0.3079036664059513,0.04739205169842139
8.88180923461914,215.30572509765625,-224.06759643554688,33.10057830810547,-0.3079036664059513,0.04739205169842139
8.89161229133606,215.30572509765625,-224.06759643554688,33.10057830810547,-0.3079036664059513,0.04739205169842139
8.901416778564453,215.30572509765625,-224.06759643554688,33.10057830810547,-0.3079036664059513,0.048896054451216996
8.91167140007019,215.30572509765625,-224.06759643554688,33.10057830810547,-0.3079036664059513,0.048896054451216996
8.921663045883179,215.30572509765625,-224.06759643554688,33.10057830810547,-0.3079036664059513,0.048896054451216996
8.931541919708252,215.30575561523438,-224.06761169433594,33.10057830810547,-0.30790200193027,0.05114025363785469
8.9415864944458,215.30575561523438,-224.06761169433594,33.10057830810547,-0.30790200193027,0.05114025363785469
8.951961517333984,215.30575561523438,-224.06761169433594,33.10057830810547,-0.30790200193027,0.05114025363785469
8.961604356765747,215.30589294433594,-224.06765747070312,33.1005744934082,-0.30789937205869355,0.05522970616937382
8.971642255783081,215.30589294433594,-224.06765747070312,33.1005744934082,-0.30789937205869355,0.05522970616937382
8.982377290725708,215.30589294433594,-224.06765747070312,33.1005744934082,-0.30789937205869355,0.05522970616937382
8.991909265518188,215.30673217773438,-224.06788635253906,33.1005744934082,-0.30790100324486125,0.09087300309485226
9.001489162445068,215.30673217773438,-224.06788635253906,33.1005744934082,-0.30790100324486125,0.09087300309485226
9.011993169784546,215.30776977539062,-224.0681915283203,33.10057067871094,-0.30795107067335475,0.07468217048773894
9.022110223770142,215.30776977539062,-224.0681915283203,33.10057067871094,-0.30795107067335475,0.07468217048773894
9.032191753387451,215.30776977539062,-224.0681915283203,33.10057067871094,-0.30795107067335475,0.07468217048773894
9.041592359542847,215.3099822998047,-224.06890869140625,33.10056686401367,-0.30783442421760926,0.08908766180850394
9.051814556121826,215.3099822998047,-224.06890869140625,33.10056686401367,-0.30783442421760926,0.08908766180850394
9.062049388885498,215.3099822998047,-224.06890869140625,33.10056686401367,-0.30783442421760926,0.08908766180850394
9.07149052619934,215.31285095214844,-224.0697784423828,33.10055923461914,-0.307826434734339,0.16294149874021244
9.08159875869751,215.31285095214844,-224.0697784423828,33.10055923461914,-0.307826434734339,0.16294149874021244
9.091443538665771,215.31285095214844,-224.0697784423828,33.10055923461914,-0.307826434734339,0.16294149874021244
9.10211730003357,215.31753540039062,-224.07115173339844,33.10055160522461,-0.30794684290512425,0.25104338320077946
9.111798286437988,215.31753540039062,-224.07115173339844,33.10055160522461,-0.30794684290512425,0.25104338320077946
9.121766805648804,215.31753540039062,-224.07115173339844,33.10055160522461,-0.30794684290512425,0.25104338320077946
9.131955623626709,215.32290649414062,-224.07284545898438,33.10055160522461,-0.30785040318414975,0.3172260040977407
9.141785621643066,215.32290649414062,-224.07284545898438,33.10055160522461,-0.30785040318414975,0.3172260040977407
9.151849746704102,215.32960510253906,-224.074951171875,33.100547790527344,-0.3077156472329917,0.3442717679638343
9.16161322593689,215.32960510253906,-224.074951171875,33.100547790527344,-0.3077156472329917,0.3442717679638343
9.171895742416382,215.32960510253906,-224.074951171875,33.100547790527344,-0.3077156472329917,0.3442717679638343
9.181631088256836,215.33665466308594,-224.07717895507812,33.100555419921875,-0.30754896663826636,0.39822615964587627
9.191901922225952,215.33665466308594,-224.07717895507812,33.100555419921875,-0.30754896663826636,0.39822615964587627
9.201713800430298,215.33665466308594,-224.07717895507812,33.100555419921875,-0.30754896663826636,0.39822615964587627
9.211456298828125,215.34542846679688,-224.07980346679688,33.10055923461914,-0.30771028762129793,0.45539176041725826
9.221435070037842,215.34542846679688,-224.07980346679688,33.10055923461914,-0.30771028762129793,0.45539176041725826
9.23162579536438,215.34542846679688,-224.07980346679688,33.10055923461914,-0.30771028762129793,0.45539176041725826
9.241471767425537,215.3550567626953,-224.0828399658203,33.10057067871094,-0.30742376477751904,0.546643257569173
9.251566648483276,215.3550567626953,-224.0828399658203,33.10057067871094,-0.30742376477751904,0.546643257569173
9.261922836303711,215.3550567626953,-224.0828399658203,33.10057067871094,-0.30742376477751904,0.546643257569173
9.272129535675049,215.36614990234375,-224.0862579345703,33.100582122802734,-0.30725761681501174,0.5934993153638087
9.28150224685669,215.36614990234375,-224.0862579345703,33.100582122802734,-0.30725761681501174,0.5934993153638087
9.29177451133728,215.36614990234375,-224.0862579345703,33.100582122802734,-0.30725761681501174,0.5934993153638087
9.301972150802612,215.3788604736328,-224.0901641845703,33.100589752197266,-0.30707016356378375,0.6896103310955756
9.311754703521729,215.3788604736328,-224.0901641845703,33.100589752197266,-0.30707016356378375,0.6896103310955756
9.321791172027588,215.39266967773438,-224.0944061279297,33.100608825683594,-0.30696307119844896,0.7442501312381934
9.331650972366333,215.39266967773438,-224.0944061279297,33.100608825683594,-0.30696307119844896,0.7442501312381934
9.341941833496094,215.39266967773438,-224.0944061279297,33.100608825683594,-0.30696307119844896,0.7442501312381934
9.351602554321289,215.40777587890625,-224.0989990234375,33.10062789916992,-0.30693001471141834,0.794592479077125
9.361608266830444,215.40777587890625,-224.0989990234375,33.10062789916992,-0.30693001471141834,0.794592479077125
9.37160325050354,215.40777587890625,-224.0989990234375,33.10062789916992,-0.30693001471141834,0.794592479077125
9.381706714630127,215.42352294921875,-224.10379028320312,33.10065460205078,-0.3067728882071037,0.862643032696156
9.39161205291748,215.42352294921875,-224.10379028320312,33.10065460205078,-0.3067728882071037,0.862643032696156
9.401624202728271,215.42352294921875,-224.10379028320312,33.10065460205078,-0.3067728882071037,0.862643032696156
9.41197919845581,215.44044494628906,-224.10891723632812,33.100685119628906,-0.30667648177564283,0.9192661162672547
9.421813726425171,215.44044494628906,-224.10891723632812,33.100685119628906,-0.30667648177564283,0.9192661162672547
9.431849479675293,215.44044494628906,-224.10891723632812,33.100685119628906,-0.30667648177564283,0.9192661162672547
9.441489458084106,215.4587860107422,-224.11444091796875,33.10071563720703,-0.3066673604489093,0.974816833674985
9.451623439788818,215.4587860107422,-224.11444091796875,33.10071563720703,-0.3066673604489093,0.974816833674985
9.462309837341309,215.47872924804688,-224.1204376220703,33.10074996948242,-0.3068133682556729,1.0709267618392149
9.471503257751465,215.47872924804688,-224.1204376220703,33.10074996948242,-0.3068133682556729,1.0709267618392149
9.481972694396973,215.47872924804688,-224.1204376220703,33.10074996948242,-0.3068133682556729,1.0709267618392149
9.491589546203613,215.4998016357422,-224.1268310546875,33.100791931152344,-0.30683254301552143,1.1390042849257116
9.501457691192627,215.4998016357422,-224.1268310546875,33.100791931152344,-0.30683254301552143,1.1390042849257116
9.511877536773682,215.4998016357422,-224.1268310546875,33.100791931152344,-0.30683254301552143,1.1390042849257116
9.521601915359497,215.522216796875,-224.1336212158203,33.100830078125,-0.3067803450581559,1.2217066858916175
9.532043218612671,215.522216796875,-224.1336212158203,33.100830078125,-0.3067803450581559,1.2217066858916175
9.541730642318726,215.522216796875,-224.1336212158203,33.100830078125,-0.3067803450581559,1.2217066858916175
9.551939487457275,215.54592895507812,-224.14083862304688,33.10087203979492,-0.30665361187978174,1.2787836464137419
9.56158971786499,215.54592895507812,-224.14083862304688,33.10087203979492,-0.30665361187978174,1.2787836464137419
9.57196044921875,215.54592895507812,-224.14083862304688,33.10087203979492,-0.30665361187978174,1.2787836464137419
9.581530332565308,215.57130432128906,-224.14852905273438,33.10091781616211,-0.30657424967929736,1.377070415216456
9.591449975967407,215.57130432128906,-224.14852905273438,33.10091781616211,-0.30657424967929736,1.377070415216456
9.601606607437134,215.5983123779297,-224.1566925048828,33.10096740722656,-0.30650930183821307,1.4486323268590016
9.611664295196533,215.5983123779297,-224.1566925048828,33.10096740722656,-0.30650930183821307,1.4486323268590016
9.621590614318848,215.5983123779297,-224.1566925048828,33.10096740722656,-0.30650930183821307,1.4486323268590016
9.631560325622559,215.62667846679688,-224.16526794433594,33.10102081298828,-0.30642294883986726,1.5323585975225593
9.641512393951416,215.62667846679688,-224.16526794433594,33.10102081298828,-0.30642294883986726,1.5323585975225593
9.652032375335693,215.62667846679688,-224.16526794433594,33.10102081298828,-0.30642294883986726,1.5323585975225593
9.661551237106323,215.6566619873047,-224.17433166503906,33.101078033447266,-0.3063819694485937,1.6012028803646257
9.671454429626465,215.6566619873047,-224.17433166503906,33.101078033447266,-0.3063819694485937,1.6012028803646257
9.681727886199951,215.6566619873047,-224.17433166503906,33.101078033447266,-0.3063819694485937,1.6012028803646257
9.692371606826782,215.68798828125,-224.18389892578125,33.101139068603516,-0.3060208115152653,1.6753674868443487
9.702044248580933,215.68798828125,-224.18389892578125,33.101139068603516,-0.3060208115152653,1.6753674868443487
9.711955547332764,215.68798828125,-224.18389892578125,33.101139068603516,-0.3060208115152653,1.6753674868443487
9.72196078300476,215.7207794189453,-224.1938018798828,33.10120391845703,-0.305877533448619,1.749994617112833
9.73194408416748,215.7207794189453,-224.1938018798828,33.10120391845703,-0.305877533448619,1.749994617112833
9.741887092590332,215.75509643554688,-224.20425415039062,33.10126876831055,-0.3055361494863845,1.8291110602763874
9.751768112182617,215.75509643554688,-224.20425415039062,33.10126876831055,-0.3055361494863845,1.8291110602763874
9.761897087097168,215.75509643554688,-224.20425415039062,33.10126876831055,-0.3055361494863845,1.8291110602763874
9.771815299987793,215.790771484375,-224.215087890625,33.101341247558594,-0.3051270546534347,1.9002723926214249
9.781766414642334,215.790771484375,-224.215087890625,33.101341247558594,-0.3051270546534347,1.9002723926214249
9.791754245758057,215.790771484375,-224.215087890625,33.101341247558594,-0.3051270546534347,1.9002723926214249
9.80176591873169,215.82791137695312,-224.22637939453125,33.10141372680664,-0.3046552090872999,1.988574007153411
9.811741590499878,215.82791137695312,-224.22637939453125,33.10141372680664,-0.3046552090872999,1.988574007153411
9.82169508934021,215.82791137695312,-224.22637939453125,33.10141372680664,-0.3046552090872999,1.988574007153411
9.832105159759521,215.86666870117188,-224.2380828857422,33.10149002075195,-0.3043142578887425,2.052647463393989
9.841728210449219,215.86666870117188,-224.2380828857422,33.10149002075195,-0.3043142578887425,2.052647463393989
9.852235794067383,215.86666870117188,-224.2380828857422,33.10149002075195,-0.3043142578887425,2.052647463393989
9.861701250076294,215.90663146972656,-224.25018310546875,33.1015739440918,-0.3039361223034649,2.1213942747028485
9.871640682220459,215.90663146972656,-224.25018310546875,33.1015739440918,-0.3039361223034649,2.1213942747028485
9.881840467453003,215.94802856445312,-224.26278686523438,33.10165786743164,-0.3035047234963857,2.1938200182049195
9.891860961914062,215.94802856445312,-224.26278686523438,33.10165786743164,-0.3035047234963857,2.1938200182049195
9.901806592941284,215.94802856445312,-224.26278686523438,33.10165786743164,-0.3035047234963857,2.1938200182049195
9.911753177642822,215.99072265625,-224.27577209472656,33.10174560546875,-0.3031419676664033,2.267862544152037
9.921645164489746,215.99072265625,-224.27577209472656,33.10174560546875,-0.3031419676664033,2.267862544152037
9.93184232711792,215.99072265625,-224.27577209472656,33.10174560546875,-0.3031419676664033,2.267862544152037
9.941511631011963,216.03485107421875,-224.2892303466797,33.10184097290039,-0.3027776139397668,2.3377766084513634
9.952119827270508,216.03485107421875,-224.2892303466797,33.10184097290039,-0.3027776139397668,2.3377766084513634
9.961597919464111,216.03485107421875,-224.2892303466797,33.10184097290039,-0.3027776139397668,2.3377766084513634
9.971781492233276,216.08035278320312,-224.30308532714844,33.101932525634766,-0.3024436535390709,2.410473948986107
9.981863260269165,216.08035278320312,-224.30308532714844,33.101932525634766,-0.3024436535390709,2.410473948986107
9.991591453552246,216.08035278320312,-224.30308532714844,33.101932525634766,-0.3024436535390709,2.410473948986107
10.00222110748291,216.1272735595703,-224.31739807128906,33.10203170776367,-0.3021172165684544,2.483408927447289
10.011555671691895,216.1272735595703,-224.31739807128906,33.10203170776367,-0.3021172165684544,2.483408927447289
10.021787166595459,216.17559814453125,-224.33212280273438,33.10213088989258,-0.30180512737821075,2.5568681777256868
10.03216290473938,216.17559814453125,-224.33212280273438,33.10213088989258,-0.30180512737821075,2.5568681777256868
10.041715383529663,216.17559814453125,-224.33212280273438,33.10213088989258,-0.30180512737821075,2.5568681777256868
10.051878452301025,216.225341796875,-224.34727478027344,33.10223388671875,-0.30149989582777403,2.630512680776854
10.062055110931396,216.225341796875,-224.34727478027344,33.10223388671875,-0.30149989582777403,2.630512680776854
10.071930170059204,216.225341796875,-224.34727478027344,33.10223388671875,-0.30149989582777403,2.630512680776854
10.08154296875,216.27651977539062,-224.3628692626953,33.10234069824219,-0.3012005232317355,2.704318871760601
10.091852188110352,216.27651977539062,-224.3628692626953,33.10234069824219,-0.3012005232317355,2.704318871760601
10.101848125457764,216.27651977539062,-224.3628692626953,33.10234069824219,-0.3012005232317355,2.704318871760601
10.112380743026733,216.32911682128906,-224.3788604736328,33.10245132446289,-0.30090331445408264,2.778179316921996
10.12180209159851,216.32911682128906,-224.3788604736328,33.10245132446289,-0.30090331445408264,2.778179316921996
10.132220029830933,216.32911682128906,-224.3788604736328,33.10245132446289,-0.30090331445408264,2.778179316921996
10.14202356338501,216.38316345214844,-224.39529418945312,33.102561950683594,-0.30060720423037945,2.8519804038088226
10.152212619781494,216.38316345214844,-224.39529418945312,33.102561950683594,-0.30060720423037945,2.8519804038088226
10.161877870559692,216.43861389160156,-224.412109375,33.10267639160156,-0.30031102742764904,2.9256587027914764
10.172160148620605,216.43861389160156,-224.412109375,33.10267639160156,-0.30031102742764904,2.9256587027914764
10.182403802871704,216.43861389160156,-224.412109375,33.10267639160156,-0.30031102742764904,2.9256587027914764
10.192003965377808,216.49546813964844,-224.42935180664062,33.1027946472168,-0.30001431799270056,2.9991825777190497
10.20230770111084,216.49546813964844,-224.42935180664062,33.1027946472168,-0.30001431799270056,2.9991825777190497
10.212130784988403,216.49546813964844,-224.42935180664062,33.1027946472168,-0.30001431799270056,2.9991825777190497
10.222194910049438,216.55377197265625,-224.44700622558594,33.1029167175293,-0.2997172090835886,3.0724761130785723
10.232592582702637,216.55377197265625,-224.44700622558594,33.1029167175293,-0.2997172090835886,3.0724761130785723
10.242119312286377,216.55377197265625,-224.44700622558594,33.1029167175293,-0.2997172090835886,3.0724761130785723
10.252058029174805,216.6134490966797,-224.46507263183594,33.10304260253906,-0.2994252933386023,3.145545507197978
10.262025833129883,216.6134490966797,-224.46507263183594,33.10304260253906,-0.2994252933386023,3.145545507197978
10.271932363510132,216.6134490966797,-224.46507263183594,33.10304260253906,-0.2994252933386023,3.145545507197978
10.28199553489685,216.67459106445312,-224.4835662841797,33.10316848754883,-0.2991366066764377,3.21834509617946
10.291820287704468,216.67459106445312,-224.4835662841797,33.10316848754883,-0.2991366066764377,3.21834509617946
10.301786184310913,216.67459106445312,-224.4835662841797,33.10316848754883,-0.2991366066764377,3.21834509617946
10.311922073364258,216.73709106445312,-224.50247192382812,33.10329818725586,-0.2988723878067882,3.2909445461786846
10.32239556312561,216.73709106445312,-224.50247192382812,33.10329818725586,-0.2988723878067882,3.2909445461786846
10.331957817077637,216.80101013183594,-224.52183532714844,33.103431701660156,-0.2986230826392432,3.36339103703541
10.342088222503662,216.80101013183594,-224.52183532714844,33.103431701660156,-0.2986230826392432,3.36339103703541
10.351670742034912,216.80101013183594,-224.52183532714844,33.103431701660156,-0.2986230826392432,3.36339103703541
10.361774682998657,216.86631774902344,-224.54161071777344,33.10356903076172,-0.29839621460388205,3.4357265267658463
10.37174367904663,216.86631774902344,-224.54161071777344,33.10356903076172,-0.29839621460388205,3.4357265267658463
10.38165831565857,216.86631774902344,-224.54161071777344,33.10356903076172,-0.29839621460388205,3.4357265267658463
10.391859531402588,216.93304443359375,-224.56182861328125,33.10370635986328,-0.29817730276227755,3.5074811962517947
10.401861190795898,216.93304443359375,-224.56182861328125,33.10370635986328,-0.29817730276227755,3.5074811962517947
10.412279605865479,216.93304443359375,-224.56182861328125,33.10370635986328,-0.29817730276227755,3.5074811962517947
10.4218111038208,217.00112915039062,-224.58245849609375,33.10384750366211,-0.2979658810612389,3.578048563283825
10.431913137435913,217.00112915039062,-224.58245849609375,33.10384750366211,-0.2979658810612389,3.578048563283825
10.441973686218262,217.07058715820312,-224.603515625,33.10399627685547,-0.2977586538389171,3.6476306338836255
10.451831579208374,217.07058715820312,-224.603515625,33.10399627685547,-0.2977586538389171,3.6476306338836255
10.461878299713135,217.07058715820312,-224.603515625,33.10399627685547,-0.2977586538389171,3.6476306338836255
10.471790790557861,217.141357421875,-224.62496948242188,33.104148864746094,-0.2975727984843432,3.7169753975036173
10.48193073272705,217.141357421875,-224.62496948242188,33.104148864746094,-0.2975727984843432,3.7169753975036173
10.492002725601196,217.141357421875,-224.62496948242188,33.104148864746094,-0.2975727984843432,3.7169753975036173
10.501827478408813,217.2134552001953,-224.6468505859375,33.10429763793945,-0.29741620461224655,3.7860463087479754
10.511734247207642,217.2134552001953,-224.6468505859375,33.10429763793945,-0.29741620461224655,3.7860463087479754
10.521608829498291,217.2134552001953,-224.6468505859375,33.10429763793945,-0.29741620461224655,3.7860463087479754
10.53168797492981,217.28684997558594,-224.66915893554688,33.10445022583008,-0.2972755897066903,3.8547955562085496
10.541839122772217,217.28684997558594,-224.66915893554688,33.10445022583008,-0.2972755897066903,3.8547955562085496
10.551852226257324,217.28684997558594,-224.66915893554688,33.10445022583008,-0.2972755897066903,3.8547955562085496
10.561719417572021,217.36155700683594,-224.69186401367188,33.104610443115234,-0.2971579112760225,3.9231348601372713
10.571804761886597,217.36155700683594,-224.69186401367188,33.104610443115234,-0.2971579112760225,3.9231348601372713
10.581807374954224,217.36155700683594,-224.69186401367188,33.104610443115234,-0.2971579112760225,3.9231348601372713
10.592214107513428,217.4375762939453,-224.71498107910156,33.104766845703125,-0.29705294943955973,3.9909762067828503
10.601804971694946,217.4375762939453,-224.71498107910156,33.104766845703125,-0.29705294943955973,3.9909762067828503
10.611759901046753,217.51486206054688,-224.73851013183594,33.10493087768555,-0.29696190261979266,4.058258020884585
10.621684789657593,217.51486206054688,-224.73851013183594,33.10493087768555,-0.29696190261979266,4.058258020884585
10.631899356842041,217.51486206054688,-224.73851013183594,33.10493087768555,-0.29696190261979266,4.058258020884585
10.641819477081299,217.59347534179688,-224.76242065429688,33.105098724365234,-0.29687824607205054,4.1249499261066545
10.652013063430786,217.59347534179688,-224.76242065429688,33.105098724365234,-0.29687824607205054,4.1249499261066545
10.662046909332275,217.59347534179688,-224.76242065429688,33.105098724365234,-0.29687824607205054,4.1249499261066545
10.671850204467773,217.67330932617188,-224.78672790527344,33.105262756347656,-0.2967972859749121,4.191049303585546
10.681901693344116,217.67330932617188,-224.78672790527344,33.105262756347656,-0.2967972859749121,4.191049303585546
10.691892147064209,217.67330932617188,-224.78672790527344,33.105262756347656,-0.2967972859749121,4.191049303585546
10.701953887939453,217.75445556640625,-224.81141662597656,33.10543441772461,-0.296716925089019,4.256574813346011
10.7120840549469,217.75445556640625,-224.81141662597656,33.10543441772461,-0.296716925089019,4.256574813346011
10.72212028503418,217.75445556640625,-224.81141662597656,33.10543441772461,-0.296716925089019,4.256574813346011
10.732341527938843,217.83680725097656,-224.8365020751953,33.10560607910156,-0.2966358984128533,4.321504098772922
10.742414236068726,217.83680725097656,-224.8365020751953,33.10560607910156,-0.2966358984128533,4.321504098772922
10.752132177352905,217.92042541503906,-224.86192321777344,33.10578536987305,-0.29654002461361045,4.3853876144957304
10.76249361038208,217.92042541503906,-224.86192321777344,33.10578536987305,-0.29654002461361045,4.3853876144957304
10.772838592529297,217.92042541503906,-224.86192321777344,33.10578536987305,-0.29654002461361045,4.3853876144957304
10.782050609588623,218.00523376464844,-224.8876953125,33.10596466064453,-0.2964329988273029,4.447917452718174
10.792134761810303,218.00523376464844,-224.8876953125,33.10596466064453,-0.2964329988273029,4.447917452718174
10.802631855010986,218.00523376464844,-224.8876953125,33.10596466064453,-0.2964329988273029,4.447917452718174
10.812111616134644,218.09120178222656,-224.913818359375,33.10614776611328,-0.2963200475075699,4.509086168036735
10.822052717208862,218.09120178222656,-224.913818359375,33.10614776611328,-0.2963200475075699,4.509086168036735
10.832258224487305,218.09120178222656,-224.913818359375,33.10614776611328,-0.2963200475075699,4.509086168036735
10.842271327972412,218.17835998535156,-224.9402618408203,33.10633087158203,-0.2962028351300928,4.568875026355601
10.85238242149353,218.17835998535156,-224.9402618408203,33.10633087158203,-0.2962028351300928,4.568875026355601
10.862087726593018,218.17835998535156,-224.9402618408203,33.10633087158203,-0.2962028351300928,4.568875026355601
10.872472524642944,218.26666259765625,-224.96707153320312,33.10651779174805,-0.2960841247245025,4.627555971339951
10.882086515426636,218.26666259765625,-224.96707153320312,33.10651779174805,-0.2960841247245025,4.627555971339951
10.89233684539795,218.26666259765625,-224.96707153320312,33.10651779174805,-0.2960841247245025,4.627555971339951
10.902010440826416,218.35604858398438,-224.99417114257812,33.10670471191406,-0.29596268457879493,4.6853435815549
10.912448167800903,218.35604858398438,-224.99417114257812,33.10670471191406,-0.29596268457879493,4.6853435815549
10.922065019607544,218.446533203125,-225.02159118652344,33.10689926147461,-0.295840112589624,4.742371725625628
10.932054281234741,218.446533203125,-225.02159118652344,33.10689926147461,-0.295840112589624,4.742371725625628
10.942049503326416,218.446533203125,-225.02159118652344,33.10689926147461,-0.295840112589624,4.742371725625628
10.952425241470337,218.53811645507812,-225.04933166503906,33.107093811035156,-0.29571604257233997,4.798802933567942
10.962180614471436,218.53811645507812,-225.04933166503906,33.107093811035156,-0.29571604257233997,4.798802933567942
10.972416877746582,218.53811645507812,-225.04933166503906,33.107093811035156,-0.29571604257233997,4.798802933567942
10.98213505744934,218.63079833984375,-225.07737731933594,33.1072883605957,-0.2955903413688882,4.854773976256447
10.992145776748657,218.63079833984375,-225.07737731933594,33.1072883605957,-0.2955903413688882,4.854773976256447
11.002198934555054,218.63079833984375,-225.07737731933594,33.1072883605957,-0.2955903413688882,4.854773976256447
11.012095212936401,218.7245330810547,-225.10574340820312,33.107486724853516,-0.29546357490100045,4.910694302307851
11.02208662033081,218.7245330810547,-225.10574340820312,33.107486724853516,-0.29546357490100045,4.910694302307851
11.032775640487671,218.7245330810547,-225.10574340820312,33.107486724853516,-0.29546357490100045,4.910694302307851
11.04254674911499,218.8193359375,-225.13441467285156,33.107688903808594,-0.29533524382597226,4.966920546030512
11.052772283554077,218.8193359375,-225.13441467285156,33.107688903808594,-0.29533524382597226,4.966920546030512
11.062869310379028,218.9152069091797,-225.16339111328125,33.10789108276367,-0.2952058141969944,5.0233604900665005
11.072924375534058,218.9152069091797,-225.16339111328125,33.10789108276367,-0.2952058141969944,5.0233604900665005
11.08290410041809,218.9152069091797,-225.16339111328125,33.10789108276367,-0.2952058141969944,5.0233604900665005
11.092730522155762,219.01220703125,-225.19268798828125,33.10823440551758,-0.2950753193035805,5.079823172626075
11.102686405181885,219.01220703125,-225.19268798828125,33.10823440551758,-0.2950753193035805,5.079823172626075
11.112298727035522,219.01220703125,-225.19268798828125,33.10823440551758,-0.2950753193035805,5.079823172626075
11.12247085571289,219.1102752685547,-225.2223358154297,33.108543395996094,-0.2949431932239989,5.136263488044877
11.132447957992554,219.1102752685547,-225.2223358154297,33.108543395996094,-0.2949431932239989,5.136263488044877
11.142746448516846,219.1102752685547,-225.2223358154297,33.108543395996094,-0.2949431932239989,5.136263488044877
11.152938842773438,219.20944213867188,-225.25230407714844,33.10882568359375,-0.294810567801713,5.193029258366384
11.162197351455688,219.20944213867188,-225.25230407714844,33.10882568359375,-0.294810567801713,5.193029258366384
11.172444343566895,219.20944213867188,-225.25230407714844,33.10882568359375,-0.294810567801713,5.193029258366384
11.183019638061523,219.3091583251953,-225.2823944091797,33.109092712402344,-0.2946827360693892,5.2131023576484194
11.192373275756836,219.3091583251953,-225.2823944091797,33.109092712402344,-0.2946827360693892,5.2131023576484194
11.202854871749878,219.3091583251953,-225.2823944091797,33.109092712402344,-0.2946827360693892,5.2131023576484194
11.212538957595825,219.40814208984375,-225.31228637695312,33.1093635559082,-0.2945506765688349,5.1772630062816765
11.222317218780518,219.40814208984375,-225.31228637695312,33.1093635559082,-0.2945506765688349,5.1772630062816765
11.23264765739441,219.50689697265625,-225.3420867919922,33.10962677001953,-0.2944147887742136,5.167334031333918
11.242400169372559,219.50689697265625,-225.3420867919922,33.10962677001953,-0.2944147887742136,5.167334031333918
11.252930164337158,219.50689697265625,-225.3420867919922,33.10962677001953,-0.2944147887742136,5.167334031333918
11.262295246124268,219.60546875,-225.37181091308594,33.109886169433594,-0.2942790674271604,5.15927663950371
11.27230191230774,219.60546875,-225.37181091308594,33.109886169433594,-0.2942790674271604,5.15927663950371
11.2821364402771,219.60546875,-225.37181091308594,33.109886169433594,-0.2942790674271604,5.15927663950371
11.292348384857178,219.7039794921875,-225.40151977539062,33.11013412475586,-0.2941436789752435,5.156699493412733
11.302257776260376,219.7039794921875,-225.40151977539062,33.11013412475586,-0.2941436789752435,5.156699493412733
11.3124361038208,219.7039794921875,-225.40151977539062,33.11013412475586,-0.2941436789752435,5.156699493412733
11.322655439376831,219.802490234375,-225.4312286376953,33.11037826538086,-0.29400842368138114,5.158902633872767
11.33216643333435,219.802490234375,-225.4312286376953,33.11037826538086,-0.29400842368138114,5.158902633872767
11.342263460159302,219.802490234375,-225.4312286376953,33.11037826538086,-0.29400842368138114,5.158902633872767
11.352694749832153,219.9011688232422,-225.46096801757812,33.11062240600586,-0.29387423365195475,5.165801463072353
11.361945152282715,219.9011688232422,-225.46096801757812,33.11062240600586,-0.29387423365195475,5.165801463072353
11.372920751571655,220.00003051757812,-225.49073791503906,33.110862731933594,-0.29373891177906514,5.176660630429396
11.382034301757812,220.00003051757812,-225.49073791503906,33.110862731933594,-0.29373891177906514,5.176660630429396
11.392340660095215,220.00003051757812,-225.49073791503906,33.110862731933594,-0.29373891177906514,5.176660630429396
11.402483463287354,220.09915161132812,-225.52053833007812,33.1110954284668,-0.2935903406797523,5.190880963865587
11.412093162536621,220.09915161132812,-225.52053833007812,33.1110954284668,-0.2935903406797523,5.190880963865587
11.422693729400635,220.09915161132812,-225.52053833007812,33.1110954284668,-0.2935903406797523,5.190880963865587
11.432569980621338,220.19859313964844,-225.55043029785156,33.111328125,-0.2934273885105531,5.206765270429331
11.442737817764282,220.19859313964844,-225.55043029785156,33.111328125,-0.2934273885105531,5.206765270429331
11.452239751815796,220.19859313964844,-225.55043029785156,33.111328125,-0.2934273885105531,5.206765270429331
11.462347745895386,220.29840087890625,-225.5803680419922,33.11156463623047,-0.2932419326301427,5.224611144078809
11.472126245498657,220.29840087890625,-225.5803680419922,33.11156463623047,-0.2932419326301427,5.224611144078809
11.48196816444397,220.29840087890625,-225.5803680419922,33.11156463623047,-0.2932419326301427,5.224611144078809
11.49274730682373,220.39852905273438,-225.61036682128906,33.11179733276367,-0.2930385004123743,5.242813512930818
11.502094984054565,220.39852905273438,-225.61036682128906,33.11179733276367,-0.2930385004123743,5.242813512930818
11.512315511703491,220.39852905273438,-225.61036682128906,33.11179733276367,-0.2930385004123743,5.242813512930818
11.522416353225708,220.49903869628906,-225.64044189453125,33.11203384399414,-0.29281852330633373,5.261451637931817
11.532218933105469,220.49903869628906,-225.64044189453125,33.11203384399414,-0.29281852330633373,5.261451637931817
11.542760372161865,220.59991455078125,-225.67059326171875,33.11227035522461,-0.2925879268454465,5.279457292495131
11.553034543991089,220.59991455078125,-225.67059326171875,33.11227035522461,-0.2925879268454465,5.279457292495131
11.56290578842163,220.59991455078125,-225.67059326171875,33.11227035522461,-0.2925879268454465,5.279457292495131
11.572765827178955,220.7011260986328,-225.70082092285156,33.112510681152344,-0.2923461451079809,5.296770268399087
11.582575798034668,220.7011260986328,-225.70082092285156,33.112510681152344,-0.2923461451079809,5.296770268399087
11.592577695846558,220.7011260986328,-225.70082092285156,33.112510681152344,-0.2923461451079809,5.296770268399087
11.602582454681396,220.80267333984375,-225.73109436035156,33.11274337768555,-0.2920973725726539,5.312600748393738
11.613031148910522,220.80267333984375,-225.73109436035156,33.11274337768555,-0.2920973725726539,5.312600748393738
11.622815370559692,220.80267333984375,-225.73109436035156,33.11274337768555,-0.2920973725726539,5.312600748393738
11.633755207061768,220.90451049804688,-225.76141357421875,33.11298370361328,-0.29184164252897904,5.326814754162251
11.642626285552979,220.90451049804688,-225.76141357421875,33.11298370361328,-0.29184164252897904,5.326814754162251
11.652837038040161,220.90451049804688,-225.76141357421875,33.11298370361328,-0.29184164252897904,5.326814754162251
11.662502765655518,221.006591796875,-225.79180908203125,33.113224029541016,-0.2915806860316649,5.338720455845659
11.672415018081665,221.006591796875,-225.79180908203125,33.113224029541016,-0.2915806860316649,5.338720455845659
11.682499408721924,221.10888671875,-225.8221893310547,33.11346435546875,-0.29131227268329857,5.348469706054067
11.692684412002563,221.10888671875,-225.8221893310547,33.11346435546875,-0.29131227268329857,5.348469706054067
11.702536582946777,221.10888671875,-225.8221893310547,33.11346435546875,-0.29131227268329857,5.348469706054067
11.712494373321533,221.2113494873047,-225.8526153564453,33.11370849609375,-0.2910384997232384,5.355917569365047
11.722559213638306,221.2113494873047,-225.8526153564453,33.11370849609375,-0.2910384997232384,5.355917569365047
11.732475757598877,221.2113494873047,-225.8526153564453,33.11370849609375,-0.2910384997232384,5.355917569365047
11.742449522018433,221.31390380859375,-225.88302612304688,33.11395263671875,-0.2907589010982937,5.3615242275839385
11.752495765686035,221.31390380859375,-225.88302612304688,33.11395263671875,-0.2907589010982937,5.3615242275839385
11.76235318183899,221.31390380859375,-225.88302612304688,33.11395263671875,-0.2907589010982937,5.3615242275839385
11.772606134414673,221.4165802001953,-225.91343688964844,33.114200592041016,-0.2904760401010137,5.3653403013097485
11.782509803771973,221.4165802001953,-225.91343688964844,33.114200592041016,-0.2904760401010137,5.3653403013097485
11.79249620437622,221.4165802001953,-225.91343688964844,33.114200592041016,-0.2904760401010137,5.3653403013097485
11.80246615409851,221.519287109375,-225.94381713867188,33.11444854736328,-0.2901905825216708,5.367558681403008
11.812398910522461,221.519287109375,-225.94381713867188,33.11444854736328,-0.2901905825216708,5.367558681403008
11.822482109069824,221.62203979492188,-225.9741973876953,33.11469268798828,-0.28990029796285216,5.368367051690432
11.832631587982178,221.62203979492188,-225.9741973876953,33.11469268798828,-0.28990029796285216,5.368367051690432
11.842556476593018,221.62203979492188,-225.9741973876953,33.11469268798828,-0.28990029796285216,5.368367051690432
11.852909803390503,221.72482299804688,-226.00450134277344,33.11493682861328,-0.2896062516889938,5.368148597813089
11.862497806549072,221.72482299804688,-226.00450134277344,33.11493682861328,-0.2896062516889938,5.368148597813089
11.872584342956543,221.72482299804688,-226.00450134277344,33.11493682861328,-0.2896062516889938,5.368148597813089
11.88243317604065,221.82757568359375,-226.03480529785156,33.11518859863281,-0.28930904291134096,5.367374733866546
11.89253044128418,221.82757568359375,-226.03480529785156,33.11518859863281,-0.28930904291134096,5.367374733866546
11.902505874633789,221.82757568359375,-226.03480529785156,33.11518859863281,-0.28930904291134096,5.367374733866546
11.912211894989014,221.9303436279297,-226.06504821777344,33.115447998046875,-0.28901020294752044,5.36629173493988
11.922234535217285,221.9303436279297,-226.06504821777344,33.115447998046875,-0.28901020294752044,5.36629173493988
11.932389497756958,221.9303436279297,-226.06504821777344,33.115447998046875,-0.28901020294752044,5.36629173493988
11.942513227462769,222.0330810546875,-226.09527587890625,33.115718841552734,-0.28870979837655947,5.36584695145277
11.952347993850708,222.0330810546875,-226.09527587890625,33.115718841552734,-0.28870979837655947,5.36584695145277
11.962317705154419,222.0330810546875,-226.09527587890625,33.115718841552734,-0.28870979837655947,5.36584695145277
11.972492933273315,222.13583374023438,-226.1254425048828,33.115989685058594,-0.2884089277524078,5.36595716296389
11.982214450836182,222.13583374023438,-226.1254425048828,33.115989685058594,-0.2884089277524078,5.36595716296389
11.992451906204224,222.2386016845703,-226.1555938720703,33.11627197265625,-0.2881074579170108,5.3678833592780295
12.002984285354614,222.2386016845703,-226.1555938720703,33.11627197265625,-0.2881074579170108,5.3678833592780295
12.012446403503418,222.2386016845703,-226.1555938720703,33.11627197265625,-0.2881074579170108,5.3678833592780295
12.022470235824585,222.34146118164062,-226.18576049804688,33.11655044555664,-0.28780538887036855,5.3717095421577605
12.032965898513794,222.34146118164062,-226.18576049804688,33.11655044555664,-0.28780538887036855,5.3717095421577605
12.042553186416626,222.34146118164062,-226.18576049804688,33.11655044555664,-0.28780538887036855,5.3717095421577605
12.052655458450317,222.44442749023438,-226.21591186523438,33.11683654785156,-0.2875028870600492,5.37752386004205
12.06253719329834,222.44442749023438,-226.21591186523438,33.11683654785156,-0.2875028870600492,5.37752386004205
12.072482109069824,222.44442749023438,-226.21591186523438,33.11683654785156,-0.2875028870600492,5.37752386004205
12.082560539245605,222.5475311279297,-226.24606323242188,33.11711883544922,-0.2872003519602162,5.384965583719282
12.092763185501099,222.5475311279297,-226.24606323242188,33.11711883544922,-0.2872003519602162,5.384965583719282
12.102498531341553,222.5475311279297,-226.24606323242188,33.11711883544922,-0.2872003519602162,5.384965583719282
12.112633466720581,222.65081787109375,-226.27622985839844,33.11740493774414,-0.2868967515959472,5.393231336744755
12.122210264205933,222.65081787109375,-226.27622985839844,33.11740493774414,-0.2868967515959472,5.393231336744755
12.13253927230835,222.75425720214844,-226.30642700195312,33.1176872253418,-0.2865931512316781,5.401289589290662
12.142327785491943,222.75425720214844,-226.30642700195312,33.1176872253418,-0.2865931512316781,5.401289589290662
12.152873516082764,222.75425720214844,-226.30642700195312,33.1176872253418,-0.2865931512316781,5.401289589290662
12.162503719329834,222.85787963867188,-226.33660888671875,33.11797332763672,-0.28628855218200033,5.409023942728164
12.17240023612976,222.85787963867188,-226.33660888671875,33.11797332763672,-0.28628855218200033,5.409023942728164
12.182308912277222,222.85787963867188,-226.33660888671875,33.11797332763672,-0.28628855218200033,5.409023942728164
12.192272663116455,222.96160888671875,-226.36680603027344,33.118255615234375,-0.285984885238704,5.416032497791596
12.202670335769653,222.96160888671875,-226.36680603027344,33.118255615234375,-0.285984885238704,5.416032497791596
12.212606430053711,222.96160888671875,-226.36680603027344,33.118255615234375,-0.285984885238704,5.416032497791596
12.223217964172363,223.06552124023438,-226.39700317382812,33.1185417175293,-0.2856797202672946,5.422126182463894
12.232874631881714,223.06552124023438,-226.39700317382812,33.1185417175293,-0.2856797202672946,5.422126182463894
12.242655277252197,223.06552124023438,-226.39700317382812,33.1185417175293,-0.2856797202672946,5.422126182463894
12.252533674240112,223.16952514648438,-226.4272003173828,33.11882781982422,-0.2853750213490759,5.427679439603421
12.262550354003906,223.16952514648438,-226.4272003173828,33.11882781982422,-0.2853750213490759,5.427679439603421
12.273199558258057,223.16952514648438,-226.4272003173828,33.11882781982422,-0.2853750213490759,5.427679439603421
12.282515287399292,223.27365112304688,-226.4573974609375,33.11911392211914,-0.2850687245342032,5.432674827870978
12.29282546043396,223.27365112304688,-226.4573974609375,33.11911392211914,-0.2850687245342032,5.432674827870978
12.302791118621826,223.3778533935547,-226.4875946044922,33.11940002441406,-0.28476352627328005,5.436904001894462
12.313061237335205,223.3778533935547,-226.4875946044922,33.11940002441406,-0.28476352627328005,5.436904001894462
12.322691917419434,223.3778533935547,-226.4875946044922,33.11940002441406,-0.28476352627328005,5.436904001894462
12.332549571990967,223.48214721679688,-226.51776123046875,33.11968231201172,-0.284457795380139,5.440669007195205
12.342565774917603,223.48214721679688,-226.51776123046875,33.11968231201172,-0.284457795380139,5.440669007195205
12.352802276611328,223.48214721679688,-226.51776123046875,33.11968231201172,-0.284457795380139,5.440669007195205
12.362830400466919,223.5865020751953,-226.54794311523438,33.11996841430664,-0.28415156514429346,5.4437925137679875
12.372550249099731,223.5865020751953,-226.54794311523438,33.11996841430664,-0.28415156514429346,5.4437925137679875
12.38252305984497,223.5865020751953,-226.54794311523438,33.11996841430664,-0.28415156514429346,5.4437925137679875
12.392486333847046,223.69091796875,-226.57809448242188,33.12025451660156,-0.2838458342511524,5.446377147682309
12.402482032775879,223.69091796875,-226.57809448242188,33.12025451660156,-0.2838458342511524,5.446377147682309
12.413132429122925,223.69091796875,-226.57809448242188,33.12025451660156,-0.2838458342511524,5.446377147682309
12.422495603561401,223.79537963867188,-226.6082305908203,33.120540618896484,-0.2835396040153069,5.448429463878951
12.43293309211731,223.79537963867188,-226.6082305908203,33.120540618896484,-0.2835396040153069,5.448429463878951
12.442689418792725,223.89990234375,-226.6383514404297,33.12082290649414,-0.28323280785772975,5.450015009613716
12.452739477157593,223.89990234375,-226.6383514404297,33.12082290649414,-0.28323280785772975,5.450015009613716
12.462594747543335,223.89990234375,-226.6383514404297,33.12082290649414,-0.28323280785772975,5.450015009613716
12.472816467285156,224.00445556640625,-226.66845703125,33.12110900878906,-0.28292704367507504,5.451197631227219
12.482693433761597,224.00445556640625,-226.66845703125,33.12110900878906,-0.28292704367507504,5.451197631227219
12.492844343185425,224.00445556640625,-226.66845703125,33.12110900878906,-0.28292704367507504,5.451197631227219
12.502563714981079,224.10902404785156,-226.69851684570312,33.12139892578125,-0.2826197148852799,5.451889588674048
12.512635231018066,224.10902404785156,-226.69851684570312,33.12139892578125,-0.2826197148852799,5.451889588674048
12.522607803344727,224.10902404785156,-226.69851684570312,33.12139892578125,-0.2826197148852799,5.451889588674048
12.53292179107666,224.213623046875,-226.72853088378906,33.121681213378906,-0.2823134513599208,5.452243025268901
12.542561054229736,224.213623046875,-226.72853088378906,33.121681213378906,-0.2823134513599208,5.452243025268901
12.553185939788818,224.213623046875,-226.72853088378906,33.121681213378906,-0.2823134513599208,5.452243025268901
12.562569618225098,224.31822204589844,-226.75852966308594,33.121971130371094,-0.2820066552023437,5.452158197427029
12.572723865509033,224.31822204589844,-226.75852966308594,33.121971130371094,-0.2820066552023437,5.452158197427029
12.58282470703125,224.4228057861328,-226.78851318359375,33.12225341796875,-0.28170042496649816,5.451700863108713
12.592616081237793,224.4228057861328,-226.78851318359375,33.12225341796875,-0.28170042496649816,5.451700863108713
12.60309648513794,224.4228057861328,-226.78851318359375,33.12225341796875,-0.28170042496649816,5.451700863108713
12.612726211547852,224.5274200439453,-226.81845092773438,33.12253952026367,-0.28139362880892105,5.4508562580567705
12.622614860534668,224.5274200439453,-226.81845092773438,33.12253952026367,-0.28139362880892105,5.4508562580567705
12.63266658782959,224.5274200439453,-226.81845092773438,33.12253952026367,-0.28139362880892105,5.4508562580567705
12.643370628356934,224.6320037841797,-226.84837341308594,33.12282180786133,-0.2810873985730756,5.449740317975467
12.652990579605103,224.6320037841797,-226.84837341308594,33.12282180786133,-0.2810873985730756,5.449740317975467
12.663140058517456,224.6320037841797,-226.84837341308594,33.12282180786133,-0.2810873985730756,5.449740317975467
12.673155784606934,224.736572265625,-226.87823486328125,33.12310791015625,-0.2807800364937668,5.448079267856598
12.682995796203613,224.736572265625,-226.87823486328125,33.12310791015625,-0.2807800364937668,5.448079267856598
12.693365335464478,224.84109497070312,-226.90806579589844,33.12339401245117,-0.28047373967889405,5.4457726542560225
12.70284366607666,224.84109497070312,-226.90806579589844,33.12339401245117,-0.28047373967889405,5.4457726542560225
12.713381290435791,224.84109497070312,-226.90806579589844,33.12339401245117,-0.28047373967889405,5.4457726542560225
12.723258256912231,224.94558715820312,-226.93780517578125,33.12367630004883,-0.2801675427325622,5.442826881931767
12.732805967330933,224.94558715820312,-226.93780517578125,33.12367630004883,-0.2801675427325622,5.442826881931767
12.74292254447937,224.94558715820312,-226.93780517578125,33.12367630004883,-0.2801675427325622,5.442826881931767
12.752521991729736,225.04998779296875,-226.96751403808594,33.12396240234375,-0.27986177854990746,5.438996048944142
12.762411117553711,225.04998779296875,-226.96751403808594,33.12396240234375,-0.27986177854990746,5.438996048944142
12.77303147315979,225.04998779296875,-226.96751403808594,33.12396240234375,-0.27986177854990746,5.438996048944142
12.78297758102417,225.15435791015625,-226.99717712402344,33.12424850463867,-0.2795560476567664,5.434312158726971
12.793413639068604,225.15435791015625,-226.99717712402344,33.12424850463867,-0.2795560476567664,5.434312158726971
12.803017377853394,225.15435791015625,-226.99717712402344,33.12424850463867,-0.2795560476567664,5.434312158726971
12.813231945037842,225.25860595703125,-227.0267791748047,33.124534606933594,-0.2792598708540359,5.428706272499095
12.822772026062012,225.25860595703125,-227.0267791748047,33.124534606933594,-0.2792598708540359,5.428706272499095
12.833410501480103,225.25860595703125,-227.0267791748047,33.124534606933594,-0.2792598708540359,5.428706272499095
12.842940330505371,225.3627471923828,-227.05630493164062,33.12481689453125,-0.27897434669566584,5.422060901787822
12.852835655212402,225.3627471923828,-227.05630493164062,33.12481689453125,-0.27897434669566584,5.422060901787822
12.862985849380493,225.3627471923828,-227.05630493164062,33.12481689453125,-0.27897434669566584,5.422060901787822
12.872901439666748,225.46673583984375,-227.0857696533203,33.125099182128906,-0.27869526405818235,5.414477650503627
12.883076190948486,225.46673583984375,-227.0857696533203,33.125099182128906,-0.27869526405818235,5.414477650503627
12.89340090751648,225.5706024169922,-227.1151885986328,33.12538146972656,-0.27842155767714943,5.405962382188518
12.903390884399414,225.5706024169922,-227.1151885986328,33.12538146972656,-0.27842155767714943,5.405962382188518
12.913048267364502,225.5706024169922,-227.1151885986328,33.12538146972656,-0.27842155767714943,5.405962382188518
12.92299222946167,225.67425537109375,-227.14454650878906,33.12566375732422,-0.27815093057612694,5.3965710305205645
12.932772874832153,225.67425537109375,-227.14454650878906,33.12566375732422,-0.27815093057612694,5.3965710305205645
12.94306230545044,225.67425537109375,-227.14454650878906,33.12566375732422,-0.27815093057612694,5.3965710305205645
12.953094959259033,225.77777099609375,-227.17379760742188,33.125946044921875,-0.2778830332152218,5.386529195863019
12.962803363800049,225.77777099609375,-227.17379760742188,33.125946044921875,-0.2778830332152218,5.386529195863019
12.973358869552612,225.77777099609375,-227.17379760742188,33.125946044921875,-0.2778830332152218,5.386529195863019
12.982813835144043,225.88107299804688,-227.20298767089844,33.12622833251953,-0.27761615118448224,5.375911758478448
12.99329948425293,225.88107299804688,-227.20298767089844,33.12622833251953,-0.27761615118448224,5.375911758478448
13.002835750579834,225.98416137695312,-227.23207092285156,33.12651062011719,-0.27735088369515354,5.364889534074547
13.01297926902771,225.98416137695312,-227.23207092285156,33.12651062011719,-0.27735088369515354,5.364889534074547
13.023413181304932,225.98416137695312,-227.23207092285156,33.12651062011719,-0.27735088369515354,5.364889534074547
13.033272504806519,226.08705139160156,-227.26104736328125,33.126792907714844,-0.27709259035892947,5.353596448046159
13.04348111152649,226.08705139160156,-227.26104736328125,33.126792907714844,-0.27709259035892947,5.353596448046159
13.05292272567749,226.08705139160156,-227.26104736328125,33.126792907714844,-0.27709259035892947,5.353596448046159
13.063884973526001,226.189697265625,-227.2899627685547,33.127071380615234,-0.27684230315073244,5.342352781048384
13.073444128036499,226.189697265625,-227.2899627685547,33.127071380615234,-0.27684230315073244,5.342352781048384
13.082890272140503,226.189697265625,-227.2899627685547,33.127071380615234,-0.27684230315073244,5.342352781048384
13.093451023101807,226.2921600341797,-227.31878662109375,33.127349853515625,-0.2765962270660091,5.331234871276598
13.102863550186157,226.2921600341797,-227.31878662109375,33.127349853515625,-0.2765962270660091,5.331234871276598
13.113596677780151,226.2921600341797,-227.31878662109375,33.127349853515625,-0.2765962270660091,5.331234871276598
13.123496770858765,226.39442443847656,-227.3475341796875,33.12762451171875,-0.27635391269632553,5.320278376760745
13.133082628250122,226.39442443847656,-227.3475341796875,33.12762451171875,-0.27635391269632553,5.320278376760745
13.142980813980103,226.49647521972656,-227.37620544433594,33.12790298461914,-0.27611312964426876,5.309422974401547
13.153076410293579,226.49647521972656,-227.37620544433594,33.12790298461914,-0.27611312964426876,5.309422974401547
13.163047075271606,226.49647521972656,-227.37620544433594,33.12790298461914,-0.27611312964426876,5.309422974401547
13.173107147216797,226.59835815429688,-227.40480041503906,33.128177642822266,-0.27587500975330204,5.29881187018128
13.183154106140137,226.59835815429688,-227.40480041503906,33.128177642822266,-0.27587500975330204,5.29881187018128
13.192962884902954,226.59835815429688,-227.40480041503906,33.128177642822266,-0.27587500975330204,5.29881187018128
13.202985048294067,226.7000274658203,-227.43331909179688,33.128456115722656,-0.2756369897308762,5.288447949638583
13.212957859039307,226.7000274658203,-227.43331909179688,33.128456115722656,-0.2756369897308762,5.288447949638583
13.222916841506958,226.7000274658203,-227.43331909179688,33.128456115722656,-0.2756369897308762,5.288447949638583
13.233235359191895,226.801513671875,-227.4617462158203,33.12873840332031,-0.27540204898846077,5.278321998808255
13.242985486984253,226.801513671875,-227.4617462158203,33.12873840332031,-0.27540204898846077,5.278321998808255
13.253066539764404,226.801513671875,-227.4617462158203,33.12873840332031,-0.27540204898846077,5.278321998808255
13.263106346130371,226.90280151367188,-227.4901123046875,33.129032135009766,-0.27516501100668694,5.268329417852948
13.273016929626465,226.90280151367188,-227.4901123046875,33.129032135009766,-0.27516501100668694,5.268329417852948
13.283087253570557,226.90280151367188,-227.4901123046875,33.129032135009766,-0.27516501100668694,5.268329417852948
13.293000936508179,227.00393676757812,-227.51841735839844,33.129329681396484,-0.2749306361860031,5.258830232565611
13.30304479598999,227.00393676757812,-227.51841735839844,33.129329681396484,-0.2749306361860031,5.258830232565611
13.313096046447754,227.10487365722656,-227.54661560058594,33.129634857177734,-0.27469526267991057,5.249674763381947
13.32313084602356,227.10487365722656,-227.54661560058594,33.129634857177734,-0.27469526267991057,5.249674763381947
13.333525896072388,227.10487365722656,-227.54661560058594,33.129634857177734,-0.27469526267991057,5.249674763381947
13.343050956726074,227.20565795898438,-227.57473754882812,33.12994384765625,-0.2744620030579332,5.240605926613926
13.353107690811157,227.20565795898438,-227.57473754882812,33.12994384765625,-0.2744620030579332,5.240605926613926
13.363227844238281,227.20565795898438,-227.57473754882812,33.12994384765625,-0.2744620030579332,5.240605926613926
13.373068571090698,227.30628967285156,-227.60281372070312,33.130252838134766,-0.27422814422471065,5.231640645936958
13.383429765701294,227.30628967285156,-227.60281372070312,33.130252838134766,-0.27422814422471065,5.231640645936958
13.393261671066284,227.30628967285156,-227.60281372070312,33.130252838134766,-0.27422814422471065,5.231640645936958
13.403676271438599,227.40670776367188,-227.6308135986328,33.13056182861328,-0.2739953506559241,5.222521374886803
13.41313123703003,227.40670776367188,-227.6308135986328,33.13056182861328,-0.2739953506559241,5.222521374886803
13.423234224319458,227.40670776367188,-227.6308135986328,33.13056182861328,-0.2739953506559241,5.222521374886803
13.434149742126465,227.5070037841797,-227.65875244140625,33.13087463378906,-0.27376262366616483,5.213369400133689
13.44321870803833,227.5070037841797,-227.65875244140625,33.13087463378906,-0.27376262366616483,5.213369400133689
13.453502416610718,227.6071014404297,-227.6865997314453,33.131187438964844,-0.27353034608483945,5.203908482802461
13.462831974029541,227.6071014404297,-227.6865997314453,33.131187438964844,-0.27353034608483945,5.203908482802461
13.473801374435425,227.6071014404297,-227.6865997314453,33.131187438964844,-0.27353034608483945,5.203908482802461
13.482807159423828,227.70704650878906,-227.71437072753906,33.13149642944336,-0.27329813508254136,5.194245578181419
13.492965698242188,227.70704650878906,-227.71437072753906,33.13149642944336,-0.27329813508254136,5.194245578181419
13.503043174743652,227.70704650878906,-227.71437072753906,33.13149642944336,-0.27329813508254136,5.194245578181419
13.513217687606812,227.80677795410156,-227.7420654296875,33.13180160522461,-0.27306703927894976,5.183963335493364
13.523223400115967,227.80677795410156,-227.7420654296875,33.13180160522461,-0.27306703927894976,5.183963335493364
13.53324842453003,227.80677795410156,-227.7420654296875,33.13180160522461,-0.27306703927894976,5.183963335493364
13.543243169784546,227.9063262939453,-227.76968383789062,33.13211441040039,-0.27283529432984244,5.173029234714585
13.55351972579956,227.9063262939453,-227.76968383789062,33.13211441040039,-0.27283529432984244,5.173029234714585
13.563513278961182,227.9063262939453,-227.76968383789062,33.13211441040039,-0.27283529432984244,5.173029234714585
13.573313236236572,228.005615234375,-227.79722595214844,33.13241958618164,-0.272604714513712,5.161487644120286
13.583116292953491,228.005615234375,-227.79722595214844,33.13241958618164,-0.272604714513712,5.161487644120286
13.59321403503418,228.005615234375,-227.79722595214844,33.13241958618164,-0.272604714513712,5.161487644120286
13.603492498397827,228.10472106933594,-227.8246612548828,33.132728576660156,-0.2723745841060155,5.149316164742424
13.613242387771606,228.10472106933594,-227.8246612548828,33.132728576660156,-0.2723745841060155,5.149316164742424
13.623096704483032,228.2035675048828,-227.8520050048828,33.133033752441406,-0.27214448698783267,5.136589765603683
13.633656740188599,228.2035675048828,-227.8520050048828,33.133033752441406,-0.27214448698783267,5.136589765603683
13.643447875976562,228.2035675048828,-227.8520050048828,33.133033752441406,-0.27214448698783267,5.136589765603683
13.653000354766846,228.3021697998047,-227.87925720214844,33.133338928222656,-0.27191542184457224,5.123342599834989
13.663127899169922,228.3021697998047,-227.87925720214844,33.133338928222656,-0.27191542184457224,5.123342599834989
13.672974824905396,228.3021697998047,-227.87925720214844,33.133338928222656,-0.27191542184457224,5.123342599834989
13.682931423187256,228.40052795410156,-227.9064178466797,33.133644104003906,-0.27168642328033904,5.1096119002694085
13.693031072616577,228.40052795410156,-227.9064178466797,33.133644104003906,-0.27168642328033904,5.1096119002694085
13.703099966049194,228.40052795410156,-227.9064178466797,33.133644104003906,-0.27168642328033904,5.1096119002694085
13.71334171295166,228.49859619140625,-227.93348693847656,33.13394546508789,-0.2714590059680031,5.095384967020357
13.723202466964722,228.49859619140625,-227.93348693847656,33.13394546508789,-0.2714590059680031,5.095384967020357
13.73338270187378,228.49859619140625,-227.93348693847656,33.13394546508789,-0.2714590059680031,5.095384967020357
13.742912292480469,228.59640502929688,-227.96047973632812,33.13425064086914,-0.27123842965071726,5.080647131127588
13.75335955619812,228.59640502929688,-227.96047973632812,33.13425064086914,-0.27123842965071726,5.080647131127588
13.763126850128174,228.69387817382812,-227.98739624023438,33.13454818725586,-0.2710637595727217,5.065555343209349
13.772947072982788,228.69387817382812,-227.98739624023438,33.13454818725586,-0.2710637595727217,5.065555343209349
13.783111095428467,228.69387817382812,-227.98739624023438,33.13454818725586,-0.2710637595727217,5.065555343209349
13.793298482894897,228.7910919189453,-228.01426696777344,33.134849548339844,-0.2709348625759619,5.0500229404236565
13.803141832351685,228.7910919189453,-228.01426696777344,33.134849548339844,-0.2709348625759619,5.0500229404236565
13.813031435012817,228.7910919189453,-228.01426696777344,33.134849548339844,-0.2709348625759619,5.0500229404236565
13.82295274734497,228.88796997070312,-228.0410919189453,33.13514709472656,-0.2708741591478649,5.034084057893326
13.83324408531189,228.88796997070312,-228.0410919189453,33.13514709472656,-0.2708741591478649,5.034084057893326
13.843130111694336,228.88796997070312,-228.0410919189453,33.13514709472656,-0.2708741591478649,5.034084057893326
13.853335857391357,228.98452758789062,-228.06788635253906,33.13544464111328,-0.2708741591478649,5.017908374685734
13.863227605819702,228.98452758789062,-228.06788635253906,33.13544464111328,-0.2708741591478649,5.017908374685734
13.87343955039978,228.98452758789062,-228.06788635253906,33.13544464111328,-0.2708741591478649,5.017908374685734
13.88321328163147,229.08119201660156,-228.0948028564453,33.135677337646484,-0.2709230947328951,5.049026472770808
13.89319396018982,229.08119201660156,-228.0948028564453,33.135677337646484,-0.2709230947328951,5.049026472770808
13.903255701065063,229.17933654785156,-228.12217712402344,33.135982513427734,-0.27102862249108944,5.115444391559548
13.913100481033325,229.17933654785156,-228.12217712402344,33.135982513427734,-0.27102862249108944,5.115444391559548
13.923560857772827,229.17933654785156,-228.12217712402344,33.135982513427734,-0.27102862249108944,5.115444391559548
13.933034420013428,229.27769470214844,-228.149658203125,33.136287689208984,-0.27117294917741497,5.109129706157939
13.94304633140564,229.27769470214844,-228.149658203125,33.136287689208984,-0.27117294917741497,5.109129706157939
13.953275442123413,229.27769470214844,-228.149658203125,33.136287689208984,-0.27117294917741497,5.109129706157939
13.963679790496826,229.375244140625,-228.17697143554688,33.136592864990234,-0.2713252819917675,5.070217289233951
13.97351861000061,229.375244140625,-228.17697143554688,33.136592864990234,-0.2713252819917675,5.070217289233951
13.983271837234497,229.375244140625,-228.17697143554688,33.136592864990234,-0.2713252819917675,5.070217289233951
13.99323296546936,229.47239685058594,-228.2041778564453,33.13690185546875,-0.27149201252076327,5.049206072311713
14.00325608253479,229.47239685058594,-228.2041778564453,33.13690185546875,-0.27149201252076327,5.049206072311713
14.013613939285278,229.47239685058594,-228.2041778564453,33.13690185546875,-0.27149201252076327,5.049206072311713
14.023056268692017,229.56906127929688,-228.2312774658203,33.13720703125,-0.2716640693719392,5.025119501431623
14.033302068710327,229.56906127929688,-228.2312774658203,33.13720703125,-0.2716640693719392,5.025119501431623
14.043746948242188,229.66566467285156,-228.2583770751953,33.137451171875,-0.27183767418549876,5.043279688643081
14.053060054779053,229.66566467285156,-228.2583770751953,33.137451171875,-0.27183767418549876,5.043279688643081
14.0633225440979,229.66566467285156,-228.2583770751953,33.137451171875,-0.27183767418549876,5.043279688643081
14.073302745819092,229.763427734375,-228.28582763671875,33.13778305053711,-0.27201826979691973,5.0993436664049705
14.0831937789917,229.763427734375,-228.28582763671875,33.13778305053711,-0.27201826979691973,5.0993436664049705
14.093036651611328,229.763427734375,-228.28582763671875,33.13778305053711,-0.27201826979691973,5.0993436664049705
14.103080987930298,229.86111450195312,-228.31329345703125,33.13812255859375,-0.2722131798991999,5.076415578146147
14.113120079040527,229.86111450195312,-228.31329345703125,33.13812255859375,-0.2722131798991999,5.076415578146147
14.122988939285278,229.86111450195312,-228.31329345703125,33.13812255859375,-0.2722131798991999,5.076415578146147
14.133432626724243,229.95797729492188,-228.34054565429688,33.13847351074219,-0.27239380880013453,5.036098133310365
14.143058776855469,229.95797729492188,-228.34054565429688,33.13847351074219,-0.27239380880013453,5.036098133310365
14.153399467468262,229.95797729492188,-228.34054565429688,33.13847351074219,-0.27239380880013453,5.036098133310365
14.163276195526123,230.0543670654297,-228.36767578125,33.13882064819336,-0.2725786155350292,5.012958216756335
14.173254251480103,230.0543670654297,-228.36767578125,33.13882064819336,-0.2725786155350292,5.012958216756335
14.18383002281189,230.150634765625,-228.39480590820312,33.13909912109375,-0.27275966055488415,5.0278587718578835
14.193171977996826,230.150634765625,-228.39480590820312,33.13909912109375,-0.27275966055488415,5.0278587718578835
14.203332424163818,230.150634765625,-228.39480590820312,33.13909912109375,-0.27275966055488415,5.0278587718578835
14.213344812393188,230.2481231689453,-228.42230224609375,33.13945770263672,-0.2729449999219969,5.088641428791407
14.22309136390686,230.2481231689453,-228.42230224609375,33.13945770263672,-0.2729449999219969,5.088641428791407
14.233825445175171,230.2481231689453,-228.42230224609375,33.13945770263672,-0.2729449999219969,5.088641428791407
14.243744611740112,230.34559631347656,-228.44981384277344,33.13981246948242,-0.2731383287723798,5.070134818243321
14.253598690032959,230.34559631347656,-228.44981384277344,33.13981246948242,-0.2731383287723798,5.070134818243321
14.263201236724854,230.34559631347656,-228.44981384277344,33.13981246948242,-0.2731383287723798,5.070134818243321
14.274127960205078,230.44232177734375,-228.47714233398438,33.140167236328125,-0.27332155425537724,5.033234643271542
14.283116817474365,230.44232177734375,-228.47714233398438,33.140167236328125,-0.27332155425537724,5.033234643271542
14.29342794418335,230.44232177734375,-228.47714233398438,33.140167236328125,-0.27332155425537724,5.033234643271542
14.304348468780518,230.53875732421875,-228.50436401367188,33.14051818847656,-0.27350641092454236,5.017284830473729
14.313564538955688,230.53875732421875,-228.50436401367188,33.14051818847656,-0.27350641092454236,5.017284830473729
14.323800325393677,230.63534545898438,-228.5316925048828,33.14080047607422,-0.2736895864732694,5.051793959437929
14.333818197250366,230.63534545898438,-228.5316925048828,33.14080047607422,-0.2736895864732694,5.051793959437929
14.343878984451294,230.63534545898438,-228.5316925048828,33.14080047607422,-0.2736895864732694,5.051793959437929
14.353366613388062,230.73362731933594,-228.55950927734375,33.14115524291992,-0.27387763893574263,5.131340609136901
14.36328125,230.73362731933594,-228.55950927734375,33.14115524291992,-0.27387763893574263,5.131340609136901
14.37336254119873,230.73362731933594,-228.55950927734375,33.14115524291992,-0.27387763893574263,5.131340609136901
14.38363265991211,230.83255004882812,-228.58755493164062,33.14150619506836,-0.2740710010756392,5.1505545395967145
14.393520593643188,230.83255004882812,-228.58755493164062,33.14150619506836,-0.2740710010756392,5.1505545395967145
14.40373420715332,230.83255004882812,-228.58755493164062,33.14150619506836,-0.2740710010756392,5.1505545395967145
14.413901805877686,230.93084716796875,-228.61538696289062,33.14186096191406,-0.27425850426113757,5.116188373596971
14.423519134521484,230.93084716796875,-228.61538696289062,33.14186096191406,-0.27425850426113757,5.116188373596971
14.434017896652222,230.93084716796875,-228.61538696289062,33.14186096191406,-0.27425850426113757,5.116188373596971
14.444056272506714,231.02896118164062,-228.64320373535156,33.142215728759766,-0.2744465567236108,5.107653105873461
14.45382308959961,231.02896118164062,-228.64320373535156,33.142215728759766,-0.2744465567236108,5.107653105873461
14.464123010635376,231.02896118164062,-228.64320373535156,33.142215728759766,-0.2744465567236108,5.107653105873461
14.473454236984253,231.12689208984375,-228.6709747314453,33.1425666809082,-0.2746281510204406,5.099039038421443
14.483305931091309,231.12689208984375,-228.6709747314453,33.1425666809082,-0.2746281510204406,5.099039038421443
14.49406361579895,231.2246856689453,-228.69873046875,33.14291763305664,-0.27480338702016777,5.094019375966519
14.503723859786987,231.2246856689453,-228.69873046875,33.14291763305664,-0.27480338702016777,5.094019375966519
14.513495683670044,231.2246856689453,-228.69873046875,33.14291763305664,-0.27480338702016777,5.094019375966519
14.523488998413086,231.32241821289062,-228.7264862060547,33.14326095581055,-0.27497382932993286,5.091999778328045
14.53333044052124,231.32241821289062,-228.7264862060547,33.14326095581055,-0.27497382932993286,5.091999778328045
14.543725728988647,231.32241821289062,-228.7264862060547,33.14326095581055,-0.27497382932993286,5.091999778328045
14.553576231002808,231.42015075683594,-228.7542266845703,33.14360427856445,-0.27514214111082586,5.092730160190497
14.563573360443115,231.42015075683594,-228.7542266845703,33.14360427856445,-0.27514214111082586,5.092730160190497
14.57352328300476,231.42015075683594,-228.7542266845703,33.14360427856445,-0.27514214111082586,5.092730160190497
14.583831310272217,231.5179443359375,-228.78204345703125,33.14394760131836,-0.27530775644111516,5.095926343333918
14.593748569488525,231.5179443359375,-228.78204345703125,33.14394760131836,-0.27530775644111516,5.095926343333918
14.603658437728882,231.5179443359375,-228.78204345703125,33.14394760131836,-0.27530775644111516,5.095926343333918
14.613402843475342,231.61582946777344,-228.80987548828125,33.144287109375,-0.2754734050609181,5.101055626191552
14.62360692024231,231.61582946777344,-228.80987548828125,33.144287109375,-0.2754734050609181,5.101055626191552
14.633909702301025,231.61582946777344,-228.80987548828125,33.144287109375,-0.2754734050609181,5.101055626191552
14.643529415130615,231.71383666992188,-228.83775329589844,33.14462661743164,-0.2756385376932598,5.107930290720288
14.653185367584229,231.71383666992188,-228.83775329589844,33.14462661743164,-0.2756385376932598,5.107930290720288
14.663788080215454,231.8119659423828,-228.86569213867188,33.14496612548828,-0.27580313769338355,5.115222285526146
14.673826932907104,231.8119659423828,-228.86569213867188,33.14496612548828,-0.27580313769338355,5.115222285526146
14.683366775512695,231.8119659423828,-228.86569213867188,33.14496612548828,-0.27580313769338355,5.115222285526146
14.69319486618042,231.9102325439453,-228.89370727539062,33.14530563354492,-0.2759671884165324,5.122769978396141
14.703349351882935,231.9102325439453,-228.89370727539062,33.14530563354492,-0.2759671884165324,5.122769978396141
14.713363409042358,231.9102325439453,-228.89370727539062,33.14530563354492,-0.2759671884165324,5.122769978396141
14.723352193832397,232.0086669921875,-228.92176818847656,33.14564514160156,-0.2761312224949245,5.130252627235995
14.733234882354736,232.0086669921875,-228.92176818847656,33.14564514160156,-0.2761312224949245,5.130252627235995
14.743438005447388,232.0086669921875,-228.92176818847656,33.14564514160156,-0.2761312224949245,5.130252627235995
14.753533124923706,232.1072235107422,-228.9498748779297,33.1459846496582,-0.2762963551272662,5.137665945649285
14.763384342193604,232.1072235107422,-228.9498748779297,33.1459846496582,-0.2762963551272662,5.137665945649285
14.773731470108032,232.1072235107422,-228.9498748779297,33.1459846496582,-0.2762963551272662,5.137665945649285
14.783572673797607,232.2059326171875,-228.97805786132812,33.14632797241211,-0.27646035591614465,5.144883752489157
14.793478965759277,232.2059326171875,-228.97805786132812,33.14632797241211,-0.27646035591614465,5.144883752489157
14.803581476211548,232.3047637939453,-229.00628662109375,33.14666748046875,-0.276625521838,5.151870650507483
14.813334465026855,232.3047637939453,-229.00628662109375,33.14666748046875,-0.276625521838,5.151870650507483
14.823533058166504,232.3047637939453,-229.00628662109375,33.14666748046875,-0.276625521838,5.151870650507483
14.833518028259277,232.40370178222656,-229.03456115722656,33.14700698852539,-0.27679807803188033,5.158827256109383
14.843327045440674,232.40370178222656,-229.03456115722656,33.14700698852539,-0.27679807803188033,5.158827256109383
14.853795528411865,232.40370178222656,-229.03456115722656,33.14700698852539,-0.27679807803188033,5.158827256109383
14.863348960876465,232.5027618408203,-229.0629119873047,33.1473503112793,-0.2769791563412489,5.165554774531426
14.873515367507935,232.5027618408203,-229.0629119873047,33.1473503112793,-0.2769791563412489,5.165554774531426
14.8832848072052,232.5027618408203,-229.0629119873047,33.1473503112793,-0.2769791563412489,5.165554774531426
14.893562078475952,232.6019744873047,-229.09133911132812,33.1476936340332,-0.2771804746749021,5.17220124052606
14.903622150421143,232.6019744873047,-229.09133911132812,33.1476936340332,-0.2771804746749021,5.17220124052606
14.913552045822144,232.6019744873047,-229.09133911132812,33.1476936340332,-0.2771804746749021,5.17220124052606
14.924175262451172,232.70126342773438,-229.11984252929688,33.14803695678711,-0.27740476277295717,5.178603890931068
14.933933734893799,232.70126342773438,-229.11984252929688,33.14803695678711,-0.27740476277295717,5.178603890931068
14.943701267242432,232.80067443847656,-229.14840698242188,33.148380279541016,-0.2776433986513851,5.184888375384795
14.953447818756104,232.80067443847656,-229.14840698242188,33.148380279541016,-0.2776433986513851,5.184888375384795
14.963321924209595,232.80067443847656,-229.14840698242188,33.148380279541016,-0.2776433986513851,5.184888375384795
14.973445177078247,232.9001922607422,-229.17706298828125,33.14872360229492,-0.27789478441353177,5.190995115960734
14.983559370040894,232.9001922607422,-229.17706298828125,33.14872360229492,-0.27789478441353177,5.190995115960734
14.99331259727478,232.9001922607422,-229.17706298828125,33.14872360229492,-0.27789478441353177,5.190995115960734
15.003577947616577,232.99981689453125,-229.20579528808594,33.149070739746094,-0.2781579047292316,5.1969539688110675
15.013858079910278,232.99981689453125,-229.20579528808594,33.149070739746094,-0.2781579047292316,5.1969539688110675
15.023445129394531,232.99981689453125,-229.20579528808594,33.149070739746094,-0.2781579047292316,5.1969539688110675
15.033756732940674,233.0995635986328,-229.23458862304688,33.149417877197266,-0.27842735005252034,5.202846478301678
15.04366421699524,233.0995635986328,-229.23458862304688,33.149417877197266,-0.27842735005252034,5.202846478301678
15.053701639175415,233.0995635986328,-229.23458862304688,33.149417877197266,-0.27842735005252034,5.202846478301678
15.063536167144775,233.1993865966797,-229.26341247558594,33.14976501464844,-0.27870167228955534,5.208578521946474
15.073661088943481,233.1993865966797,-229.26341247558594,33.14976501464844,-0.27870167228955534,5.208578521946474
15.08348298072815,233.1993865966797,-229.26341247558594,33.14976501464844,-0.27870167228955534,5.208578521946474
15.093536615371704,233.29931640625,-229.2923126220703,33.15011215209961,-0.27898030551860487,5.214214228043427
15.104192733764648,233.29931640625,-229.2923126220703,33.15011215209961,-0.27898030551860487,5.214214228043427
15.113441228866577,233.39935302734375,-229.32130432128906,33.15045928955078,-0.2792641652012937,5.219745866281364
15.12350082397461,233.39935302734375,-229.32130432128906,33.15045928955078,-0.2792641652012937,5.219745866281364
15.13368010520935,233.39935302734375,-229.32130432128906,33.15045928955078,-0.2792641652012937,5.219745866281364
15.143407583236694,233.4994659423828,-229.35032653808594,33.15080642700195,-0.27955395041740794,5.2252601631173485
15.153706789016724,233.4994659423828,-229.35032653808594,33.15080642700195,-0.27955395041740794,5.2252601631173485
15.163435220718384,233.4994659423828,-229.35032653808594,33.15080642700195,-0.27955395041740794,5.2252601631173485
15.173455715179443,233.5996856689453,-229.37942504882812,33.151153564453125,-0.27985219116998317,5.230597291018999
15.18368673324585,233.5996856689453,-229.37942504882812,33.151153564453125,-0.27985219116998317,5.230597291018999
15.193584442138672,233.5996856689453,-229.37942504882812,33.151153564453125,-0.27985219116998317,5.230597291018999
15.203871488571167,233.6999969482422,-229.4086151123047,33.15150451660156,-0.28015579153425224,5.235861591433566
15.213614463806152,233.6999969482422,-229.4086151123047,33.15150451660156,-0.28015579153425224,5.235861591433566
15.223612785339355,233.6999969482422,-229.4086151123047,33.15150451660156,-0.28015579153425224,5.235861591433566
15.233763933181763,233.80038452148438,-229.43785095214844,33.151851654052734,-0.2804647182207014,5.241049797674417
15.243468046188354,233.80038452148438,-229.43785095214844,33.151851654052734,-0.2804647182207014,5.241049797674417
15.254149198532104,233.90089416503906,-229.46714782714844,33.15220260620117,-0.2807758087255363,5.245770783938179
15.263468503952026,233.90089416503906,-229.46714782714844,33.15220260620117,-0.2807758087255363,5.245770783938179
15.273730754852295,233.90089416503906,-229.46714782714844,33.15220260620117,-0.2807758087255363,5.245770783938179
15.283524513244629,234.00146484375,-229.4965057373047,33.15254592895508,-0.2810879312052936,5.250300734239934
15.293785572052002,234.00146484375,-229.4965057373047,33.15254592895508,-0.2810879312052936,5.250300734239934
15.303527593612671,234.00146484375,-229.4965057373047,33.15254592895508,-0.2810879312052936,5.250300734239934
15.313934803009033,234.1020965576172,-229.52589416503906,33.15288162231445,-0.2814016182921913,5.255253479490463
15.323500156402588,234.1020965576172,-229.52589416503906,33.15288162231445,-0.2814016182921913,5.255253479490463
15.333609819412231,234.1020965576172,-229.52589416503906,33.15288162231445,-0.2814016182921913,5.255253479490463
15.343597650527954,234.20278930664062,-229.55535888671875,33.1531982421875,-0.2817148060363846,5.258156634207184
15.353700637817383,234.20278930664062,-229.55535888671875,33.1531982421875,-0.2817148060363846,5.258156634207184
15.363915920257568,234.20278930664062,-229.55535888671875,33.1531982421875,-0.2817148060363846,5.258156634207184
15.373474836349487,234.30357360839844,-229.5848846435547,33.15349197387695,-0.2820343520776805,5.263194022020842
15.383766412734985,234.30357360839844,-229.5848846435547,33.15349197387695,-0.2820343520776805,5.263194022020842
15.393761396408081,234.40438842773438,-229.61444091796875,33.15375900268555,-0.2823497036402595,5.266804573472035
15.403650760650635,234.40438842773438,-229.61444091796875,33.15375900268555,-0.2823497036402595,5.266804573472035
15.414108037948608,234.40438842773438,-229.61444091796875,33.15375900268555,-0.2823497036402595,5.266804573472035
15.424411058425903,234.5052490234375,-229.64405822753906,33.15401077270508,-0.28266765178490133,5.2702178701732105
15.433709383010864,234.5052490234375,-229.64405822753906,33.15401077270508,-0.28266765178490133,5.2702178701732105
15.443825244903564,234.5052490234375,-229.64405822753906,33.15401077270508,-0.28266765178490133,5.2702178701732105
15.453611373901367,234.60617065429688,-229.6737518310547,33.15425109863281,-0.2829840686119164,5.273230125278916
15.463562726974487,234.60617065429688,-229.6737518310547,33.15425109863281,-0.2829840686119164,5.273230125278916
15.47351622581482,234.60617065429688,-229.6737518310547,33.15425109863281,-0.2829840686119164,5.273230125278916
15.483747959136963,234.70712280273438,-229.7034454345703,33.15448760986328,-0.2833020167565582,5.27594879055015
15.493644952774048,234.70712280273438,-229.7034454345703,33.15448760986328,-0.2833020167565582,5.27594879055015
15.50374150276184,234.70712280273438,-229.7034454345703,33.15448760986328,-0.2833020167565582,5.27594879055015
15.513651132583618,234.80813598632812,-229.73321533203125,33.15471267700195,-0.283618899636764,5.278961203247584
15.523472309112549,234.80813598632812,-229.73321533203125,33.15471267700195,-0.283618899636764,5.278961203247584
15.533634662628174,234.9091796875,-229.7630157470703,33.15494155883789,-0.2839369476499467,5.281911516937771
15.543638706207275,234.9091796875,-229.7630157470703,33.15494155883789,-0.2839369476499467,5.281911516937771
15.554523229598999,234.9091796875,-229.7630157470703,33.15494155883789,-0.2839369476499467,5.281911516937771
15.56358003616333,235.0102996826172,-229.79290771484375,33.15516662597656,-0.28425439645188416,5.286219857198778
15.574032068252563,235.0102996826172,-229.79290771484375,33.15516662597656,-0.28425439645188416,5.286219857198778
15.583747863769531,235.0102996826172,-229.79290771484375,33.15516662597656,-0.28425439645188416,5.286219857198778
15.593664169311523,235.11151123046875,-229.8228302001953,33.155391693115234,-0.284573409860962,5.291624885487518
15.60370922088623,235.11151123046875,-229.8228302001953,33.155391693115234,-0.284573409860962,5.291624885487518
15.613719940185547,235.11151123046875,-229.8228302001953,33.155391693115234,-0.284573409860962,5.291624885487518
15.623949766159058,235.21282958984375,-229.85281372070312,33.15561294555664,-0.28489199050636277,5.298668054641751
15.633744478225708,235.21282958984375,-229.85281372070312,33.15561294555664,-0.28489199050636277,5.298668054641751
15.643800020217896,235.21282958984375,-229.85281372070312,33.15561294555664,-0.28489199050636277,5.298668054641751
15.653806924819946,235.3143310546875,-229.8828887939453,33.15584182739258,-0.2852109373364134,5.309313340335921
15.663756370544434,235.3143310546875,-229.8828887939453,33.15584182739258,-0.2852109373364134,5.309313340335921
15.67380142211914,235.3143310546875,-229.8828887939453,33.15584182739258,-0.2852109373364134,5.309313340335921
15.68363070487976,235.41610717773438,-229.91310119628906,33.15606689453125,-0.2855305499567365,5.324987617624793
15.694291830062866,235.41610717773438,-229.91310119628906,33.15606689453125,-0.2855305499567365,5.324987617624793
15.703913450241089,235.51821899414062,-229.9434356689453,33.156288146972656,-0.2858517271842001,5.34471832700182
15.713622570037842,235.51821899414062,-229.9434356689453,33.156288146972656,-0.2858517271842001,5.34471832700182
15.723654985427856,235.51821899414062,-229.9434356689453,33.156288146972656,-0.2858517271842001,5.34471832700182
15.733752965927124,235.6207733154297,-229.97393798828125,33.156517028808594,-0.28617290441166365,5.368565116065237
15.743513345718384,235.6207733154297,-229.97393798828125,33.156517028808594,-0.28617290441166365,5.368565116065237
15.753730773925781,235.6207733154297,-229.97393798828125,33.156517028808594,-0.28617290441166365,5.368565116065237
15.763876914978027,235.72381591796875,-230.00462341308594,33.15674591064453,-0.28649621216799925,5.395795351435101
15.773882627487183,235.72381591796875,-230.00462341308594,33.15674591064453,-0.28649621216799925,5.395795351435101
15.78386378288269,235.72381591796875,-230.00462341308594,33.15674591064453,-0.28649621216799925,5.395795351435101
15.793830156326294,235.8274383544922,-230.0355224609375,33.15697479248047,-0.28682115111050255,5.426258370699903
15.8037588596344,235.8274383544922,-230.0355224609375,33.15697479248047,-0.28682115111050255,5.426258370699903
15.813974142074585,235.93167114257812,-230.06663513183594,33.15720748901367,-0.287147055448901,5.4595136367516295
15.824217319488525,235.93167114257812,-230.06663513183594,33.15720748901367,-0.287147055448901,5.4595136367516295
15.834188222885132,235.93167114257812,-230.06663513183594,33.15720748901367,-0.287147055448901,5.4595136367516295
15.843840599060059,236.03656005859375,-230.0979766845703,33.157447814941406,-0.28747672150233916,5.496519607223819
15.854355096817017,236.03656005859375,-230.0979766845703,33.157447814941406,-0.28747672150233916,5.496519607223819
15.863924026489258,236.03656005859375,-230.0979766845703,33.157447814941406,-0.28747672150233916,5.496519607223819
15.873941421508789,236.1421661376953,-230.12954711914062,33.15766525268555,-0.2878101825603307,5.532454413357943
15.883796453475952,236.1421661376953,-230.12954711914062,33.15766525268555,-0.2878101825603307,5.532454413357943
15.894043445587158,236.1421661376953,-230.12954711914062,33.15766525268555,-0.2878101825603307,5.532454413357943
15.90399956703186,236.24853515625,-230.16140747070312,33.1578369140625,-0.288134588870616,5.575479832519925
15.913726091384888,236.24853515625,-230.16140747070312,33.1578369140625,-0.288134588870616,5.575479832519925
15.923903942108154,236.24853515625,-230.16140747070312,33.1578369140625,-0.288134588870616,5.575479832519925
15.934149026870728,236.35568237304688,-230.1935272216797,33.157981872558594,-0.2884749075684145,5.616822820788611
15.943641901016235,236.35568237304688,-230.1935272216797,33.157981872558594,-0.2884749075684145,5.616822820788611
15.95400857925415,236.463623046875,-230.22593688964844,33.158103942871094,-0.2888035749364439,5.660810700538594
15.964074611663818,236.463623046875,-230.22593688964844,33.158103942871094,-0.2888035749364439,5.660810700538594
15.973762512207031,236.463623046875,-230.22593688964844,33.158103942871094,-0.2888035749364439,5.660810700538594
15.983737468719482,236.57241821289062,-230.25865173339844,33.15821075439453,-0.2891497858781542,5.705437267057231
15.99361801147461,236.57241821289062,-230.25865173339844,33.15821075439453,-0.2891497858781542,5.705437267057231
16.003913402557373,236.57241821289062,-230.25865173339844,33.15821075439453,-0.2891497858781542,5.705437267057231
16.013757467269897,236.68206787109375,-230.29164123535156,33.1583137512207,-0.2894826810144141,5.751256734312146
16.02393126487732,236.68206787109375,-230.29164123535156,33.1583137512207,-0.2894826810144141,5.751256734312146
16.03393793106079,236.68206787109375,-230.29164123535156,33.1583137512207,-0.2894826810144141,5.751256734312146
16.04367971420288,236.79257202148438,-230.32493591308594,33.15841293334961,-0.28983521696371334,5.797960009908472
16.053966760635376,236.79257202148438,-230.32493591308594,33.15841293334961,-0.28983521696371334,5.797960009908472
16.06371235847473,236.79257202148438,-230.32493591308594,33.15841293334961,-0.28983521696371334,5.797960009908472
16.073930263519287,236.9039764404297,-230.3585662841797,33.15849304199219,-0.2901719071045266,5.845810385835033
16.08397364616394,236.9039764404297,-230.3585662841797,33.15849304199219,-0.2901719071045266,5.845810385835033
16.09371328353882,236.9039764404297,-230.3585662841797,33.15849304199219,-0.2901719071045266,5.845810385835033
16.10433006286621,237.01632690429688,-230.3925018310547,33.1585693359375,-0.2905314005621737,5.893551091765915
16.114110231399536,237.01632690429688,-230.3925018310547,33.1585693359375,-0.2905314005621737,5.893551091765915
16.123843908309937,237.12960815429688,-230.42672729492188,33.15860366821289,-0.2908707205745634,5.9443221146962015
16.133864641189575,237.12960815429688,-230.42672729492188,33.15860366821289,-0.2908707205745634,5.9443221146962015
16.143896341323853,237.12960815429688,-230.42672729492188,33.15860366821289,-0.2908707205745634,5.9443221146962015
16.154349327087402,237.24383544921875,-230.46131896972656,33.15859603881836,-0.29123980141213474,5.992838461409149
16.163731336593628,237.24383544921875,-230.46131896972656,33.15859603881836,-0.29123980141213474,5.992838461409149
16.17417335510254,237.24383544921875,-230.46131896972656,33.15859603881836,-0.29123980141213474,5.992838461409149
16.1842041015625,237.35899353027344,-230.49624633789062,33.1585693359375,-0.2915828498500506,6.042717014919633
16.194485902786255,237.35899353027344,-230.49624633789062,33.1585693359375,-0.2915828498500506,6.042717014919633
16.20463466644287,237.35899353027344,-230.49624633789062,33.1585693359375,-0.2915828498500506,6.042717014919633
16.214381456375122,237.47511291503906,-230.531494140625,33.158538818359375,-0.2919578229315338,6.092447709848545
16.223769903182983,237.47511291503906,-230.531494140625,33.158538818359375,-0.2919578229315338,6.092447709848545
16.234532356262207,237.47511291503906,-230.531494140625,33.158538818359375,-0.2919578229315338,6.092447709848545
16.24421763420105,237.59217834472656,-230.56707763671875,33.15849685668945,-0.29230556519087086,6.142802215057864
16.253785371780396,237.59217834472656,-230.56707763671875,33.15849685668945,-0.29230556519087086,6.142802215057864
16.263984441757202,237.59217834472656,-230.56707763671875,33.15849685668945,-0.29230556519087086,6.142802215057864
16.274009943008423,237.71018981933594,-230.60299682617188,33.15845489501953,-0.2926864305162658,6.193241707131452
16.284537315368652,237.71018981933594,-230.60299682617188,33.15845489501953,-0.2926864305162658,6.193241707131452
16.294294357299805,237.82919311523438,-230.63925170898438,33.15841293334961,-0.2930406309412463,6.243934312508391
16.304185152053833,237.82919311523438,-230.63925170898438,33.15841293334961,-0.2930406309412463,6.243934312508391
16.31389832496643,237.82919311523438,-230.63925170898438,33.15841293334961,-0.2930406309412463,6.243934312508391
16.323954105377197,237.94911193847656,-230.67584228515625,33.15837097167969,-0.2934262566670898,6.294689335596613
16.3350830078125,237.94911193847656,-230.67584228515625,33.15837097167969,-0.2934262566670898,6.294689335596613
16.343711614608765,237.94911193847656,-230.67584228515625,33.15837097167969,-0.2934262566670898,6.294689335596613
16.354302167892456,238.07000732421875,-230.71278381347656,33.158329010009766,-0.29378634933598213,6.345609111644287
16.364173412322998,238.07000732421875,-230.71278381347656,33.158329010009766,-0.29378634933598213,6.345609111644287
16.37377691268921,238.07000732421875,-230.71278381347656,33.158329010009766,-0.29378634933598213,6.345609111644287
16.38411831855774,238.19186401367188,-230.7500762939453,33.158287048339844,-0.2941761695405425,6.3966294957275025
16.394234657287598,238.19186401367188,-230.7500762939453,33.158287048339844,-0.2941761695405425,6.3966294957275025
16.404441833496094,238.19186401367188,-230.7500762939453,33.158287048339844,-0.2941761695405425,6.3966294957275025
16.41434097290039,238.31468200683594,-230.7876739501953,33.15825271606445,-0.2945436524814598,6.447580347749578
16.424270391464233,238.31468200683594,-230.7876739501953,33.15825271606445,-0.2945436524814598,6.447580347749578
16.434107542037964,238.4384765625,-230.82562255859375,33.15821838378906,-0.2949378669018188,6.498630132444524
16.444064617156982,238.4384765625,-230.82562255859375,33.15821838378906,-0.2949378669018188,6.498630132444524
16.45386791229248,238.4384765625,-230.82562255859375,33.15821838378906,-0.2949378669018188,6.498630132444524
16.46379590034485,238.56321716308594,-230.8639373779297,33.15818405151367,-0.2953128732728156,6.549678371299455
16.473920583724976,238.56321716308594,-230.8639373779297,33.15818405151367,-0.2953128732728156,6.549678371299455
16.483835220336914,238.56321716308594,-230.8639373779297,33.15818405151367,-0.2953128732728156,6.549678371299455
16.493831634521484,238.6889190673828,-230.90257263183594,33.15815353393555,-0.2957101503284281,6.600690080316343
16.504130125045776,238.6889190673828,-230.90257263183594,33.15815353393555,-0.2957101503284281,6.600690080316343
16.513963222503662,238.6889190673828,-230.90257263183594,33.15815353393555,-0.2957101503284281,6.600690080316343
16.523930072784424,238.8155975341797,-230.94158935546875,33.15812683105469,-0.29609264683999076,6.6516862612751275
16.53415036201477,238.8155975341797,-230.94158935546875,33.15812683105469,-0.29609264683999076,6.6516862612751275
16.544106245040894,238.8155975341797,-230.94158935546875,33.15812683105469,-0.29609264683999076,6.6516862612751275
16.554197072982788,238.94322204589844,-230.98092651367188,33.15810775756836,-0.2964937189001567,6.702512008918356
16.564105987548828,238.94322204589844,-230.98092651367188,33.15810775756836,-0.2964937189001567,6.702512008918356
16.574262380599976,239.07179260253906,-231.02064514160156,33.15805435180664,-0.2968840717369351,6.7550201489262545
16.583858728408813,239.07179260253906,-231.02064514160156,33.15805435180664,-0.2968840717369351,6.7550201489262545
16.594310522079468,239.07179260253906,-231.02064514160156,33.15805435180664,-0.2968840717369351,6.7550201489262545
16.603821516036987,239.20140075683594,-231.0607147216797,33.15791320800781,-0.2972894048548451,6.805889371753499
16.613977193832397,239.20140075683594,-231.0607147216797,33.15791320800781,-0.2972894048548451,6.805889371753499
16.62378168106079,239.20140075683594,-231.0607147216797,33.15791320800781,-0.2972894048548451,6.805889371753499
16.633914470672607,239.3319549560547,-231.10113525390625,33.15773391723633,-0.29768778046440736,6.856323198627232
16.644213914871216,239.3319549560547,-231.10113525390625,33.15773391723633,-0.29768778046440736,6.856323198627232
16.654109239578247,239.3319549560547,-231.10113525390625,33.15773391723633,-0.29768778046440736,6.856323198627232
16.66389036178589,239.4634552001953,-231.14190673828125,33.15752410888672,-0.2980958100329211,6.9056041308237575
16.674014568328857,239.4634552001953,-231.14190673828125,33.15752410888672,-0.2980958100329211,6.9056041308237575
16.684693574905396,239.4634552001953,-231.14190673828125,33.15752410888672,-0.2980958100329211,6.9056041308237575
16.69407057762146,239.59585571289062,-231.18299865722656,33.15729904174805,-0.29850170907256285,6.9538724057139
16.704015970230103,239.59585571289062,-231.18299865722656,33.15729904174805,-0.29850170907256285,6.9538724057139
16.713757514953613,239.7291717529297,-231.2244415283203,33.15706253051758,-0.2989139331197935,7.000731173555495
16.72383737564087,239.7291717529297,-231.2244415283203,33.15706253051758,-0.2989139331197935,7.000731173555495
16.73418116569519,239.7291717529297,-231.2244415283203,33.15706253051758,-0.2989139331197935,7.000731173555495
16.743736028671265,239.8633270263672,-231.26620483398438,33.15681457519531,-0.29932515848161534,7.046398813743697
16.75397276878357,239.8633270263672,-231.26620483398438,33.15681457519531,-0.29932515848161534,7.046398813743697
16.76386308670044,239.8633270263672,-231.26620483398438,33.15681457519531,-0.29932515848161534,7.046398813743697
16.774015426635742,239.9983367919922,-231.3082733154297,33.15656661987305,-0.29974171016561735,7.090762855117181
16.783737182617188,239.9983367919922,-231.3082733154297,33.15656661987305,-0.29974171016561735,7.090762855117181
16.793782234191895,239.9983367919922,-231.3082733154297,33.15656661987305,-0.29974171016561735,7.090762855117181
16.803820848464966,240.1341552734375,-231.35067749023438,33.15631866455078,-0.3001587279028101,7.13393220453496
16.81402826309204,240.1341552734375,-231.35067749023438,33.15631866455078,-0.3001587279028101,7.13393220453496
16.824155807495117,240.1341552734375,-231.35067749023438,33.15631866455078,-0.3001587279028101,7.13393220453496
16.83418846130371,240.27073669433594,-231.39337158203125,33.15608215332031,-0.30057897472282463,7.17591163330875
16.84389901161194,240.27073669433594,-231.39337158203125,33.15608215332031,-0.30057897472282463,7.17591163330875
16.853935718536377,240.4081268310547,-231.43638610839844,33.155845642089844,-0.3010008194394932,7.216762342642815
16.8639554977417,240.4081268310547,-231.43638610839844,33.155845642089844,-0.3010008194394932,7.216762342642815
16.87409257888794,240.4081268310547,-231.43638610839844,33.155845642089844,-0.3010008194394932,7.216762342642815
16.883881330490112,240.5462188720703,-231.4796600341797,33.155616760253906,-0.30142526073822457,7.256546164448159
16.89375948905945,240.5462188720703,-231.4796600341797,33.155616760253906,-0.30142526073822457,7.256546164448159
16.903934001922607,240.5462188720703,-231.4796600341797,33.155616760253906,-0.30142526073822457,7.256546164448159
16.91388750076294,240.68505859375,-231.52325439453125,33.155391693115234,-0.30185193243436886,7.295363115342297
16.924358367919922,240.68505859375,-231.52325439453125,33.155391693115234,-0.30185193243436886,7.295363115342297
16.93433713912964,240.68505859375,-231.52325439453125,33.155391693115234,-0.30185193243436886,7.295363115342297
16.94387912750244,240.8246307373047,-231.56712341308594,33.15516662597656,-0.30228013544814,7.333334632409032
16.954056978225708,240.8246307373047,-231.56712341308594,33.15516662597656,-0.30228013544814,7.333334632409032
16.964393615722656,240.8246307373047,-231.56712341308594,33.15516662597656,-0.30228013544814,7.333334632409032
16.973989725112915,240.96485900878906,-231.6112823486328,33.15494918823242,-0.3027105022802968,7.370284887762289
16.984219074249268,240.96485900878906,-231.6112823486328,33.15494918823242,-0.3027105022802968,7.370284887762289
16.994275331497192,241.1057891845703,-231.6557159423828,33.15473175048828,-0.3031435322735437,7.4063559550046225
17.003973960876465,241.1057891845703,-231.6557159423828,33.15473175048828,-0.3031435322735437,7.4063559550046225
17.01436495780945,241.1057891845703,-231.6557159423828,33.15473175048828,-0.3031435322735437,7.4063559550046225
17.024096488952637,241.24737548828125,-231.70042419433594,33.15451431274414,-0.30357816016344463,7.4412741813197565
17.0342435836792,241.24737548828125,-231.70042419433594,33.15451431274414,-0.30357816016344463,7.4412741813197565
17.044069051742554,241.24737548828125,-231.70042419433594,33.15451431274414,-0.30357816016344463,7.4412741813197565
17.054540634155273,241.38958740234375,-231.7454071044922,33.154300689697266,-0.30401491858221763,7.475348678387631
17.06415629386902,241.38958740234375,-231.7454071044922,33.154300689697266,-0.30401491858221763,7.475348678387631
17.07449698448181,241.38958740234375,-231.7454071044922,33.154300689697266,-0.30401491858221763,7.475348678387631
17.084454774856567,241.5323944091797,-231.79063415527344,33.15408706665039,-0.30445330818715827,7.508264496911088
17.094006538391113,241.5323944091797,-231.79063415527344,33.15408706665039,-0.30445330818715827,7.508264496911088
17.104490518569946,241.5323944091797,-231.79063415527344,33.15408706665039,-0.30445330818715827,7.508264496911088
17.114137887954712,241.67579650878906,-231.8361053466797,33.15386962890625,-0.3048931958202121,7.539774997960559
17.12422251701355,241.67579650878906,-231.8361053466797,33.15386962890625,-0.3048931958202121,7.539774997960559
17.134225368499756,241.8197784423828,-231.88185119628906,33.15365982055664,-0.30533528056116527,7.570040580318908
17.144131898880005,241.8197784423828,-231.88185119628906,33.15365982055664,-0.30533528056116527,7.570040580318908
17.154260873794556,241.8197784423828,-231.88185119628906,33.15365982055664,-0.30533528056116527,7.570040580318908
17.16426396369934,241.96429443359375,-231.92782592773438,33.153446197509766,-0.3057784971455817,7.598959304157791
17.174319982528687,241.96429443359375,-231.92782592773438,33.153446197509766,-0.3057784971455817,7.598959304157791
17.18414306640625,241.96429443359375,-231.92782592773438,33.153446197509766,-0.3057784971455817,7.598959304157791
17.194129705429077,242.1093292236328,-231.97401428222656,33.153236389160156,-0.3062232117581113,7.626645516067877
17.203994274139404,242.1093292236328,-231.97401428222656,33.153236389160156,-0.3062232117581113,7.626645516067877
17.214061498641968,242.1093292236328,-231.97401428222656,33.153236389160156,-0.3062232117581113,7.626645516067877
17.224261045455933,242.25485229492188,-232.02044677734375,33.15302276611328,-0.30667009018902663,7.652975926206377
17.234374523162842,242.25485229492188,-232.02044677734375,33.15302276611328,-0.30667009018902663,7.652975926206377
17.244579076766968,242.25485229492188,-232.02044677734375,33.15302276611328,-0.30667009018902663,7.652975926206377
17.25414514541626,242.4008331298828,-232.06710815429688,33.152809143066406,-0.3071175012521599,7.678016688308139
17.26403546333313,242.4008331298828,-232.06710815429688,33.152809143066406,-0.3071175012521599,7.678016688308139
17.274284601211548,242.5472412109375,-232.1139373779297,33.15259552001953,-0.30756707613367895,7.701397480804402
17.284409284591675,242.5472412109375,-232.1139373779297,33.15259552001953,-0.30756707613367895,7.701397480804402
17.29448390007019,242.5472412109375,-232.1139373779297,33.15259552001953,-0.30756707613367895,7.701397480804402
17.304610013961792,242.69406127929688,-232.16099548339844,33.15238952636719,-0.30801715035790234,7.722820011505406
17.314241886138916,242.69406127929688,-232.16099548339844,33.15238952636719,-0.30801715035790234,7.722820011505406
17.3240327835083,242.69406127929688,-232.16099548339844,33.15238952636719,-0.30801715035790234,7.722820011505406
17.334188222885132,242.8412322998047,-232.20822143554688,33.15218734741211,-0.30846875589975253,7.741811478803328
17.344128608703613,242.8412322998047,-232.20822143554688,33.15218734741211,-0.30846875589975253,7.741811478803328
17.35414695739746,242.8412322998047,-232.20822143554688,33.15218734741211,-0.30846875589975253,7.741811478803328
17.364173650741577,242.98870849609375,-232.25564575195312,33.15199279785156,-0.3089215265745796,7.757894379708909
17.37395715713501,242.98870849609375,-232.25564575195312,33.15199279785156,-0.3089215265745796,7.757894379708909
17.3839750289917,242.98870849609375,-232.25564575195312,33.15199279785156,-0.3089215265745796,7.757894379708909
17.394453287124634,243.13641357421875,-232.30322265625,33.15180206298828,-0.3093747965921111,7.771387555013333
17.40406084060669,243.13641357421875,-232.30322265625,33.15180206298828,-0.3093747965921111,7.771387555013333
17.41444492340088,243.28433227539062,-232.35089111328125,33.15161895751953,-0.3098291318740786,7.781516274012372
17.424291849136353,243.28433227539062,-232.35089111328125,33.15161895751953,-0.3098291318740786,7.781516274012372
17.43452501296997,243.28433227539062,-232.35089111328125,33.15161895751953,-0.3098291318740786,7.781516274012372
17.44419574737549,243.43235778808594,-232.39871215820312,33.15143585205078,-0.31028403307777774,7.788491972102157
17.454346418380737,243.43235778808594,-232.39871215820312,33.15143585205078,-0.31028403307777774,7.788491972102157
17.4641695022583,243.43235778808594,-232.39871215820312,33.15143585205078,-0.31028403307777774,7.788491972102157
17.474247217178345,243.5804901123047,-232.44659423828125,33.15125274658203,-0.3107389342814769,7.792127323188172
17.484275817871094,243.5804901123047,-232.44659423828125,33.15125274658203,-0.3107389342814769,7.792127323188172
17.494389057159424,243.5804901123047,-232.44659423828125,33.15125274658203,-0.3107389342814769,7.792127323188172
17.504416704177856,243.7285614013672,-232.4945831298828,33.15107727050781,-0.3111937356166352,7.792792257279299
17.514326572418213,243.7285614013672,-232.4945831298828,33.15107727050781,-0.3111937356166352,7.792792257279299
17.524194478988647,243.7285614013672,-232.4945831298828,33.15107727050781,-0.3111937356166352,7.792792257279299
17.534391164779663,243.87661743164062,-232.54258728027344,33.150901794433594,-0.3116491694525524,7.790377375134936
17.54417133331299,243.87661743164062,-232.54258728027344,33.150901794433594,-0.3116491694525524,7.790377375134936
17.555330514907837,243.87661743164062,-232.54258728027344,33.150901794433594,-0.3116491694525524,7.790377375134936
17.564366340637207,244.02456665039062,-232.5906524658203,33.15073013305664,-0.3121040040772243,7.785133655170001
17.57464623451233,244.02456665039062,-232.5906524658203,33.15073013305664,-0.3121040040772243,7.785133655170001
17.584508180618286,244.17233276367188,-232.63876342773438,33.15055465698242,-0.3125583393591918,7.77739717339424
17.594306707382202,244.17233276367188,-232.63876342773438,33.15055465698242,-0.3125583393591918,7.77739717339424
17.604304313659668,244.17233276367188,-232.63876342773438,33.15055465698242,-0.3125583393591918,7.77739717339424
17.615129470825195,244.31991577148438,-232.6868438720703,33.1503791809082,-0.3130127412201866,7.7675329216603375
17.62455725669861,244.31991577148438,-232.6868438720703,33.1503791809082,-0.3130127412201866,7.7675329216603375
17.63452434539795,244.31991577148438,-232.6868438720703,33.1503791809082,-0.3130127412201866,7.7675329216603375
17.644960165023804,244.46728515625,-232.73495483398438,33.150203704833984,-0.31346651058042246,7.755809446017562
17.654688119888306,244.46728515625,-232.73495483398438,33.150203704833984,-0.31346651058042246,7.755809446017562
17.664376974105835,244.46728515625,-232.73495483398438,33.150203704833984,-0.31346651058042246,7.755809446017562
17.67498779296875,244.6143341064453,-232.78302001953125,33.15003204345703,-0.3139192146762223,7.742407310313105
17.684736490249634,244.6143341064453,-232.78302001953125,33.15003204345703,-0.3139192146762223,7.742407310313105
17.69478178024292,244.6143341064453,-232.78302001953125,33.15003204345703,-0.3139192146762223,7.742407310313105
17.704545497894287,244.7611083984375,-232.83106994628906,33.14985656738281,-0.3143719520615358,7.727644933193473
17.71428346633911,244.7611083984375,-232.83106994628906,33.14985656738281,-0.3143719520615358,7.727644933193473
17.724456787109375,244.90757751464844,-232.87908935546875,33.149681091308594,-0.3148230915501952,7.711829625698565
17.734230756759644,244.90757751464844,-232.87908935546875,33.149681091308594,-0.3148230915501952,7.711829625698565
17.7444965839386,244.90757751464844,-232.87908935546875,33.149681091308594,-0.3148230915501952,7.711829625698565
17.7543363571167,245.05368041992188,-232.92710876464844,33.149505615234375,-0.3152742310388546,7.695059201764756
17.76405096054077,245.05368041992188,-232.92710876464844,33.149505615234375,-0.3152742310388546,7.695059201764756
17.774066925048828,245.05368041992188,-232.92710876464844,33.149505615234375,-0.3152742310388546,7.695059201764756
17.78448224067688,245.199462890625,-232.9750518798828,33.149330139160156,-0.31572380592037363,7.677545110554771
17.79433536529541,245.199462890625,-232.9750518798828,33.149330139160156,-0.31572380592037363,7.677545110554771
17.804353952407837,245.199462890625,-232.9750518798828,33.149330139160156,-0.31572380592037363,7.677545110554771
17.814415454864502,245.34486389160156,-233.02291870117188,33.14915466308594,-0.3161727815906474,7.659316223924723
17.824338912963867,245.34486389160156,-233.02291870117188,33.14915466308594,-0.3161727815906474,7.659316223924723
17.834850311279297,245.34486389160156,-233.02291870117188,33.14915466308594,-0.3161727815906474,7.659316223924723
17.8443706035614,245.48989868164062,-233.07077026367188,33.14897918701172,-0.3166207585755123,7.640506752230245
17.854602098464966,245.48989868164062,-233.07077026367188,33.14897918701172,-0.3166207585755123,7.640506752230245
17.86443591117859,245.6345672607422,-233.1185760498047,33.14881134033203,-0.3170676370064276,7.621036680241601
17.87465500831604,245.6345672607422,-233.1185760498047,33.14881134033203,-0.3170676370064276,7.621036680241601
17.88459801673889,245.6345672607422,-233.1185760498047,33.14881134033203,-0.3170676370064276,7.621036680241601
17.894413709640503,245.77880859375,-233.16629028320312,33.14865493774414,-0.31751341688339324,7.60126624232461
17.90435814857483,245.77880859375,-233.16629028320312,33.14865493774414,-0.31751341688339324,7.60126624232461
17.914490699768066,245.77880859375,-233.16629028320312,33.14865493774414,-0.31751341688339324,7.60126624232461
17.92431354522705,245.92263793945312,-233.21395874023438,33.14850616455078,-0.31795813149592284,7.581079843493935
17.9348361492157,245.92263793945312,-233.21395874023438,33.14850616455078,-0.31795813149592284,7.581079843493935
17.944265842437744,245.92263793945312,-233.21395874023438,33.14850616455078,-0.31795813149592284,7.581079843493935
17.954658269882202,246.0660858154297,-233.2615509033203,33.14838409423828,-0.3184039779519157,7.561380979084338
17.964367389678955,246.0660858154297,-233.2615509033203,33.14838409423828,-0.3184039779519157,7.561380979084338
17.97438144683838,246.0660858154297,-233.2615509033203,33.14838409423828,-0.3184039779519157,7.561380979084338
17.984737396240234,246.20909118652344,-233.30909729003906,33.14838790893555,-0.31884602940335527,7.537988841612356
17.99478840827942,246.20909118652344,-233.30909729003906,33.14838790893555,-0.31884602940335527,7.537988841612356
18.00554895401001,246.20909118652344,-233.30909729003906,33.14838790893555,-0.31884602940335527,7.537988841612356
18.014705181121826,246.35169982910156,-233.35658264160156,33.14849853515625,-0.31929074401588486,7.51473076951378
18.02435803413391,246.35169982910156,-233.35658264160156,33.14849853515625,-0.31929074401588486,7.51473076951378
18.034552812576294,246.35169982910156,-233.35658264160156,33.14849853515625,-0.31929074401588486,7.51473076951378
18.044299125671387,246.49386596679688,-233.40399169921875,33.14868927001953,-0.31973286204635165,7.491761566333464
18.05474305152893,246.49386596679688,-233.40399169921875,33.14868927001953,-0.31973286204635165,7.491761566333464
18.06437635421753,246.63560485839844,-233.45132446289062,33.14894104003906,-0.32017334889065074,7.468893450619737
18.074713706970215,246.63560485839844,-233.45132446289062,33.14894104003906,-0.32017334889065074,7.468893450619737
18.084810972213745,246.63560485839844,-233.45132446289062,33.14894104003906,-0.32017334889065074,7.468893450619737
18.09462809562683,246.77687072753906,-233.49856567382812,33.14922332763672,-0.3206127371810002,7.446027409694881
18.104408740997314,246.77687072753906,-233.49856567382812,33.14922332763672,-0.3206127371810002,7.446027409694881
18.1146559715271,246.77687072753906,-233.49856567382812,33.14922332763672,-0.3206127371810002,7.446027409694881
18.124988555908203,246.91769409179688,-233.5457305908203,33.149532318115234,-0.32105109349642724,7.422945531856321
18.134421348571777,246.91769409179688,-233.5457305908203,33.149532318115234,-0.32105109349642724,7.422945531856321
18.14464569091797,246.91769409179688,-233.5457305908203,33.149532318115234,-0.32105109349642724,7.422945531856321
18.15493655204773,247.0580596923828,-233.59280395507812,33.149864196777344,-0.3214878852047139,7.399675329765253
18.164534330368042,247.0580596923828,-233.59280395507812,33.149864196777344,-0.3214878852047139,7.399675329765253
18.174508810043335,247.0580596923828,-233.59280395507812,33.149864196777344,-0.3214878852047139,7.399675329765253
18.184818029403687,247.19796752929688,-233.63980102539062,33.15019607543945,-0.3219230124373192,7.375922067565796
18.194629907608032,247.19796752929688,-233.63980102539062,33.15019607543945,-0.3219230124373192,7.375922067565796
18.204648971557617,247.33737182617188,-233.6866912841797,33.150535583496094,-0.32235660835229774,7.3515441455596395
18.21436071395874,247.33737182617188,-233.6866912841797,33.150535583496094,-0.32235660835229774,7.3515441455596395
18.224492073059082,247.33737182617188,-233.6866912841797,33.150535583496094,-0.32235660835229774,7.3515441455596395
18.23477292060852,247.476318359375,-233.73350524902344,33.150875091552734,-0.322789605056031,7.326573926893372
18.24462389945984,247.476318359375,-233.73350524902344,33.150875091552734,-0.322789605056031,7.326573926893372
18.254679203033447,247.476318359375,-233.73350524902344,33.150875091552734,-0.322789605056031,7.326573926893372
18.2644624710083,247.61474609375,-233.78021240234375,33.15121078491211,-0.3232205045204058,7.300954289984561
18.27465844154358,247.61474609375,-233.78021240234375,33.15121078491211,-0.3232205045204058,7.300954289984561
18.284724235534668,247.61474609375,-233.78021240234375,33.15121078491211,-0.3232205045204058,7.300954289984561
18.294644832611084,247.75265502929688,-233.82679748535156,33.151546478271484,-0.32365090464207624,7.274771796978231
18.304458618164062,247.75265502929688,-233.82679748535156,33.151546478271484,-0.32365090464207624,7.274771796978231
18.31476330757141,247.8900146484375,-233.87326049804688,33.15187072753906,-0.3240785417341157,7.247962930159886
18.324694395065308,247.8900146484375,-233.87326049804688,33.15187072753906,-0.3240785417341157,7.247962930159886
18.334561824798584,247.8900146484375,-233.87326049804688,33.15187072753906,-0.3240785417341157,7.247962930159886
18.344491720199585,248.02687072753906,-233.9196014404297,33.15219497680664,-0.3245051468512328,7.22069394862756
18.354872941970825,248.02687072753906,-233.9196014404297,33.15219497680664,-0.3245051468512328,7.22069394862756
18.364877223968506,248.02687072753906,-233.9196014404297,33.15219497680664,-0.3245051468512328,7.22069394862756
18.374861240386963,248.1631622314453,-233.96583557128906,33.15250778198242,-0.32493078657245467,7.192891982318927
18.384475231170654,248.1631622314453,-233.96583557128906,33.15250778198242,-0.32493078657245467,7.192891982318927
18.39455270767212,248.1631622314453,-233.96583557128906,33.15250778198242,-0.32493078657245467,7.192891982318927
18.404775381088257,248.2989044189453,-234.01194763183594,33.1528205871582,-0.3253542624752909,7.1646080837119905
18.414795875549316,248.2989044189453,-234.01194763183594,33.1528205871582,-0.3253542624752909,7.1646080837119905
18.424646854400635,248.2989044189453,-234.01194763183594,33.1528205871582,-0.3253542624752909,7.1646080837119905
18.434957265853882,248.43405151367188,-234.0579376220703,33.15312194824219,-0.32577660653466384,7.135735333764928
18.444644689559937,248.43405151367188,-234.0579376220703,33.15312194824219,-0.32577660653466384,7.135735333764928
18.455257892608643,248.5686492919922,-234.1038055419922,33.15342330932617,-0.32619735269738276,7.106408145795717
18.46463418006897,248.5686492919922,-234.1038055419922,33.15342330932617,-0.32619735269738276,7.106408145795717
18.474934101104736,248.5686492919922,-234.1038055419922,33.15342330932617,-0.32619735269738276,7.106408145795717
18.484616994857788,248.70265197753906,-234.14952087402344,33.15371322631836,-0.3266159683312296,7.0766109562985875
18.49452829360962,248.70265197753906,-234.14952087402344,33.15371322631836,-0.3266159683312296,7.0766109562985875
18.504814624786377,248.70265197753906,-234.14952087402344,33.15371322631836,-0.3266159683312296,7.0766109562985875
18.514766454696655,248.83609008789062,-234.19512939453125,33.15400314331055,-0.3270336518586949,7.046391700811805
18.524829387664795,248.83609008789062,-234.19512939453125,33.15400314331055,-0.3270336518586949,7.046391700811805
18.535032987594604,248.83609008789062,-234.19512939453125,33.15400314331055,-0.3270336518586949,7.046391700811805
18.544835805892944,248.96885681152344,-234.2405242919922,33.15438461303711,-0.32745013696366965,7.012485775875102
18.554823875427246,248.96885681152344,-234.2405242919922,33.15438461303711,-0.32745013696366965,7.012485775875102
18.564728260040283,248.96885681152344,-234.2405242919922,33.15438461303711,-0.32745013696366965,7.012485775875102
18.5751211643219,249.10096740722656,-234.28579711914062,33.154911041259766,-0.3278633929858227,6.980802275470498
18.584801197052002,249.10096740722656,-234.28579711914062,33.154911041259766,-0.3278633929858227,6.980802275470498
18.594861030578613,249.23245239257812,-234.33087158203125,33.15555191040039,-0.3282799446698247,6.950384369846453
18.604668140411377,249.23245239257812,-234.33087158203125,33.15555191040039,-0.3282799446698247,6.950384369846453
18.614833116531372,249.23245239257812,-234.33087158203125,33.15555191040039,-0.3282799446698247,6.950384369846453
18.624889612197876,249.36325073242188,-234.37583923339844,33.156246185302734,-0.3286853110772484,6.918258215674903
18.634565353393555,249.36325073242188,-234.37583923339844,33.156246185302734,-0.3286853110772484,6.918258215674903
18.644554138183594,249.36325073242188,-234.37583923339844,33.156246185302734,-0.3286853110772484,6.918258215674903
18.65506076812744,249.49343872070312,-234.42063903808594,33.15695571899414,-0.32909061090564484,6.886642566430924
18.664560794830322,249.49343872070312,-234.42063903808594,33.15695571899414,-0.32909061090564484,6.886642566430924
18.674802780151367,249.49343872070312,-234.42063903808594,33.15695571899414,-0.32909061090564484,6.886642566430924
18.68486189842224,249.6229705810547,-234.46527099609375,33.157615661621094,-0.3295172493122755,6.852876264027251
18.694810152053833,249.6229705810547,-234.46527099609375,33.157615661621094,-0.3295172493122755,6.852876264027251
18.70471477508545,249.6229705810547,-234.46527099609375,33.157615661621094,-0.3295172493122755,6.852876264027251
18.714851140975952,249.7518310546875,-234.50973510742188,33.15822982788086,-0.32990180977368294,6.820818640963038
18.724552392959595,249.7518310546875,-234.50973510742188,33.15822982788086,-0.32990180977368294,6.820818640963038
18.735048294067383,249.87998962402344,-234.5540008544922,33.15882110595703,-0.3303044797305029,6.785870888549221
18.744879484176636,249.87998962402344,-234.5540008544922,33.15882110595703,-0.3303044797305029,6.785870888549221
18.754945516586304,249.87998962402344,-234.5540008544922,33.15882110595703,-0.3303044797305029,6.785870888549221
18.764596700668335,250.00747680664062,-234.5980987548828,33.15939712524414,-0.3307018566546564,6.749687069209565
18.774868965148926,250.00747680664062,-234.5980987548828,33.15939712524414,-0.3307018566546564,6.749687069209565
18.7847900390625,250.00747680664062,-234.5980987548828,33.15939712524414,-0.3307018566546564,6.749687069209565
18.79512310028076,250.1342315673828,-234.6420135498047,33.15995407104492,-0.33109810173534654,6.712134418816681
18.80493450164795,250.1342315673828,-234.6420135498047,33.15995407104492,-0.33109810173534654,6.712134418816681
18.814811944961548,250.1342315673828,-234.6420135498047,33.15995407104492,-0.33109810173534654,6.712134418816681
18.824776649475098,250.26022338867188,-234.6857147216797,33.16050338745117,-0.3314922495766783,6.673157722804301
18.83500099182129,250.26022338867188,-234.6857147216797,33.16050338745117,-0.3314922495766783,6.673157722804301
18.844741821289062,250.26022338867188,-234.6857147216797,33.16050338745117,-0.3314922495766783,6.673157722804301
18.85482883453369,250.38546752929688,-234.72918701171875,33.161033630371094,-0.33188426688913797,6.632740674925318
18.864655256271362,250.38546752929688,-234.72918701171875,33.161033630371094,-0.33188426688913797,6.632740674925318
18.874829530715942,250.50990295410156,-234.77247619628906,33.161556243896484,-0.33227465301542997,6.590918697451642
18.884921312332153,250.50990295410156,-234.77247619628906,33.161556243896484,-0.33227465301542997,6.590918697451642
18.894719123840332,250.50990295410156,-234.77247619628906,33.161556243896484,-0.33227465301542997,6.590918697451642
18.904762029647827,250.63348388671875,-234.8155059814453,33.16207504272461,-0.3326629751918771,6.547731345368925
18.914753913879395,250.63348388671875,-234.8155059814453,33.16207504272461,-0.3326629751918771,6.547731345368925
18.924697160720825,250.63348388671875,-234.8155059814453,33.16207504272461,-0.3326629751918771,6.547731345368925
18.934995889663696,250.75624084472656,-234.8583221435547,33.1625862121582,-0.33304856762820695,6.503215081245416
18.944748640060425,250.75624084472656,-234.8583221435547,33.1625862121582,-0.33304856762820695,6.503215081245416
18.95470905303955,250.75624084472656,-234.8583221435547,33.1625862121582,-0.33304856762820695,6.503215081245416
18.965108156204224,250.8780975341797,-234.9008331298828,33.163089752197266,-0.33343212940420563,6.457276475231902
18.97472047805786,250.8780975341797,-234.9008331298828,33.163089752197266,-0.33343212940420563,6.457276475231902
18.984618425369263,250.8780975341797,-234.9008331298828,33.163089752197266,-0.33343212940420563,6.457276475231902
18.99549627304077,250.99905395507812,-234.943115234375,33.16358947753906,-0.33381239551835534,6.410248962214972
19.005017042160034,250.99905395507812,-234.943115234375,33.16358947753906,-0.33381239551835534,6.410248962214972
19.014973878860474,251.1190948486328,-234.98513793945312,33.16407775878906,-0.33418949912871054,6.3620781707720715
19.0246639251709,251.1190948486328,-234.98513793945312,33.16407775878906,-0.33418949912871054,6.3620781707720715
19.03482437133789,251.1190948486328,-234.98513793945312,33.16407775878906,-0.33418949912871054,6.3620781707720715
19.044819593429565,251.2382049560547,-235.02685546875,33.16456604003906,-0.33456450549970734,6.312932347513556
19.054647207260132,251.2382049560547,-235.02685546875,33.16456604003906,-0.33456450549970734,6.312932347513556
19.06457781791687,251.2382049560547,-235.02685546875,33.16456604003906,-0.33456450549970734,6.312932347513556
19.074748039245605,251.35633850097656,-235.06829833984375,33.16504669189453,-0.33493674884107316,6.263076374681827
19.084730625152588,251.35633850097656,-235.06829833984375,33.16504669189453,-0.33493674884107316,6.263076374681827
19.09473752975464,251.35633850097656,-235.06829833984375,33.16504669189453,-0.33493674884107316,6.263076374681827
19.104816436767578,251.4735107421875,-235.1094512939453,33.165523529052734,-0.33530589625767176,6.212481910716572
19.114543199539185,251.4735107421875,-235.1094512939453,33.165523529052734,-0.33530589625767176,6.212481910716572
19.125117301940918,251.5897216796875,-235.15032958984375,33.165992736816406,-0.33567178130193503,6.161376258800867
19.134784698486328,251.5897216796875,-235.15032958984375,33.165992736816406,-0.33567178130193503,6.161376258800867
19.144922971725464,251.5897216796875,-235.15032958984375,33.165992736816406,-0.33567178130193503,6.161376258800867
19.154725313186646,251.7049102783203,-235.1908721923828,33.16645812988281,-0.33603556910683985,6.109821743591176
19.164610862731934,251.7049102783203,-235.1908721923828,33.16645812988281,-0.33603556910683985,6.109821743591176
19.174723386764526,251.7049102783203,-235.1908721923828,33.16645812988281,-0.33603556910683985,6.109821743591176
19.18447995185852,251.81912231445312,-235.23114013671875,33.16692352294922,-0.3363961278289229,6.057808543303592
19.19483232498169,251.81912231445312,-235.23114013671875,33.16692352294922,-0.3363961278289229,6.057808543303592
19.2048397064209,251.81912231445312,-235.23114013671875,33.16692352294922,-0.3363961278289229,6.057808543303592
19.21470808982849,251.93231201171875,-235.27110290527344,33.16737747192383,-0.33675412325845683,6.005558555188023
19.2247211933136,251.93231201171875,-235.27110290527344,33.16737747192383,-0.33675412325845683,6.005558555188023
19.234863758087158,251.93231201171875,-235.27110290527344,33.16737747192383,-0.33675412325845683,6.005558555188023
19.244834423065186,252.04458618164062,-235.31072998046875,33.16788864135742,-0.33712799778599034,5.9568086760273
19.255297422409058,252.04458618164062,-235.31072998046875,33.16788864135742,-0.33712799778599034,5.9568086760273
19.26500105857849,252.04458618164062,-235.31072998046875,33.16788864135742,-0.33712799778599034,5.9568086760273
19.274959564208984,252.1558380126953,-235.35011291503906,33.16834259033203,-0.3374859599260106,5.904403917063336
19.284737586975098,252.1558380126953,-235.35011291503906,33.16834259033203,-0.3374859599260106,5.904403917063336
19.294917345046997,252.26608276367188,-235.3892059326172,33.16876983642578,-0.33781992032670655,5.852103615968521
19.305063247680664,252.26608276367188,-235.3892059326172,33.16876983642578,-0.33781992032670655,5.852103615968521
19.314995288848877,252.26608276367188,-235.3892059326172,33.16876983642578,-0.33781992032670655,5.852103615968521
19.3250093460083,252.37538146972656,-235.42800903320312,33.16916275024414,-0.33818264286717536,5.8028424681842905
19.334986686706543,252.37538146972656,-235.42800903320312,33.16916275024414,-0.33818264286717536,5.8028424681842905
19.344863891601562,252.37538146972656,-235.42800903320312,33.16916275024414,-0.33818264286717536,5.8028424681842905
19.35517978668213,252.48370361328125,-235.46644592285156,33.1694450378418,-0.33853254894489815,5.747899181134041
19.36482048034668,252.48370361328125,-235.46644592285156,33.1694450378418,-0.33853254894489815,5.747899181134041
19.375056505203247,252.48370361328125,-235.46644592285156,33.1694450378418,-0.33853254894489815,5.747899181134041
19.384779930114746,252.59100341796875,-235.50457763671875,33.169700622558594,-0.3388680739527345,5.694911962225269
19.39486289024353,252.59100341796875,-235.50457763671875,33.169700622558594,-0.3388680739527345,5.694911962225269
19.40503168106079,252.59100341796875,-235.50457763671875,33.169700622558594,-0.3388680739527345,5.694911962225269
19.41474962234497,252.69729614257812,-235.5424041748047,33.16993713378906,-0.3391999038245584,5.642058119113779
19.424856185913086,252.69729614257812,-235.5424041748047,33.16993713378906,-0.3391999038245584,5.642058119113779
19.434825658798218,252.80259704589844,-235.57989501953125,33.170162200927734,-0.3395301357997282,5.5892128373979935
19.445363521575928,252.80259704589844,-235.57989501953125,33.170162200927734,-0.3395301357997282,5.5892128373979935
19.455015182495117,252.80259704589844,-235.57989501953125,33.170162200927734,-0.3395301357997282,5.5892128373979935
19.464892387390137,252.90687561035156,-235.61708068847656,33.17038345336914,-0.33985873658873034,5.536394108774754
19.47491145133972,252.90687561035156,-235.61708068847656,33.17038345336914,-0.33985873658873034,5.536394108774754
19.484802722930908,252.90687561035156,-235.61708068847656,33.17038345336914,-0.33985873658873034,5.536394108774754
19.495113611221313,253.0101318359375,-235.65394592285156,33.17059326171875,-0.3401863054028101,5.483743458817077
19.504854679107666,253.0101318359375,-235.65394592285156,33.17059326171875,-0.3401863054028101,5.483743458817077
19.514986753463745,253.0101318359375,-235.65394592285156,33.17059326171875,-0.3401863054028101,5.483743458817077
19.524924755096436,253.11239624023438,-235.6905059814453,33.17080307006836,-0.34051121105579973,5.431209131820403
19.535125255584717,253.11239624023438,-235.6905059814453,33.17080307006836,-0.34051121105579973,5.431209131820403
19.544826984405518,253.11239624023438,-235.6905059814453,33.17080307006836,-0.34051121105579973,5.431209131820403
19.554954767227173,253.2136688232422,-235.7267303466797,33.17101287841797,-0.34083292091548134,5.378893704212298
19.564884185791016,253.2136688232422,-235.7267303466797,33.17101287841797,-0.34083292091548134,5.378893704212298
19.574941873550415,253.31393432617188,-235.7626495361328,33.17121887207031,-0.34115200090358644,5.326815938133474
19.584816455841064,253.31393432617188,-235.7626495361328,33.17121887207031,-0.34115200090358644,5.326815938133474
19.594810247421265,253.31393432617188,-235.7626495361328,33.17121887207031,-0.34115200090358644,5.326815938133474
19.60496497154236,253.41322326660156,-235.7982635498047,33.17142105102539,-0.3414694497055239,5.275053206964174
19.61472725868225,253.41322326660156,-235.7982635498047,33.17142105102539,-0.3414694497055239,5.275053206964174
19.62474799156189,253.41322326660156,-235.7982635498047,33.17142105102539,-0.3414694497055239,5.275053206964174
19.634942054748535,253.5115203857422,-235.83352661132812,33.171627044677734,-0.3417836694246396,5.223489352018621
19.644561767578125,253.5115203857422,-235.83352661132812,33.171627044677734,-0.3417836694246396,5.223489352018621
19.655505895614624,253.6088409423828,-235.86846923828125,33.17182922363281,-0.34209475992947447,5.1721014769117835
19.664687871932983,253.6088409423828,-235.86846923828125,33.17182922363281,-0.34209475992947447,5.1721014769117835
19.67528772354126,253.6088409423828,-235.86846923828125,33.17182922363281,-0.34209475992947447,5.1721014769117835
19.68500566482544,253.70516967773438,-235.9031219482422,33.17203140258789,-0.3424036866159237,5.121018511964051
19.6949782371521,253.70516967773438,-235.9031219482422,33.17203140258789,-0.3424036866159237,5.121018511964051
19.705280303955078,253.70516967773438,-235.9031219482422,33.17203140258789,-0.3424036866159237,5.121018511964051
19.71504545211792,253.800537109375,-235.93746948242188,33.172237396240234,-0.3427105493525281,5.070261106230228
19.725306272506714,253.800537109375,-235.93746948242188,33.172237396240234,-0.3427105493525281,5.070261106230228
19.734877586364746,253.800537109375,-235.93746948242188,33.172237396240234,-0.3427105493525281,5.070261106230228
19.745189666748047,253.8949432373047,-235.9714813232422,33.17243957519531,-0.34301411642728347,5.019750615814521
19.754815101623535,253.8949432373047,-235.9714813232422,33.17243957519531,-0.34301411642728347,5.019750615814521
19.76533341407776,253.8949432373047,-235.9714813232422,33.17243957519531,-0.34301411642728347,5.019750615814521
19.77523374557495,253.98846435546875,-236.0052032470703,33.17258071899414,-0.343308595464819,4.97963288059705
19.785101652145386,253.98846435546875,-236.0052032470703,33.17258071899414,-0.343308595464819,4.97963288059705
19.795374631881714,254.08181762695312,-236.03892517089844,33.17267990112305,-0.3436079680608575,4.956976857453443
19.805182933807373,254.08181762695312,-236.03892517089844,33.17267990112305,-0.3436079680608575,4.956976857453443
19.81463861465454,254.08181762695312,-236.03892517089844,33.17267990112305,-0.3436079680608575,4.956976857453443
19.824957370758057,254.1747283935547,-236.0725555419922,33.172813415527344,-0.34390517683851035,4.932902515209339
19.834914207458496,254.1747283935547,-236.0725555419922,33.172813415527344,-0.34390517683851035,4.932902515209339
19.844741344451904,254.1747283935547,-236.0725555419922,33.172813415527344,-0.34390517683851035,4.932902515209339
19.85473942756653,254.26708984375,-236.1060028076172,33.1729621887207,-0.3441996558760459,4.905442636023959
19.86464524269104,254.26708984375,-236.1060028076172,33.1729621887207,-0.3441996558760459,4.905442636023959
19.874815464019775,254.26708984375,-236.1060028076172,33.1729621887207,-0.3441996558760459,4.905442636023959
19.885260820388794,254.35890197753906,-236.13931274414062,33.17313003540039,-0.3444931695176862,4.8752193214932875
19.89529252052307,254.35890197753906,-236.13931274414062,33.17313003540039,-0.3444931695176862,4.8752193214932875
19.90562152862549,254.35890197753906,-236.13931274414062,33.17313003540039,-0.3444931695176862,4.8752193214932875
19.915454864501953,254.4501190185547,-236.1724395751953,33.17331314086914,-0.34478455263045454,4.842870651643593
19.925055980682373,254.4501190185547,-236.1724395751953,33.17331314086914,-0.34478455263045454,4.842870651643593
19.935091257095337,254.4501190185547,-236.1724395751953,33.17331314086914,-0.34478455263045454,4.842870651643593
19.944955348968506,254.54067993164062,-236.20535278320312,33.17350387573242,-0.3450737719248371,4.808912233233244
19.954777240753174,254.54067993164062,-236.20535278320312,33.17350387573242,-0.3450737719248371,4.808912233233244
19.96504259109497,254.54067993164062,-236.20535278320312,33.17350387573242,-0.3450737719248371,4.808912233233244
19.975324869155884,254.63058471679688,-236.23806762695312,33.173702239990234,-0.34536136003305207,4.773750879835615
19.984904766082764,254.63058471679688,-236.23806762695312,33.173702239990234,-0.34536136003305207,4.773750879835615
19.99504804611206,254.7197723388672,-236.27052307128906,33.17390060424805,-0.3456468841914222,4.737707026620719
20.00506067276001,254.7197723388672,-236.27052307128906,33.17390060424805,-0.3456468841914222,4.737707026620719
20.01502799987793,254.7197723388672,-236.27052307128906,33.17390060424805,-0.3456468841914222,4.737707026620719
20.025026082992554,254.80831909179688,-236.3027801513672,33.17410659790039,-0.34593024453140664,4.7010335841003466
20.035040378570557,254.80831909179688,-236.3027801513672,33.17410659790039,-0.34593024453140664,4.7010335841003466
20.044787168502808,254.80831909179688,-236.3027801513672,33.17410659790039,-0.34593024453140664,4.7010335841003466
20.055114269256592,254.89610290527344,-236.3348388671875,33.174312591552734,-0.346211474342519,4.663930785383902
20.065220832824707,254.89610290527344,-236.3348388671875,33.174312591552734,-0.346211474342519,4.663930785383902
20.074769973754883,254.89610290527344,-236.3348388671875,33.174312591552734,-0.346211474342519,4.663930785383902
20.085459232330322,254.9832000732422,-236.36663818359375,33.17451477050781,-0.3464911062569773,4.626553593271222
20.095128774642944,254.9832000732422,-236.36663818359375,33.17451477050781,-0.3464911062569773,4.626553593271222
20.105167388916016,254.9832000732422,-236.36663818359375,33.17451477050781,-0.3464911062569773,4.626553593271222
20.115042686462402,255.069580078125,-236.39822387695312,33.174720764160156,-0.3467686409320772,4.589025966981341
20.12523317337036,255.069580078125,-236.39822387695312,33.174720764160156,-0.3467686409320772,4.589025966981341
20.135238885879517,255.15524291992188,-236.42955017089844,33.174922943115234,-0.3470439452097641,4.55144359380029
20.14513325691223,255.15524291992188,-236.42955017089844,33.174922943115234,-0.3470439452097641,4.55144359380029
20.155206441879272,255.15524291992188,-236.42955017089844,33.174922943115234,-0.3470439452097641,4.55144359380029
20.16477346420288,255.24020385742188,-236.46066284179688,33.17512512207031,-0.34731718553760627,4.513883641685969
20.174923181533813,255.24020385742188,-236.46066284179688,33.17512512207031,-0.34731718553760627,4.513883641685969
20.185187339782715,255.24020385742188,-236.46066284179688,33.17512512207031,-0.34731718553760627,4.513883641685969
20.19498109817505,255.32444763183594,-236.4915313720703,33.17532730102539,-0.3475882953365763,4.476398003166788
20.20498776435852,255.32444763183594,-236.4915313720703,33.17532730102539,-0.3475882953365763,4.476398003166788
20.214848041534424,255.32444763183594,-236.4915313720703,33.17532730102539,-0.3475882953365763,4.476398003166788
20.22509789466858,255.407958984375,-236.52215576171875,33.1755256652832,-0.3478578072388923,4.439027114774043
20.23512578010559,255.407958984375,-236.52215576171875,33.1755256652832,-0.3478578072388923,4.439027114774043
20.245246648788452,255.407958984375,-236.52215576171875,33.1755256652832,-0.3478578072388923,4.439027114774043
20.255084991455078,255.4907989501953,-236.5525665283203,33.17572021484375,-0.3481257212445543,4.401789147654415
20.265116691589355,255.4907989501953,-236.5525665283203,33.17572021484375,-0.3481257212445543,4.401789147654415
20.274781227111816,255.4907989501953,-236.5525665283203,33.17572021484375,-0.3481257212445543,4.401789147654415
20.285112142562866,255.57290649414062,-236.58274841308594,33.17591857910156,-0.3483925699857803,4.364714623143677
20.29483389854431,255.57290649414062,-236.58274841308594,33.17591857910156,-0.3483925699857803,4.364714623143677
20.305100679397583,255.65432739257812,-236.6126708984375,33.176109313964844,-0.3486588860947882,4.328153786231128
20.315101385116577,255.65432739257812,-236.6126708984375,33.176109313964844,-0.3486588860947882,4.328153786231128
20.325050830841064,255.65432739257812,-236.6126708984375,33.176109313964844,-0.3486588860947882,4.328153786231128
20.334923267364502,255.73507690429688,-236.6423797607422,33.17629623413086,-0.34892253904270604,4.292281922665382
20.34486722946167,255.73507690429688,-236.6423797607422,33.17629623413086,-0.34892253904270604,4.292281922665382
20.355114221572876,255.73507690429688,-236.6423797607422,33.17629623413086,-0.34892253904270604,4.292281922665382
20.3651065826416,255.8151092529297,-236.67184448242188,33.17648696899414,-0.3491818976433661,4.256420528835966
20.375102519989014,255.8151092529297,-236.67184448242188,33.17648696899414,-0.3491818976433661,4.256420528835966
20.384897708892822,255.8151092529297,-236.67184448242188,33.17648696899414,-0.3491818976433661,4.256420528835966
20.394967555999756,255.8944854736328,-236.7010955810547,33.17667007446289,-0.34943812702974536,4.220356259885564
20.405142068862915,255.8944854736328,-236.7010955810547,33.17667007446289,-0.34943812702974536,4.220356259885564
20.41498327255249,255.97315979003906,-236.73013305664062,33.17689514160156,-0.3496825386387874,4.18406207487402
20.424970626831055,255.97315979003906,-236.73013305664062,33.17689514160156,-0.3496825386387874,4.18406207487402
20.436309337615967,255.97315979003906,-236.73013305664062,33.17689514160156,-0.3496825386387874,4.18406207487402
20.445363521575928,256.05120849609375,-236.75889587402344,33.177085876464844,-0.3499233549803578,4.1481657921944795
20.455622673034668,256.05120849609375,-236.75889587402344,33.177085876464844,-0.3499233549803578,4.1481657921944795
20.465091228485107,256.05120849609375,-236.75889587402344,33.177085876464844,-0.3499233549803578,4.1481657921944795
20.475039958953857,256.12860107421875,-236.7874298095703,33.17726516723633,-0.350161874345488,4.1128947672630956
20.485162019729614,256.12860107421875,-236.7874298095703,33.17726516723633,-0.350161874345488,4.1128947672630956
20.49501085281372,256.12860107421875,-236.7874298095703,33.17726516723633,-0.350161874345488,4.1128947672630956
20.505373239517212,256.20526123046875,-236.81578063964844,33.177452087402344,-0.3504000275259684,4.077610675467037
20.515098810195923,256.20526123046875,-236.81578063964844,33.177452087402344,-0.3504000275259684,4.077610675467037
20.52502942085266,256.20526123046875,-236.81578063964844,33.177452087402344,-0.3504000275259684,4.077610675467037
20.53583335876465,256.28131103515625,-236.84388732910156,33.17764663696289,-0.3506370488629854,4.0426014807293615
20.545335054397583,256.28131103515625,-236.84388732910156,33.17764663696289,-0.3506370488629854,4.0426014807293615
20.555551290512085,256.28131103515625,-236.84388732910156,33.17764663696289,-0.3506370488629854,4.0426014807293615
20.56540298461914,256.356689453125,-236.8717498779297,33.17784881591797,-0.3508405143702675,4.007831369980274
20.575600147247314,256.356689453125,-236.8717498779297,33.17784881591797,-0.3508405143702675,4.007831369980274
20.58563733100891,256.43145751953125,-236.8992919921875,33.17805099487305,-0.3509465414711662,3.974533298026717
20.59559464454651,256.43145751953125,-236.8992919921875,33.17805099487305,-0.3509465414711662,3.974533298026717
20.605477333068848,256.43145751953125,-236.8992919921875,33.17805099487305,-0.3509465414711662,3.974533298026717
20.615100383758545,256.50567626953125,-236.9265594482422,33.17825698852539,-0.3509886194163895,3.942640711252032
20.6253445148468,256.50567626953125,-236.9265594482422,33.17825698852539,-0.3509886194163895,3.942640711252032
20.635485887527466,256.50567626953125,-236.9265594482422,33.17825698852539,-0.3509886194163895,3.942640711252032
20.64532971382141,256.579345703125,-236.95347595214844,33.178462982177734,-0.3509161481452257,3.913063370444048
20.6559157371521,256.579345703125,-236.95347595214844,33.178462982177734,-0.3509161481452257,3.913063370444048
20.665610551834106,256.579345703125,-236.95347595214844,33.178462982177734,-0.3509161481452257,3.913063370444048
20.675228118896484,256.6525573730469,-236.98011779785156,33.17866516113281,-0.35077070626019374,3.8875579034016017
20.68488574028015,256.6525573730469,-236.98011779785156,33.17866516113281,-0.35077070626019374,3.8875579034016017
20.695201873779297,256.6525573730469,-236.98011779785156,33.17866516113281,-0.35077070626019374,3.8875579034016017
20.70571541786194,256.7254333496094,-237.00643920898438,33.17886734008789,-0.35047459603649056,3.865609352493989
20.715517044067383,256.7254333496094,-237.00643920898438,33.17886734008789,-0.35047459603649056,3.865609352493989
20.724977254867554,256.7979736328125,-237.03245544433594,33.17906951904297,-0.3500815134595949,3.846974679625049
20.735541105270386,256.7979736328125,-237.03245544433594,33.17906951904297,-0.3500815134595949,3.846974679625049
20.745935440063477,256.7979736328125,-237.03245544433594,33.17906951904297,-0.3500815134595949,3.846974679625049
20.75519824028015,256.8702392578125,-237.0581512451172,33.17926788330078,-0.3495233148951143,3.8309309374555998
20.765449047088623,256.8702392578125,-237.0581512451172,33.17926788330078,-0.3495233148951143,3.8309309374555998
20.77521824836731,256.8702392578125,-237.0581512451172,33.17926788330078,-0.3495233148951143,3.8309309374555998
20.785263538360596,256.9423522949219,-237.0835723876953,33.179466247558594,-0.34886028765222543,3.81738986251026
20.79523277282715,256.9423522949219,-237.0835723876953,33.179466247558594,-0.34886028765222543,3.81738986251026
20.805772304534912,256.9423522949219,-237.0835723876953,33.179466247558594,-0.34886028765222543,3.81738986251026
20.81533670425415,257.0143737792969,-237.10842895507812,33.179656982421875,-0.34780024966983303,3.8046809509233364
20.825221061706543,257.0143737792969,-237.10842895507812,33.179656982421875,-0.34780024966983303,3.8046809509233364
20.835488319396973,257.08642578125,-237.13233947753906,33.17985153198242,-0.34604952085872853,3.7916552009226177
20.844963550567627,257.08642578125,-237.13233947753906,33.17985153198242,-0.34604952085872853,3.7916552009226177
20.85544490814209,257.08642578125,-237.13233947753906,33.17985153198242,-0.34604952085872853,3.7916552009226177
20.864847421646118,257.1585388183594,-237.15542602539062,33.1800422668457,-0.34376938891243,3.7811184814392296
20.875006675720215,257.1585388183594,-237.15542602539062,33.1800422668457,-0.34376938891243,3.7811184814392296
20.885310888290405,257.1585388183594,-237.15542602539062,33.1800422668457,-0.34376938891243,3.7811184814392296
20.895111322402954,257.2306823730469,-237.1776123046875,33.18022537231445,-0.34097037331724306,3.7717123442362053
20.9051296710968,257.2306823730469,-237.1776123046875,33.18022537231445,-0.34097037331724306,3.7717123442362053
20.915639638900757,257.2306823730469,-237.1776123046875,33.18022537231445,-0.34097037331724306,3.7717123442362053
20.92518162727356,257.3028564453125,-237.19915771484375,33.18040466308594,-0.3378624976146342,3.766178558916229
20.93542218208313,257.3028564453125,-237.19915771484375,33.18040466308594,-0.3378624976146342,3.766178558916229
20.945281505584717,257.3028564453125,-237.19915771484375,33.18040466308594,-0.3378624976146342,3.766178558916229
20.955289125442505,257.3750915527344,-237.2201385498047,33.18058395385742,-0.33455112311522966,3.763035255925139
20.96541738510132,257.3750915527344,-237.2201385498047,33.18058395385742,-0.33455112311522966,3.763035255925139
20.97560691833496,257.44744873046875,-237.24069213867188,33.18075942993164,-0.3311305923006455,3.762172131821028
20.98520016670227,257.44744873046875,-237.24069213867188,33.18075942993164,-0.3311305923006455,3.762172131821028
20.99526619911194,257.44744873046875,-237.24069213867188,33.18075942993164,-0.3311305923006455,3.762172131821028
21.00536036491394,257.5198974609375,-237.26089477539062,33.18093490600586,-0.3276407860082057,3.763770241346361
21.01545476913452,257.5198974609375,-237.26089477539062,33.18093490600586,-0.3276407860082057,3.763770241346361
21.025418043136597,257.5198974609375,-237.26089477539062,33.18093490600586,-0.3276407860082057,3.763770241346361
21.035704851150513,257.592529296875,-237.28079223632812,33.18111038208008,-0.3241100003244923,3.7685556628648946
21.045299291610718,257.592529296875,-237.28079223632812,33.18111038208008,-0.3241100003244923,3.7685556628648946
21.055384635925293,257.592529296875,-237.28079223632812,33.18111038208008,-0.3241100003244923,3.7685556628648946
21.06583571434021,257.66534423828125,-237.30050659179688,33.18128204345703,-0.3206505540684793,3.777333248542636
21.075774669647217,257.66534423828125,-237.30050659179688,33.18128204345703,-0.3206505540684793,3.777333248542636
21.085939407348633,257.66534423828125,-237.30050659179688,33.18128204345703,-0.3206505540684793,3.777333248542636
21.095520973205566,257.73846435546875,-237.32020568847656,33.18145751953125,-0.3173312233753182,3.790644794791658
21.106024265289307,257.73846435546875,-237.32020568847656,33.18145751953125,-0.3173312233753182,3.790644794791658
21.11559271812439,257.8118896484375,-237.33985900878906,33.181636810302734,-0.31409015632869175,3.8074522223934983
21.125253915786743,257.8118896484375,-237.33985900878906,33.181636810302734,-0.31409015632869175,3.8074522223934983
21.135934591293335,257.8118896484375,-237.33985900878906,33.181636810302734,-0.31409015632869175,3.8074522223934983
21.145642518997192,257.8857421875,-237.35952758789062,33.181819915771484,-0.31096836560938723,3.8274462701590766
21.155782222747803,257.8857421875,-237.35952758789062,33.181819915771484,-0.31096836560938723,3.8274462701590766
21.165054321289062,257.8857421875,-237.35952758789062,33.181819915771484,-0.31096836560938723,3.8274462701590766
21.17523765563965,257.9600830078125,-237.37918090820312,33.182003021240234,-0.3079154176042613,3.849356189292073
21.185110807418823,257.9600830078125,-237.37918090820312,33.182003021240234,-0.3079154176042613,3.849356189292073
21.195136547088623,257.9600830078125,-237.37918090820312,33.182003021240234,-0.3079154176042613,3.849356189292073
21.20526671409607,258.0347900390625,-237.3990936279297,33.18218994140625,-0.30517286102418406,3.8730655007733312
21.215028524398804,258.0347900390625,-237.3990936279297,33.18218994140625,-0.30517286102418406,3.8730655007733312
21.22519874572754,258.0347900390625,-237.3990936279297,33.18218994140625,-0.30517286102418406,3.8730655007733312
21.23540997505188,258.1099853515625,-237.419189453125,33.182376861572266,-0.3026369990342106,3.896229331854671
21.245201349258423,258.1099853515625,-237.419189453125,33.182376861572266,-0.3026369990342106,3.896229331854671
21.25550150871277,258.1855163574219,-237.4398193359375,33.18257141113281,-0.3005838017023004,3.919031973609116
21.26540970802307,258.1855163574219,-237.4398193359375,33.18257141113281,-0.3005838017023004,3.919031973609116
21.275609970092773,258.1855163574219,-237.4398193359375,33.18257141113281,-0.3005838017023004,3.919031973609116
21.28545093536377,258.2613830566406,-237.4607696533203,33.18276596069336,-0.2988478867247595,3.94016635028772
21.295472621917725,258.2613830566406,-237.4607696533203,33.18276596069336,-0.2988478867247595,3.94016635028772
21.305354833602905,258.2613830566406,-237.4607696533203,33.18276596069336,-0.2988478867247595,3.94016635028772
21.3160457611084,258.33758544921875,-237.48216247558594,33.182960510253906,-0.29746360887964995,3.960223570404618
21.325464010238647,258.33758544921875,-237.48216247558594,33.182960510253906,-0.29746360887964995,3.960223570404618
21.335261583328247,258.33758544921875,-237.48216247558594,33.182960510253906,-0.29746360887964995,3.960223570404618
21.345727920532227,258.4140625,-237.50401306152344,33.18315505981445,-0.29643719330601975,3.979138453955589
21.355451345443726,258.4140625,-237.50401306152344,33.18315505981445,-0.29643719330601975,3.979138453955589
21.365619897842407,258.4140625,-237.50401306152344,33.18315505981445,-0.29643719330601975,3.979138453955589
21.375535011291504,258.4908142089844,-237.52618408203125,33.183353424072266,-0.29561164665760886,3.9972354527273333
21.385305404663086,258.4908142089844,-237.52618408203125,33.183353424072266,-0.29561164665760886,3.9972354527273333
21.395681858062744,258.5678405761719,-237.54864501953125,33.183555603027344,-0.29499006485918433,4.014854146175282
21.405207872390747,258.5678405761719,-237.54864501953125,33.183555603027344,-0.29499006485918433,4.014854146175282
21.415424823760986,258.5678405761719,-237.54864501953125,33.183555603027344,-0.29499006485918433,4.014854146175282
21.42515468597412,258.6451721191406,-237.5713653564453,33.18375778198242,-0.2944894238637631,4.0322554939332305
21.435824394226074,258.6451721191406,-237.5713653564453,33.18375778198242,-0.2944894238637631,4.0322554939332305
21.44504189491272,258.6451721191406,-237.5713653564453,33.18375778198242,-0.2944894238637631,4.0322554939332305
21.455578088760376,258.7228088378906,-237.59426879882812,33.183963775634766,-0.294092546282314,4.050487196847148
21.465814113616943,258.7228088378906,-237.59426879882812,33.183963775634766,-0.294092546282314,4.050487196847148
21.475815773010254,258.7228088378906,-237.59426879882812,33.183963775634766,-0.294092546282314,4.050487196847148
21.485684156417847,258.8008117675781,-237.6173553466797,33.184173583984375,-0.2937586191711317,4.07063078778718
21.49561095237732,258.8008117675781,-237.6173553466797,33.184173583984375,-0.2937586191711317,4.07063078778718
21.50569772720337,258.8791809082031,-237.640625,33.18437576293945,-0.2934678352696087,4.092621094171584
21.51550579071045,258.8791809082031,-237.640625,33.18437576293945,-0.2934678352696087,4.092621094171584
21.525502920150757,258.8791809082031,-237.640625,33.18437576293945,-0.2934678352696087,4.092621094171584
21.535785913467407,258.9580383300781,-237.66403198242188,33.18458557128906,-0.2931993886317287,4.116729778440645
21.545586109161377,258.9580383300781,-237.66403198242188,33.18458557128906,-0.2931993886317287,4.116729778440645
21.555363416671753,258.9580383300781,-237.66403198242188,33.18458557128906,-0.2931993886317287,4.116729778440645
21.566057443618774,259.037353515625,-237.68760681152344,33.1848030090332,-0.29294588898546675,4.142633490481173
21.57530951499939,259.037353515625,-237.68760681152344,33.1848030090332,-0.29294588898546675,4.142633490481173
21.585289478302002,259.037353515625,-237.68760681152344,33.1848030090332,-0.29294588898546675,4.142633490481173
21.595908641815186,259.1171875,-237.7113494873047,33.185035705566406,-0.2927024427723199,4.170277033477689
21.60551428794861,259.1171875,-237.7113494873047,33.185035705566406,-0.2927024427723199,4.170277033477689
21.615262985229492,259.1171875,-237.7113494873047,33.185035705566406,-0.2927024427723199,4.170277033477689
21.6254723072052,259.19757080078125,-237.73524475097656,33.185272216796875,-0.29246375695962157,4.19938127337066
21.635393857955933,259.19757080078125,-237.73524475097656,33.185272216796875,-0.29246375695962157,4.19938127337066
21.64548110961914,259.19757080078125,-237.73524475097656,33.185272216796875,-0.29246375695962157,4.19938127337066
21.65559482574463,259.278564453125,-237.75929260253906,33.185516357421875,-0.2922262029903865,4.230895897361175
21.66608738899231,259.278564453125,-237.75929260253906,33.185516357421875,-0.2922262029903865,4.230895897361175
21.675523042678833,259.3602294921875,-237.78355407714844,33.18576431274414,-0.29198818296796064,4.267697932669952
21.685425281524658,259.3602294921875,-237.78355407714844,33.18576431274414,-0.29198818296796064,4.267697932669952
21.6956729888916,259.3602294921875,-237.78355407714844,33.18576431274414,-0.29198818296796064,4.267697932669952
21.705483436584473,259.4426574707031,-237.8080291748047,33.18601989746094,-0.2917489978125579,4.309926321762443
21.715444326400757,259.4426574707031,-237.8080291748047,33.18601989746094,-0.2917489978125579,4.309926321762443
21.725383281707764,259.4426574707031,-237.8080291748047,33.18601989746094,-0.2917489978125579,4.309926321762443
21.73551344871521,259.5260009765625,-237.83273315429688,33.186275482177734,-0.2915071827855787,4.356780188870673
21.746120929718018,259.5260009765625,-237.83273315429688,33.186275482177734,-0.2915071827855787,4.356780188870673
21.7556095123291,259.5260009765625,-237.83273315429688,33.186275482177734,-0.2915071827855787,4.356780188870673
21.765411853790283,259.6102600097656,-237.85769653320312,33.18653869628906,-0.29126327051924106,4.407056498574594
21.775754928588867,259.6102600097656,-237.85769653320312,33.18653869628906,-0.29126327051924106,4.407056498574594
21.78560733795166,259.695556640625,-237.88291931152344,33.186798095703125,-0.2910166950918134,4.459733784989095
21.795888662338257,259.695556640625,-237.88291931152344,33.186798095703125,-0.2910166950918134,4.459733784989095
21.805862188339233,259.695556640625,-237.88291931152344,33.186798095703125,-0.2910166950918134,4.459733784989095
21.815417766571045,259.7818908691406,-237.90843200683594,33.18706512451172,-0.2907673899242683,4.514190350498523
21.825517654418945,259.7818908691406,-237.90843200683594,33.18706512451172,-0.2907673899242683,4.514190350498523
21.83619713783264,259.7818908691406,-237.90843200683594,33.18706512451172,-0.2907673899242683,4.514190350498523
21.84576988220215,259.8692932128906,-237.93418884277344,33.18733215332031,-0.2904855609019107,4.570003818820309
21.855664014816284,259.8692932128906,-237.93418884277344,33.18733215332031,-0.2904855609019107,4.570003818820309
21.865591049194336,259.8692932128906,-237.93418884277344,33.18733215332031,-0.2904855609019107,4.570003818820309
21.875428438186646,259.9577941894531,-237.9602508544922,33.18760299682617,-0.2901788313233608,4.626894358571553
21.885520696640015,259.9577941894531,-237.9602508544922,33.18760299682617,-0.2901788313233608,4.626894358571553
21.89551043510437,259.9577941894531,-237.9602508544922,33.18760299682617,-0.2901788313233608,4.626894358571553
21.90555691719055,260.04742431640625,-237.98651123046875,33.1878776550293,-0.28978365150710667,4.684527486536173
21.915952682495117,260.04742431640625,-237.98651123046875,33.1878776550293,-0.28978365150710667,4.684527486536173
21.92552614212036,260.1382141113281,-238.01300048828125,33.18815231323242,-0.2893239566134454,4.742811799671473
21.93556046485901,260.1382141113281,-238.01300048828125,33.18815231323242,-0.2893239566134454,4.742811799671473
21.945767402648926,260.1382141113281,-238.01300048828125,33.18815231323242,-0.2893239566134454,4.742811799671473
21.955576419830322,260.23016357421875,-238.03968811035156,33.18843460083008,-0.2887876625489307,4.801497814915239
21.965339183807373,260.23016357421875,-238.03968811035156,33.18843460083008,-0.2887876625489307,4.801497814915239
21.975611686706543,260.23016357421875,-238.03968811035156,33.18843460083008,-0.2887876625489307,4.801497814915239
21.985533237457275,260.3232421875,-238.06661987304688,33.188720703125,-0.2881984714472643,4.860521571824024
21.995521545410156,260.3232421875,-238.06661987304688,33.188720703125,-0.2881984714472643,4.860521571824024
22.00592827796936,260.3232421875,-238.06661987304688,33.188720703125,-0.2881984714472643,4.860521571824024
22.015527486801147,260.4175109863281,-238.09375,33.18901062011719,-0.2875710639839552,4.919742088345186
22.025600910186768,260.4175109863281,-238.09375,33.18901062011719,-0.2875710639839552,4.919742088345186
22.03587055206299,260.4175109863281,-238.09375,33.18901062011719,-0.2875710639839552,4.919742088345186
22.045573472976685,260.512939453125,-238.12112426757812,33.18930435180664,-0.28691802359515417,4.979078799729116
22.055887460708618,260.512939453125,-238.12112426757812,33.18930435180664,-0.28691802359515417,4.979078799729116
22.065739631652832,260.60955810546875,-238.14874267578125,33.18967056274414,-0.286242745811251,5.0386067152685845
22.075692892074585,260.60955810546875,-238.14874267578125,33.18967056274414,-0.286242745811251,5.0386067152685845
22.086036682128906,260.60955810546875,-238.14874267578125,33.18967056274414,-0.286242745811251,5.0386067152685845
22.095486640930176,260.70733642578125,-238.17662048339844,33.19007873535156,-0.2855475276086858,5.098112154947118
22.10564088821411,260.70733642578125,-238.17662048339844,33.19007873535156,-0.2855475276086858,5.098112154947118
22.11578607559204,260.70733642578125,-238.17662048339844,33.19007873535156,-0.2855475276086858,5.098112154947118
22.12570595741272,260.8062438964844,-238.2047576904297,33.190452575683594,-0.28484022531267433,5.156967758840803
22.13561224937439,260.8062438964844,-238.2047576904297,33.190452575683594,-0.28484022531267433,5.156967758840803
22.146113634109497,260.8062438964844,-238.2047576904297,33.190452575683594,-0.28484022531267433,5.156967758840803
22.156267166137695,260.9061279296875,-238.23306274414062,33.19080352783203,-0.284136651442189,5.195470630211883
22.165606021881104,260.9061279296875,-238.23306274414062,33.19080352783203,-0.284136651442189,5.195470630211883
22.176044464111328,261.0058288574219,-238.26126098632812,33.19114685058594,-0.2833904004152352,5.1558461425680555
22.186002492904663,261.0058288574219,-238.26126098632812,33.19114685058594,-0.2833904004152352,5.1558461425680555
22.19586420059204,261.0058288574219,-238.26126098632812,33.19114685058594,-0.2833904004152352,5.1558461425680555
22.20560598373413,261.1050720214844,-238.28929138183594,33.19148254394531,-0.28265922953795397,5.145510316257488
22.215607166290283,261.1050720214844,-238.28929138183594,33.19148254394531,-0.28265922953795397,5.145510316257488
22.22558856010437,261.1050720214844,-238.28929138183594,33.19148254394531,-0.28265922953795397,5.145510316257488
22.23592257499695,261.2041931152344,-238.31719970703125,33.191810607910156,-0.281926161158396,5.136247909024685
22.245554208755493,261.2041931152344,-238.31719970703125,33.191810607910156,-0.281926161158396,5.136247909024685
22.255999326705933,261.2041931152344,-238.31719970703125,33.191810607910156,-0.281926161158396,5.136247909024685
22.265997171401978,261.30322265625,-238.34503173828125,33.192134857177734,-0.28118906474768934,5.134089406386228
22.276151657104492,261.30322265625,-238.34503173828125,33.192134857177734,-0.28118906474768934,5.134089406386228
22.286223888397217,261.40234375,-238.372802734375,33.192447662353516,-0.28044927188637897,5.1372538221385655
22.29583430290222,261.40234375,-238.372802734375,33.192447662353516,-0.28044927188637897,5.1372538221385655
22.305564880371094,261.40234375,-238.372802734375,33.192447662353516,-0.28044927188637897,5.1372538221385655
22.315642595291138,261.50164794921875,-238.40054321289062,33.1927604675293,-0.2797061833632196,5.145653878324677
22.325616359710693,261.50164794921875,-238.40054321289062,33.1927604675293,-0.2797061833632196,5.145653878324677
22.335638284683228,261.50164794921875,-238.40054321289062,33.1927604675293,-0.2797061833632196,5.145653878324677
22.345683097839355,261.6011657714844,-238.4282989501953,33.19306564331055,-0.2789892437530134,5.159000556160138
22.355932474136353,261.6011657714844,-238.4282989501953,33.19306564331055,-0.2789892437530134,5.159000556160138
22.365822792053223,261.6011657714844,-238.4282989501953,33.19306564331055,-0.2789892437530134,5.159000556160138
22.375722646713257,261.7010192871094,-238.45608520507812,33.1933708190918,-0.27829314337833716,5.176261294340769
22.386155128479004,261.7010192871094,-238.45608520507812,33.1933708190918,-0.27829314337833716,5.176261294340769
22.396194219589233,261.7010192871094,-238.45608520507812,33.1933708190918,-0.27829314337833716,5.176261294340769
22.405842304229736,261.80126953125,-238.48399353027344,33.19367218017578,-0.27765779636602833,5.197355216607778
22.41658592224121,261.80126953125,-238.48399353027344,33.19367218017578,-0.27765779636602833,5.197355216607778
22.425793170928955,261.9019775390625,-238.51202392578125,33.19397735595703,-0.27707026974004323,5.221142987045991
22.436147928237915,261.9019775390625,-238.51202392578125,33.19397735595703,-0.27707026974004323,5.221142987045991
22.44577670097351,261.9019775390625,-238.51202392578125,33.19397735595703,-0.27707026974004323,5.221142987045991
22.455763816833496,262.003173828125,-238.54017639160156,33.19428253173828,-0.2765317785676292,5.247628058661975
22.465720891952515,262.003173828125,-238.54017639160156,33.19428253173828,-0.2765317785676292,5.247628058661975
22.475772380828857,262.003173828125,-238.54017639160156,33.19428253173828,-0.2765317785676292,5.247628058661975
22.486324310302734,262.1049499511719,-238.56845092773438,33.19458770751953,-0.2760257280262437,5.2760305876644
22.49568748474121,262.1049499511719,-238.56845092773438,33.19458770751953,-0.2760257280262437,5.2760305876644
22.505657196044922,262.1049499511719,-238.56845092773438,33.19458770751953,-0.2760257280262437,5.2760305876644
22.515981912612915,262.2072448730469,-238.59689331054688,33.19489669799805,-0.27556238793084037,5.3062930354845195
22.525676727294922,262.2072448730469,-238.59689331054688,33.19489669799805,-0.27556238793084037,5.3062930354845195
22.536205291748047,262.3101806640625,-238.62548828125,33.19520568847656,-0.27512882530537547,5.337568810571891
22.545629501342773,262.3101806640625,-238.62548828125,33.19520568847656,-0.27512882530537547,5.337568810571891
22.55602240562439,262.3101806640625,-238.62548828125,33.19520568847656,-0.27512882530537547,5.337568810571891
22.565864324569702,262.4137268066406,-238.65423583984375,33.195518493652344,-0.27472082902637535,5.369928783596835
22.575777292251587,262.4137268066406,-238.65423583984375,33.195518493652344,-0.27472082902637535,5.369928783596835
22.585583209991455,262.4137268066406,-238.65423583984375,33.195518493652344,-0.27472082902637535,5.369928783596835
22.595666885375977,262.51788330078125,-238.68312072753906,33.19582748413086,-0.2743298936231085,5.402634193652257
22.60601806640625,262.51788330078125,-238.68312072753906,33.19582748413086,-0.2743298936231085,5.402634193652257
22.616028547286987,262.51788330078125,-238.68312072753906,33.19582748413086,-0.2743298936231085,5.402634193652257
22.62601590156555,262.62274169921875,-238.71218872070312,33.196144104003906,-0.2739484790207387,5.435329834053159
22.635923862457275,262.62274169921875,-238.71218872070312,33.196144104003906,-0.2739484790207387,5.435329834053159
22.645729303359985,262.62274169921875,-238.71218872070312,33.196144104003906,-0.2739484790207387,5.435329834053159
22.65623664855957,262.7281799316406,-238.7413787841797,33.19646453857422,-0.2735724240300627,5.468064385809401
22.665900945663452,262.7281799316406,-238.7413787841797,33.19646453857422,-0.2735724240300627,5.468064385809401
22.675714015960693,262.8342590332031,-238.77072143554688,33.19678497314453,-0.27320014739918325,5.500438060301433
22.685848474502563,262.8342590332031,-238.77072143554688,33.19678497314453,-0.27320014739918325,5.500438060301433
22.696487188339233,262.8342590332031,-238.77072143554688,33.19678497314453,-0.27320014739918325,5.500438060301433
22.706125259399414,262.94097900390625,-238.80018615722656,33.19710922241211,-0.2728288694537126,5.532627704839702
22.715739488601685,262.94097900390625,-238.80018615722656,33.19710922241211,-0.2728288694537126,5.532627704839702
22.72570013999939,262.94097900390625,-238.80018615722656,33.19710922241211,-0.2728288694537126,5.532627704839702
22.735924243927002,263.0483093261719,-238.82980346679688,33.19743728637695,-0.2724576414425124,5.564511555492468
22.746151447296143,263.0483093261719,-238.82980346679688,33.19743728637695,-0.2724576414425124,5.564511555492468
22.756591796875,263.0483093261719,-238.82980346679688,33.19743728637695,-0.2724576414425124,5.564511555492468
22.765639066696167,263.15625,-238.85955810546875,33.1977653503418,-0.2720858974438509,5.5959056504160944
22.77614164352417,263.15625,-238.85955810546875,33.1977653503418,-0.2720858974438509,5.5959056504160944
22.78604006767273,263.26483154296875,-238.88943481445312,33.198097229003906,-0.2717130548912398,5.627049136605057
22.795902729034424,263.26483154296875,-238.88943481445312,33.198097229003906,-0.2717130548912398,5.627049136605057
22.805918216705322,263.26483154296875,-238.88943481445312,33.198097229003906,-0.2717130548912398,5.627049136605057
22.815873622894287,263.3739929199219,-238.91940307617188,33.19843292236328,-0.2713380984545135,5.65783251782978
22.825828790664673,263.3739929199219,-238.91940307617188,33.19843292236328,-0.2713380984545135,5.65783251782978
22.835888147354126,263.3739929199219,-238.91940307617188,33.19843292236328,-0.2713380984545135,5.65783251782978
22.8458468914032,263.4837951660156,-238.9495086669922,33.198768615722656,-0.2709625594512987,5.688363091810017
22.8557870388031,263.4837951660156,-238.9495086669922,33.198768615722656,-0.2709625594512987,5.688363091810017
22.865872144699097,263.4837951660156,-238.9495086669922,33.198768615722656,-0.2709625594512987,5.688363091810017
22.87567663192749,263.59417724609375,-238.979736328125,33.19911193847656,-0.27058439057650746,5.718534486648083
22.885717153549194,263.59417724609375,-238.979736328125,33.19911193847656,-0.27058439057650746,5.718534486648083
22.896487712860107,263.70513916015625,-239.01011657714844,33.1994514465332,-0.2702051231477665,5.7486625193141245
22.905779123306274,263.70513916015625,-239.01011657714844,33.1994514465332,-0.2702051231477665,5.7486625193141245
22.91638469696045,263.70513916015625,-239.01011657714844,33.1994514465332,-0.2702051231477665,5.7486625193141245
22.925914525985718,263.8166809082031,-239.04055786132812,33.19979476928711,-0.2698238084139376,5.778346356337942
22.935699462890625,263.8166809082031,-239.04055786132812,33.19979476928711,-0.2698238084139376,5.778346356337942
22.945757627487183,263.8166809082031,-239.04055786132812,33.19979476928711,-0.2698238084139376,5.778346356337942
22.95659589767456,263.9288330078125,-239.0711212158203,33.20014190673828,-0.26944087913869785,5.807910563208601
22.96556258201599,263.9288330078125,-239.0711212158203,33.20014190673828,-0.26944087913869785,5.807910563208601
22.97673797607422,263.9288330078125,-239.0711212158203,33.20014190673828,-0.26944087913869785,5.807910563208601
22.986133098602295,264.04150390625,-239.10183715820312,33.20048904418945,-0.26905626874301997,5.8372826293082305
22.995792865753174,264.04150390625,-239.10183715820312,33.20048904418945,-0.26905626874301997,5.8372826293082305
23.00606393814087,264.04150390625,-239.10183715820312,33.20048904418945,-0.26905626874301997,5.8372826293082305
23.015726566314697,264.15478515625,-239.13262939453125,33.20083236694336,-0.26866959439749727,5.8664555047021425
23.02596426010132,264.15478515625,-239.13262939453125,33.20083236694336,-0.26866959439749727,5.8664555047021425
23.036452531814575,264.2686462402344,-239.16354370117188,33.20118713378906,-0.26828128886580693,5.895435344147826
23.04608416557312,264.2686462402344,-239.16354370117188,33.20118713378906,-0.26828128886580693,5.895435344147826
23.056357860565186,264.2686462402344,-239.16354370117188,33.20118713378906,-0.26828128886580693,5.895435344147826
23.06667685508728,264.3830871582031,-239.19461059570312,33.2015380859375,-0.2678913854374625,5.924323790245557
23.07668972015381,264.3830871582031,-239.19461059570312,33.2015380859375,-0.2678913854374625,5.924323790245557
23.087326288223267,264.3830871582031,-239.19461059570312,33.2015380859375,-0.2678913854374625,5.924323790245557
23.09711790084839,264.498046875,-239.22572326660156,33.20189666748047,-0.2674988354927848,5.952991363660666
23.106691598892212,264.498046875,-239.22572326660156,33.20189666748047,-0.2674988354927848,5.952991363660666
23.116841316223145,264.6136169433594,-239.25697326660156,33.20225143432617,-0.26710576956064597,5.981572320204996
23.126842498779297,264.6136169433594,-239.25697326660156,33.20225143432617,-0.26710576956064597,5.981572320204996
23.136879444122314,264.6136169433594,-239.25697326660156,33.20225143432617,-0.26710576956064597,5.981572320204996
23.147016525268555,264.7297058105469,-239.28831481933594,33.20261001586914,-0.26671005711217377,6.009956312906324
23.157181978225708,264.7297058105469,-239.28831481933594,33.20261001586914,-0.26671005711217377,6.009956312906324
23.166998147964478,264.7297058105469,-239.28831481933594,33.20261001586914,-0.26671005711217377,6.009956312906324
23.177375316619873,264.84637451171875,-239.31976318359375,33.20296859741211,-0.26631317953072475,6.038297289396538
23.187082052230835,264.84637451171875,-239.31976318359375,33.20296859741211,-0.26631317953072475,6.038297289396538
23.197235345840454,264.84637451171875,-239.31976318359375,33.20296859741211,-0.26631317953072475,6.038297289396538
23.207416772842407,264.963623046875,-239.35130310058594,33.203330993652344,-0.2659137719462401,6.066487588834702
23.217588424682617,264.963623046875,-239.35130310058594,33.203330993652344,-0.2659137719462401,6.066487588834702
23.227960109710693,265.0814208984375,-239.38294982910156,33.203697204589844,-0.26551319922877853,6.094835907086782
23.238689184188843,265.0814208984375,-239.38294982910156,33.203697204589844,-0.26551319922877853,6.094835907086782
23.24770474433899,265.0814208984375,-239.38294982910156,33.203697204589844,-0.26551319922877853,6.094835907086782
23.257970809936523,265.19976806640625,-239.41470336914062,33.204063415527344,-0.26511104525941975,6.123194961978013
23.268027305603027,265.19976806640625,-239.41470336914062,33.204063415527344,-0.26511104525941975,6.123194961978013
23.27807593345642,265.19976806640625,-239.41470336914062,33.204063415527344,-0.26511104525941975,6.123194961978013
23.28850293159485,265.31866455078125,-239.446533203125,33.204437255859375,-0.26470629470799817,6.15147837672632
23.298144340515137,265.31866455078125,-239.446533203125,33.204437255859375,-0.26470629470799817,6.15147837672632
23.308159351348877,265.31866455078125,-239.446533203125,33.204437255859375,-0.26470629470799817,6.15147837672632
23.3185031414032,265.43817138671875,-239.47848510742188,33.20482635498047,-0.2643004456026269,6.180410228727004
23.328338623046875,265.43817138671875,-239.47848510742188,33.20482635498047,-0.2643004456026269,6.180410228727004
23.338598251342773,265.43817138671875,-239.47848510742188,33.20482635498047,-0.2643004456026269,6.180410228727004
23.348440408706665,265.5582275390625,-239.5105438232422,33.205223083496094,-0.2638923660998427,6.209898260324727
23.359027862548828,265.5582275390625,-239.5105438232422,33.205223083496094,-0.2638923660998427,6.209898260324727
23.368680715560913,265.67889404296875,-239.54270935058594,33.20562744140625,-0.26348923008983194,6.240095014957643
23.3784122467041,265.67889404296875,-239.54270935058594,33.20562744140625,-0.26348923008983194,6.240095014957643
23.38872480392456,265.67889404296875,-239.54270935058594,33.20562744140625,-0.26348923008983194,6.240095014957643
23.399653434753418,265.8001403808594,-239.5749969482422,33.20603561401367,-0.2630891900045884,6.271031949787593
23.408822298049927,265.8001403808594,-239.5749969482422,33.20603561401367,-0.2630891900045884,6.271031949787593
23.4192898273468,265.8001403808594,-239.5749969482422,33.20603561401367,-0.2630891900045884,6.271031949787593
23.42930769920349,265.92205810546875,-239.60739135742188,33.20644760131836,-0.26269133038248743,6.30271365481161
23.43990397453308,265.92205810546875,-239.60739135742188,33.20644760131836,-0.26269133038248743,6.30271365481161
23.44975471496582,266.0445556640625,-239.6399383544922,33.20686340332031,-0.26229343747087275,6.335649066138862
23.459123373031616,266.0445556640625,-239.6399383544922,33.20686340332031,-0.26229343747087275,6.335649066138862
23.468968152999878,266.0445556640625,-239.6399383544922,33.20686340332031,-0.26229343747087275,6.335649066138862
23.479145526885986,266.1677551269531,-239.67257690429688,33.20728302001953,-0.26189665975796456,6.371005340429935
23.488975763320923,266.1677551269531,-239.67257690429688,33.20728302001953,-0.26189665975796456,6.371005340429935
23.499227046966553,266.1677551269531,-239.67257690429688,33.20728302001953,-0.26189665975796456,6.371005340429935
23.509889602661133,266.29168701171875,-239.7053680419922,33.207706451416016,-0.2614971523049391,6.408198113613891
23.519392490386963,266.29168701171875,-239.7053680419922,33.207706451416016,-0.2614971523049391,6.408198113613891
23.529396057128906,266.29168701171875,-239.7053680419922,33.207706451416016,-0.2614971523049391,6.408198113613891
23.539843797683716,266.4163513183594,-239.73831176757812,33.2081298828125,-0.26109827735267244,6.447072337704872
23.549886226654053,266.4163513183594,-239.73831176757812,33.2081298828125,-0.26109827735267244,6.447072337704872
23.559900522232056,266.4163513183594,-239.73831176757812,33.2081298828125,-0.26109827735267244,6.447072337704872
23.569809675216675,266.5418395996094,-239.77142333984375,33.20855712890625,-0.260695557461582,6.487434603539007
23.580109119415283,266.5418395996094,-239.77142333984375,33.20855712890625,-0.260695557461582,6.487434603539007
23.590051651000977,266.6681213378906,-239.8046875,33.208984375,-0.2602923382277872,6.528641427021672
23.600096940994263,266.6681213378906,-239.8046875,33.208984375,-0.2602923382277872,6.528641427021672
23.609941959381104,266.6681213378906,-239.8046875,33.208984375,-0.2602923382277872,6.528641427021672
23.62023639678955,266.7951965332031,-239.83810424804688,33.20941162109375,-0.2598859564901979,6.5704145531507
23.63040328025818,266.7951965332031,-239.83810424804688,33.20941162109375,-0.2598859564901979,6.5704145531507
23.640422582626343,266.7951965332031,-239.83810424804688,33.20941162109375,-0.2598859564901979,6.5704145531507
23.650543212890625,266.9231262207031,-239.87167358398438,33.20984649658203,-0.25947852613292943,6.610630475352458
23.66040277481079,266.9231262207031,-239.87167358398438,33.20984649658203,-0.25947852613292943,6.610630475352458
23.670624256134033,266.9231262207031,-239.87167358398438,33.20984649658203,-0.25947852613292943,6.610630475352458
23.68065357208252,267.0517883300781,-239.90541076660156,33.21028137207031,-0.25906781675856877,6.649787613191263
23.69113278388977,267.0517883300781,-239.90541076660156,33.21028137207031,-0.25906781675856877,6.649787613191263
23.700769424438477,267.18121337890625,-239.93927001953125,33.210716247558594,-0.2586561586330698,6.687415195415687
23.710647106170654,267.18121337890625,-239.93927001953125,33.210716247558594,-0.2586561586330698,6.687415195415687
23.721117973327637,267.18121337890625,-239.93927001953125,33.210716247558594,-0.2586561586330698,6.687415195415687
23.730750799179077,267.31134033203125,-239.97328186035156,33.211158752441406,-0.2582412214904786,6.723724276452474
23.740984201431274,267.31134033203125,-239.97328186035156,33.211158752441406,-0.2582412214904786,6.723724276452474
23.751089811325073,267.31134033203125,-239.97328186035156,33.211158752441406,-0.2582412214904786,6.723724276452474
23.761356830596924,267.4421691894531,-240.0074005126953,33.211605072021484,-0.25782521908345146,6.7588275649009
23.771310091018677,267.4421691894531,-240.0074005126953,33.211605072021484,-0.25782521908345146,6.7588275649009
23.781670093536377,267.5736999511719,-240.04165649414062,33.2120475769043,-0.257406570160091,6.79280088849875
23.791402101516724,267.5736999511719,-240.04165649414062,33.2120475769043,-0.257406570160091,6.79280088849875
23.80196261405945,267.5736999511719,-240.04165649414062,33.2120475769043,-0.257406570160091,6.79280088849875
23.811602354049683,267.7058410644531,-240.0760040283203,33.21249771118164,-0.2569863732743469,6.825827956488717
23.82214593887329,267.7058410644531,-240.0760040283203,33.21249771118164,-0.2569863732743469,6.825827956488717
23.831790447235107,267.7058410644531,-240.0760040283203,33.21249771118164,-0.2569863732743469,6.825827956488717
23.84229326248169,267.8386535644531,-240.11048889160156,33.212947845458984,-0.2565639127016763,6.858302407638431
23.8521990776062,267.8386535644531,-240.11048889160156,33.212947845458984,-0.2565639127016763,6.858302407638431
23.86217474937439,267.8386535644531,-240.11048889160156,33.212947845458984,-0.2565639127016763,6.858302407638431
23.872210025787354,267.9721374511719,-240.14505004882812,33.213401794433594,-0.25613942146867447,6.890300406659624
23.882002592086792,267.9721374511719,-240.14505004882812,33.213401794433594,-0.25613942146867447,6.890300406659624
23.892262935638428,268.1061706542969,-240.1797637939453,33.2138557434082,-0.25571338227328905,6.921946190435808
23.902329206466675,268.1061706542969,-240.1797637939453,33.2138557434082,-0.25571338227328905,6.921946190435808
23.912335634231567,268.1061706542969,-240.1797637939453,33.2138557434082,-0.25571338227328905,6.921946190435808
23.922460556030273,268.24090576171875,-240.2145233154297,33.21432876586914,-0.2552866772876311,6.9531660020659
23.932735681533813,268.24090576171875,-240.2145233154297,33.21432876586914,-0.2552866772876311,6.9531660020659
23.943162441253662,268.24090576171875,-240.2145233154297,33.21432876586914,-0.2552866772876311,6.9531660020659
23.952513694763184,268.37615966796875,-240.24940490722656,33.21480941772461,-0.2548563104554743,6.98362878566028
23.962507963180542,268.37615966796875,-240.24940490722656,33.21480941772461,-0.2548563104554743,6.98362878566028
23.972663164138794,268.37615966796875,-240.24940490722656,33.21480941772461,-0.2548563104554743,6.98362878566028
23.98275876045227,268.5120544433594,-240.28436279296875,33.215309143066406,-0.25442592697856065,7.013822040911106
23.992854833602905,268.5120544433594,-240.28436279296875,33.215309143066406,-0.25442592697856065,7.013822040911106
24.00264811515808,268.6485595703125,-240.31944274902344,33.215816497802734,-0.2539929302748274,7.043655430158066
24.013055086135864,268.6485595703125,-240.31944274902344,33.215816497802734,-0.2539929302748274,7.043655430158066
24.02294135093689,268.6485595703125,-240.31944274902344,33.215816497802734,-0.2539929302748274,7.043655430158066
24.033068895339966,268.7856140136719,-240.35459899902344,33.21632385253906,-0.25355826909541285,7.0732864416892145
24.04352855682373,268.7856140136719,-240.35459899902344,33.21632385253906,-0.25355826909541285,7.0732864416892145
24.05344533920288,268.7856140136719,-240.35459899902344,33.21632385253906,-0.25355826909541285,7.0732864416892145
24.063504219055176,268.92327880859375,-240.38983154296875,33.21683883666992,-0.2531220765983715,7.102673916008499
24.074203968048096,268.92327880859375,-240.38983154296875,33.21683883666992,-0.2531220765983715,7.102673916008499
24.0835702419281,269.0615234375,-240.42515563964844,33.21736145019531,-0.25268481883689414,7.13173084234516
24.093236923217773,269.0615234375,-240.42515563964844,33.21736145019531,-0.25268481883689414,7.13173084234516
24.103365659713745,269.0615234375,-240.42515563964844,33.21736145019531,-0.25268481883689414,7.13173084234516
24.11355471611023,269.2003173828125,-240.46054077148438,33.2178840637207,-0.2522453306780038,7.16066450802452
24.123769283294678,269.2003173828125,-240.46054077148438,33.2178840637207,-0.2522453306780038,7.16066450802452
24.133729219436646,269.2003173828125,-240.46054077148438,33.2178840637207,-0.2522453306780038,7.16066450802452
24.144293308258057,269.3396911621094,-240.49603271484375,33.218406677246094,-0.2518038617930527,7.189453101281795
24.153711557388306,269.3396911621094,-240.49603271484375,33.218406677246094,-0.2518038617930527,7.189453101281795
24.164308547973633,269.3396911621094,-240.49603271484375,33.218406677246094,-0.2518038617930527,7.189453101281795
24.17400097846985,269.47967529296875,-240.5316162109375,33.21893310546875,-0.2513659715308164,7.218099648453521
24.183985948562622,269.47967529296875,-240.5316162109375,33.21893310546875,-0.2513659715308164,7.218099648453521
24.194385766983032,269.62017822265625,-240.56727600097656,33.21946334838867,-0.2509302950212363,7.2466169685280715
24.20421004295349,269.62017822265625,-240.56727600097656,33.21946334838867,-0.2509302950212363,7.2466169685280715
24.214844703674316,269.62017822265625,-240.56727600097656,33.21946334838867,-0.2509302950212363,7.2466169685280715
24.224191665649414,269.76123046875,-240.6030731201172,33.21998977661133,-0.2505409575146235,7.275092848270761
24.234595775604248,269.76123046875,-240.6030731201172,33.21998977661133,-0.2505409575146235,7.275092848270761
24.24449110031128,269.76123046875,-240.6030731201172,33.21998977661133,-0.2505409575146235,7.275092848270761
24.254406452178955,269.90289306640625,-240.6389923095703,33.22052001953125,-0.25019206676706635,7.303098870702442
24.264552116394043,269.90289306640625,-240.6389923095703,33.22052001953125,-0.25019206676706635,7.303098870702442
24.274779796600342,269.90289306640625,-240.6389923095703,33.22052001953125,-0.25019206676706635,7.303098870702442
24.28480625152588,270.0450134277344,-240.6750946044922,33.2210578918457,-0.24994705594677905,7.330841098470547
24.294666290283203,270.0450134277344,-240.6750946044922,33.2210578918457,-0.24994705594677905,7.330841098470547
24.304813385009766,270.1876525878906,-240.7114715576172,33.221588134765625,-0.24988363942332154,7.358065391201575
24.314932346343994,270.1876525878906,-240.7114715576172,33.221588134765625,-0.24988363942332154,7.358065391201575
24.325001001358032,270.1876525878906,-240.7114715576172,33.221588134765625,-0.24988363942332154,7.358065391201575
24.33497190475464,270.3307800292969,-240.7481231689453,33.22212600708008,-0.24996786189279527,7.384723040685773
24.34506320953369,270.3307800292969,-240.7481231689453,33.22212600708008,-0.24996786189279527,7.384723040685773
24.35521936416626,270.3307800292969,-240.7481231689453,33.22212600708008,-0.24996786189279527,7.384723040685773
24.365242958068848,270.4743347167969,-240.78524780273438,33.22266387939453,-0.2503955489191052,7.4108343451366805
24.37584090232849,270.4743347167969,-240.78524780273438,33.22266387939453,-0.2503955489191052,7.4108343451366805
24.38545823097229,270.6182861328125,-240.8228302001953,33.223201751708984,-0.2511177815619779,7.436281608931992
24.395552396774292,270.6182861328125,-240.8228302001953,33.223201751708984,-0.2511177815619779,7.436281608931992
24.40577244758606,270.6182861328125,-240.8228302001953,33.223201751708984,-0.2511177815619779,7.436281608931992
24.416451692581177,270.76251220703125,-240.86126708984375,33.2237434387207,-0.2524786735237652,7.460457756639043
24.425745964050293,270.76251220703125,-240.86126708984375,33.2237434387207,-0.2524786735237652,7.460457756639043
24.436625003814697,270.76251220703125,-240.86126708984375,33.2237434387207,-0.2524786735237652,7.460457756639043
24.446003437042236,270.90692138671875,-240.90069580078125,33.22428512573242,-0.2545703202439134,7.482759793623343
24.456010580062866,270.90692138671875,-240.90069580078125,33.22428512573242,-0.2545703202439134,7.482759793623343
24.4660427570343,271.0514831542969,-240.94114685058594,33.224830627441406,-0.2573309030956191,7.504716921053709
24.47593641281128,271.0514831542969,-240.94114685058594,33.224830627441406,-0.2573309030956191,7.504716921053709
24.486488342285156,271.0514831542969,-240.94114685058594,33.224830627441406,-0.2573309030956191,7.504716921053709
24.496175050735474,271.1962890625,-240.98251342773438,33.22537612915039,-0.2605975364887103,7.526410924736804
24.506195545196533,271.1962890625,-240.98251342773438,33.22537612915039,-0.2605975364887103,7.526410924736804
24.51614809036255,271.1962890625,-240.98251342773438,33.22537612915039,-0.2605975364887103,7.526410924736804
24.52807641029358,271.3412170410156,-241.02479553222656,33.22592544555664,-0.26428015564407187,7.548201950831839
24.536526441574097,271.3412170410156,-241.02479553222656,33.22592544555664,-0.26428015564407187,7.548201950831839
24.546608924865723,271.3412170410156,-241.02479553222656,33.22592544555664,-0.26428015564407187,7.548201950831839
24.556716442108154,271.486328125,-241.06796264648438,33.226470947265625,-0.2682706528662034,7.569966853852514
24.567100524902344,271.486328125,-241.06796264648438,33.226470947265625,-0.2682706528662034,7.569966853852514
24.576913595199585,271.6316833496094,-241.11199951171875,33.227020263671875,-0.27248592088433765,7.591792571023715
24.58716320991516,271.6316833496094,-241.11199951171875,33.227020263671875,-0.27248592088433765,7.591792571023715
24.59670352935791,271.6316833496094,-241.11199951171875,33.227020263671875,-0.27248592088433765,7.591792571023715
24.60688042640686,271.7771911621094,-241.15684509277344,33.227569580078125,-0.2768635585051826,7.613703408629135
24.61714816093445,271.7771911621094,-241.15684509277344,33.227569580078125,-0.2768635585051826,7.613703408629135
24.627280235290527,271.7771911621094,-241.15684509277344,33.227569580078125,-0.2768635585051826,7.613703408629135
24.637258529663086,271.9229431152344,-241.2025604248047,33.22812271118164,-0.2813579091608004,7.635597344990638
24.64726996421814,271.9229431152344,-241.2025604248047,33.22812271118164,-0.2813579091608004,7.635597344990638
24.65711808204651,272.06890869140625,-241.2490234375,33.22867202758789,-0.2858767276089332,7.657763504544868
24.667162656784058,272.06890869140625,-241.2490234375,33.22867202758789,-0.2858767276089332,7.657763504544868
24.677666664123535,272.06890869140625,-241.2490234375,33.22867202758789,-0.2858767276089332,7.657763504544868
24.68756079673767,272.2151184082031,-241.29620361328125,33.22922897338867,-0.2904009056687598,7.679845383115183
24.697592973709106,272.2151184082031,-241.29620361328125,33.22922897338867,-0.2904009056687598,7.679845383115183
24.708584547042847,272.2151184082031,-241.29620361328125,33.22922897338867,-0.2904009056687598,7.679845383115183
24.7176456451416,272.361572265625,-241.34402465820312,33.22978210449219,-0.2947647947204773,7.702417502917764
24.727425575256348,272.361572265625,-241.34402465820312,33.22978210449219,-0.2947647947204773,7.702417502917764
24.73789691925049,272.361572265625,-241.34402465820312,33.22978210449219,-0.2947647947204773,7.702417502917764
24.747663021087646,272.50830078125,-241.39244079589844,33.23033905029297,-0.29898104477926346,7.724825183074344
24.75783061981201,272.50830078125,-241.39244079589844,33.23033905029297,-0.29898104477926346,7.724825183074344
24.76766800880432,272.6553955078125,-241.44137573242188,33.23089599609375,-0.30293637163024917,7.747435534186839
24.777624130249023,272.6553955078125,-241.44137573242188,33.23089599609375,-0.30293637163024917,7.747435534186839
24.78802180290222,272.6553955078125,-241.44137573242188,33.23089599609375,-0.30293637163024917,7.747435534186839
24.79807424545288,272.802734375,-241.4907684326172,33.23146057128906,-0.30667491716850237,7.769723170705778
24.80813241004944,272.802734375,-241.4907684326172,33.23146057128906,-0.30667491716850237,7.769723170705778
24.818186283111572,272.802734375,-241.4907684326172,33.23146057128906,-0.30667491716850237,7.769723170705778
24.828333139419556,272.9504699707031,-241.54052734375,33.23202133178711,-0.3100336293562831,7.7923090215276964
24.838159561157227,272.9504699707031,-241.54052734375,33.23202133178711,-0.3100336293562831,7.7923090215276964
24.848576307296753,273.09857177734375,-241.5906219482422,33.232582092285156,-0.31307815511446163,7.814531526836124
24.85860013961792,273.09857177734375,-241.5906219482422,33.232582092285156,-0.31307815511446163,7.814531526836124
24.86878204345703,273.09857177734375,-241.5906219482422,33.232582092285156,-0.31307815511446163,7.814531526836124
24.878971099853516,273.2471008300781,-241.64089965820312,33.233150482177734,-0.3156640845329286,7.836785659687509
24.888777494430542,273.2471008300781,-241.64089965820312,33.233150482177734,-0.3156640845329286,7.836785659687509
24.898566484451294,273.2471008300781,-241.64089965820312,33.233150482177734,-0.3156640845329286,7.836785659687509
24.909079551696777,273.39605712890625,-241.6912078857422,33.23371505737305,-0.3177359905714966,7.858709010913766
24.919074773788452,273.39605712890625,-241.6912078857422,33.23371505737305,-0.3177359905714966,7.858709010913766
24.929421424865723,273.5454406738281,-241.7416229248047,33.23427963256836,-0.3194148806121962,7.880313941896865
24.939130544662476,273.5454406738281,-241.7416229248047,33.23427963256836,-0.3194148806121962,7.880313941896865
24.94907283782959,273.5454406738281,-241.7416229248047,33.23427963256836,-0.3194148806121962,7.880313941896865
24.960097074508667,273.69525146484375,-241.7921600341797,33.2348518371582,-0.32075601524764646,7.901768611355048
24.96991801261902,273.69525146484375,-241.7921600341797,33.2348518371582,-0.32075601524764646,7.901768611355048
24.97959280014038,273.69525146484375,-241.7921600341797,33.2348518371582,-0.32075601524764646,7.901768611355048
24.989349126815796,273.845458984375,-241.8428497314453,33.23542022705078,-0.32184741195187455,7.922979687188702
24.99925422668457,273.845458984375,-241.8428497314453,33.23542022705078,-0.32184741195187455,7.922979687188702
25.009416103363037,273.845458984375,-241.8428497314453,33.23542022705078,-0.32184741195187455,7.922979687188702
25.01978039741516,273.9960632324219,-241.89364624023438,33.235992431640625,-0.32271769970659886,7.9439720453258085
25.02954387664795,273.9960632324219,-241.89364624023438,33.235992431640625,-0.32271769970659886,7.9439720453258085
25.03968834877014,273.9960632324219,-241.89364624023438,33.235992431640625,-0.32271769970659886,7.9439720453258085
25.049729347229004,274.14703369140625,-241.9446258544922,33.236568450927734,-0.32342343739546986,7.964700349055503
25.05968165397644,274.14703369140625,-241.9446258544922,33.236568450927734,-0.32342343739546986,7.964700349055503
25.069643020629883,274.2984619140625,-241.9956817626953,33.237144470214844,-0.32395770079965336,7.9851668510491125
25.079873085021973,274.2984619140625,-241.9956817626953,33.237144470214844,-0.32395770079965336,7.9851668510491125
25.090155124664307,274.2984619140625,-241.9956817626953,33.237144470214844,-0.32395770079965336,7.9851668510491125
25.100236415863037,274.45025634765625,-242.046875,33.23772430419922,-0.32435870628079205,8.005325813121058
25.110262870788574,274.45025634765625,-242.046875,33.23772430419922,-0.32435870628079205,8.005325813121058
25.120455265045166,274.45025634765625,-242.046875,33.23772430419922,-0.32435870628079205,8.005325813121058
25.13021945953369,274.6024475097656,-242.0980987548828,33.23830795288086,-0.3245936303784506,8.025337008177173
25.14053177833557,274.6024475097656,-242.0980987548828,33.23830795288086,-0.3245936303784506,8.025337008177173
25.150952339172363,274.7550354003906,-242.1494140625,33.2389030456543,-0.32469479721036004,8.045144165522101
25.160422563552856,274.7550354003906,-242.1494140625,33.2389030456543,-0.32469479721036004,8.045144165522101
25.17069911956787,274.7550354003906,-242.1494140625,33.2389030456543,-0.32469479721036004,8.045144165522101
25.180666208267212,274.90802001953125,-242.2007293701172,33.239498138427734,-0.3246468603107386,8.064809006257732
25.19083046913147,274.90802001953125,-242.2007293701172,33.239498138427734,-0.3246468603107386,8.064809006257732
25.200807571411133,274.90802001953125,-242.2007293701172,33.239498138427734,-0.3246468603107386,8.064809006257732
25.21119523048401,275.0614318847656,-242.25205993652344,33.2401008605957,-0.3244401990101485,8.084302972466856
25.22079348564148,275.0614318847656,-242.25205993652344,33.2401008605957,-0.3244401990101485,8.084302972466856
25.230886459350586,275.0614318847656,-242.25205993652344,33.2401008605957,-0.3244401990101485,8.084302972466856
25.241039514541626,275.2152404785156,-242.3033905029297,33.24070358276367,-0.3241121308533643,8.103618773448284
25.251222133636475,275.2152404785156,-242.3033905029297,33.24070358276367,-0.3241121308533643,8.103618773448284
25.26112961769104,275.3694763183594,-242.35472106933594,33.241310119628906,-0.3236881556078237,8.1228644590334
25.27124333381653,275.3694763183594,-242.35472106933594,33.241310119628906,-0.3236881556078237,8.1228644590334
25.281102180480957,275.3694763183594,-242.35472106933594,33.241310119628906,-0.3236881556078237,8.1228644590334
25.29131817817688,275.52410888671875,-242.40606689453125,33.24191665649414,-0.32319547080615907,8.141913080310509
25.301382780075073,275.52410888671875,-242.40606689453125,33.24191665649414,-0.32319547080615907,8.141913080310509
25.311686515808105,275.52410888671875,-242.40606689453125,33.24191665649414,-0.32319547080615907,8.141913080310509
25.3215651512146,275.6791076660156,-242.4574432373047,33.24252700805664,-0.3226532512082189,8.160780792053892
25.33133840560913,275.6791076660156,-242.4574432373047,33.24252700805664,-0.3226532512082189,8.160780792053892
25.341274738311768,275.8345031738281,-242.50881958007812,33.243141174316406,-0.32207641051610775,8.179410020818837
25.35177206993103,275.8345031738281,-242.50881958007812,33.243141174316406,-0.32207641051610775,8.179410020818837
25.361655712127686,275.8345031738281,-242.50881958007812,33.243141174316406,-0.32207641051610775,8.179410020818837
25.371596097946167,275.99029541015625,-242.5602264404297,33.243751525878906,-0.3214697424197877,8.197760383482645
25.381656885147095,275.99029541015625,-242.5602264404297,33.243751525878906,-0.3214697424197877,8.197760383482645
25.391685485839844,275.99029541015625,-242.5602264404297,33.243751525878906,-0.3214697424197877,8.197760383482645
25.401893138885498,276.1464538574219,-242.61163330078125,33.24436569213867,-0.3208417357452334,8.215747400931368
25.41222357749939,276.1464538574219,-242.61163330078125,33.24436569213867,-0.3208417357452334,8.215747400931368
25.422423362731934,276.1464538574219,-242.61163330078125,33.24436569213867,-0.3208417357452334,8.215747400931368
25.432187795639038,276.3029479980469,-242.6630401611328,33.24497604370117,-0.3201978166831659,8.233422434898204
25.44236421585083,276.3029479980469,-242.6630401611328,33.24497604370117,-0.3201978166831659,8.233422434898204
25.4525465965271,276.4598388671875,-242.71446228027344,33.2455940246582,-0.319542179712302,8.250717918130851
25.462332487106323,276.4598388671875,-242.71446228027344,33.2455940246582,-0.319542179712302,8.250717918130851
25.472578763961792,276.4598388671875,-242.71446228027344,33.2455940246582,-0.319542179712302,8.250717918130851
25.482489824295044,276.6170959472656,-242.76589965820312,33.246212005615234,-0.3188784866791406,8.26775331522869
25.492531538009644,276.6170959472656,-242.76589965820312,33.246212005615234,-0.3188784866791406,8.26775331522869
25.502787351608276,276.6170959472656,-242.76589965820312,33.246212005615234,-0.3188784866791406,8.26775331522869
25.512705326080322,276.7746887207031,-242.8173370361328,33.246826171875,-0.318231371823765,8.28447693963613
25.522796154022217,276.7746887207031,-242.8173370361328,33.246826171875,-0.318231371823765,8.28447693963613
25.532907485961914,276.9326171875,-242.86883544921875,33.2474479675293,-0.31760076856714786,8.300976069798846
25.543031454086304,276.9326171875,-242.86883544921875,33.2474479675293,-0.31760076856714786,8.300976069798846
25.553064107894897,276.9326171875,-242.86883544921875,33.2474479675293,-0.31760076856714786,8.300976069798846
25.562963008880615,277.09088134765625,-242.92034912109375,33.248069763183594,-0.31699676363191787,8.31722806456786
25.573453187942505,277.09088134765625,-242.92034912109375,33.248069763183594,-0.31699676363191787,8.31722806456786
25.58320450782776,277.09088134765625,-242.92034912109375,33.248069763183594,-0.31699676363191787,8.31722806456786
25.593470573425293,277.2494812011719,-242.97186279296875,33.24869155883789,-0.31641509596033096,8.33344084669938
25.603097200393677,277.2494812011719,-242.97186279296875,33.24869155883789,-0.31641509596033096,8.33344084669938
25.613612413406372,277.2494812011719,-242.97186279296875,33.24869155883789,-0.31641509596033096,8.33344084669938
25.62349224090576,277.40838623046875,-243.0234832763672,33.249324798583984,-0.3159170848364861,8.349332810144919
25.633870601654053,277.40838623046875,-243.0234832763672,33.249324798583984,-0.3159170848364861,8.349332810144919
25.64356565475464,277.5675964355469,-243.07522583007812,33.24996566772461,-0.31549520683030396,8.365150242355675
25.653619527816772,277.5675964355469,-243.07522583007812,33.24996566772461,-0.31549520683030396,8.365150242355675
25.6633460521698,277.5675964355469,-243.07522583007812,33.24996566772461,-0.31549520683030396,8.365150242355675
25.673664569854736,277.7270812988281,-243.1270294189453,33.2506103515625,-0.31516018116517197,8.380835834864344
25.683499574661255,277.7270812988281,-243.1270294189453,33.2506103515625,-0.31516018116517197,8.380835834864344
25.693663358688354,277.7270812988281,-243.1270294189453,33.2506103515625,-0.31516018116517197,8.380835834864344
25.703697443008423,277.8868713378906,-243.17893981933594,33.251258850097656,-0.31489439768838207,8.396354680054484
25.71409296989441,277.8868713378906,-243.17893981933594,33.251258850097656,-0.31489439768838207,8.396354680054484
25.72388982772827,278.04693603515625,-243.2310028076172,33.25190734863281,-0.3147308795974512,8.41164856836443
25.733992099761963,278.04693603515625,-243.2310028076172,33.25190734863281,-0.3147308795974512,8.41164856836443
25.74421501159668,278.04693603515625,-243.2310028076172,33.25190734863281,-0.3147308795974512,8.41164856836443
25.75400400161743,278.2073059082031,-243.28321838378906,33.252559661865234,-0.31465151739696684,8.426771370415285
25.764164209365845,278.2073059082031,-243.28321838378906,33.252559661865234,-0.31465151739696684,8.426771370415285
25.77549695968628,278.2073059082031,-243.28321838378906,33.252559661865234,-0.31465151739696684,8.426771370415285
25.78461503982544,278.3678894042969,-243.33555603027344,33.253211975097656,-0.3146632685952768,8.441748288522449
25.79495620727539,278.3678894042969,-243.33555603027344,33.253211975097656,-0.3146632685952768,8.441748288522449
25.804722785949707,278.5287780761719,-243.3880615234375,33.253868103027344,-0.3147474244857233,8.45652601973207
25.814690589904785,278.5287780761719,-243.3880615234375,33.253868103027344,-0.3147474244857233,8.45652601973207
25.82468867301941,278.5287780761719,-243.3880615234375,33.253868103027344,-0.3147474244857233,8.45652601973207
25.835010528564453,278.68988037109375,-243.44070434570312,33.25452423095703,-0.3148848435979714,8.471028302400896
25.84473729133606,278.68988037109375,-243.44070434570312,33.25452423095703,-0.3148848435979714,8.471028302400896
25.85489273071289,278.68988037109375,-243.44070434570312,33.25452423095703,-0.3148848435979714,8.471028302400896
25.86486530303955,278.8512878417969,-243.49343872070312,33.25518035888672,-0.31504093812736367,8.484853785439576
25.875065565109253,278.8512878417969,-243.49343872070312,33.25518035888672,-0.31504093812736367,8.484853785439576
25.885299921035767,279.0129089355469,-243.5463104248047,33.255836486816406,-0.31520498885051257,8.497593012509617
25.895139455795288,279.0129089355469,-243.5463104248047,33.255836486816406,-0.31520498885051257,8.497593012509617
25.905030250549316,279.0129089355469,-243.5463104248047,33.255836486816406,-0.31520498885051257,8.497593012509617
25.91508412361145,279.1747741699219,-243.5991668701172,33.25649642944336,-0.31528861210874104,8.50925751864095
25.925492763519287,279.1747741699219,-243.5991668701172,33.25649642944336,-0.31528861210874104,8.50925751864095
25.93519377708435,279.1747741699219,-243.5991668701172,33.25649642944336,-0.31528861210874104,8.50925751864095
25.94603705406189,279.3368835449219,-243.65203857421875,33.25716018676758,-0.3152939051414076,8.51942503137547
25.95581293106079,279.3368835449219,-243.65203857421875,33.25716018676758,-0.3152939051414076,8.51942503137547
25.96578550338745,279.3368835449219,-243.65203857421875,33.25716018676758,-0.3152939051414076,8.51942503137547
25.976175785064697,279.4991760253906,-243.7048797607422,33.25782012939453,-0.315207618722089,8.528143882800952
25.985734462738037,279.4991760253906,-243.7048797607422,33.25782012939453,-0.315207618722089,8.528143882800952
25.995774269104004,279.6616516113281,-243.75767517089844,33.25848388671875,-0.31504782905668427,8.535320557419718
26.005839109420776,279.6616516113281,-243.75767517089844,33.25848388671875,-0.31504782905668427,8.535320557419718
26.016143321990967,279.6616516113281,-243.75767517089844,33.25848388671875,-0.31504782905668427,8.535320557419718
26.0261709690094,279.82427978515625,-243.81040954589844,33.2591438293457,-0.3147841761087664,8.541019214454094
26.036065101623535,279.82427978515625,-243.81040954589844,33.2591438293457,-0.3147841761087664,8.541019214454094
26.04609751701355,279.82427978515625,-243.81040954589844,33.2591438293457,-0.3147841761087664,8.541019214454094
26.056066274642944,279.9870300292969,-243.863037109375,33.25980758666992,-0.31443427003104363,8.545217006707594
26.066688299179077,279.9870300292969,-243.863037109375,33.25980758666992,-0.31443427003104363,8.545217006707594
26.07650089263916,279.9870300292969,-243.863037109375,33.25980758666992,-0.31443427003104363,8.545217006707594
26.086380004882812,280.1498718261719,-243.91555786132812,33.260467529296875,-0.31398153264573014,8.548062917917395
26.09635329246521,280.1498718261719,-243.91555786132812,33.260467529296875,-0.31398153264573014,8.548062917917395
26.10674023628235,280.31280517578125,-243.9679412841797,33.261131286621094,-0.3134462039771106,8.549690735430953
26.11644434928894,280.31280517578125,-243.9679412841797,33.261131286621094,-0.3134462039771106,8.549690735430953
26.12656021118164,280.31280517578125,-243.9679412841797,33.261131286621094,-0.3134462039771106,8.549690735430953
26.13689661026001,280.4757995605469,-244.02015686035156,33.26179504394531,-0.3127799143618864,8.55013422527497
26.146534204483032,280.4757995605469,-244.02015686035156,33.26179504394531,-0.3127799143618864,8.55013422527497
26.157403469085693,280.4757995605469,-244.02015686035156,33.26179504394531,-0.3127799143618864,8.55013422527497
26.167090892791748,280.6388854980469,-244.07208251953125,33.26245880126953,-0.3119569975850519,8.5494448880223
26.17681574821472,280.6388854980469,-244.07208251953125,33.26245880126953,-0.3119569975850519,8.5494448880223
26.187158584594727,280.802001953125,-244.12380981445312,33.263118743896484,-0.3110115753980738,8.547702707719722
26.196860313415527,280.802001953125,-244.12380981445312,33.263118743896484,-0.3110115753980738,8.547702707719722
26.206929206848145,280.802001953125,-244.12380981445312,33.263118743896484,-0.3110115753980738,8.547702707719722
26.217025995254517,280.9651794433594,-244.1752471923828,33.2637825012207,-0.30994474635490166,8.545064335230528
26.226970672607422,280.9651794433594,-244.1752471923828,33.2637825012207,-0.30994474635490166,8.545064335230528
26.237398386001587,280.9651794433594,-244.1752471923828,33.2637825012207,-0.30994474635490166,8.545064335230528
26.247482776641846,281.1283264160156,-244.2264404296875,33.26444625854492,-0.3087846733840632,8.541499438965058
26.257713794708252,281.1283264160156,-244.2264404296875,33.26444625854492,-0.3087846733840632,8.541499438965058
26.267906427383423,281.29150390625,-244.27734375,33.26511001586914,-0.30750898593240156,8.537108536243105
26.277867078781128,281.29150390625,-244.27734375,33.26511001586914,-0.30750898593240156,8.537108536243105
26.287827253341675,281.29150390625,-244.27734375,33.26511001586914,-0.30750898593240156,8.537108536243105
26.297661542892456,281.45465087890625,-244.32791137695312,33.265769958496094,-0.3061395884998828,8.53203672725151
26.3076331615448,281.45465087890625,-244.32791137695312,33.265769958496094,-0.3061395884998828,8.53203672725151
26.31755566596985,281.45465087890625,-244.32791137695312,33.265769958496094,-0.3061395884998828,8.53203672725151
26.327867031097412,281.6177978515625,-244.378173828125,33.26642990112305,-0.30468393793755916,8.526394310084903
26.337902784347534,281.6177978515625,-244.378173828125,33.26642990112305,-0.30468393793755916,8.526394310084903
26.34797954559326,281.6177978515625,-244.378173828125,33.26642990112305,-0.30468393793755916,8.526394310084903
26.358590126037598,281.7809143066406,-244.42811584472656,33.26708984375,-0.30316167505846986,8.520224394081234
26.368175506591797,281.7809143066406,-244.42811584472656,33.26708984375,-0.30316167505846986,8.520224394081234
26.37791681289673,281.9439697265625,-244.47776794433594,33.26774597167969,-0.3015888786976963,8.513637218733514
26.38809084892273,281.9439697265625,-244.47776794433594,33.26774597167969,-0.3015888786976963,8.513637218733514
26.398004055023193,281.9439697265625,-244.47776794433594,33.26774597167969,-0.3015888786976963,8.513637218733514
26.408138751983643,282.10699462890625,-244.52708435058594,33.26840591430664,-0.2999792308453388,8.506624045493654
26.418232202529907,282.10699462890625,-244.52708435058594,33.26840591430664,-0.2999792308453388,8.506624045493654
26.428903341293335,282.10699462890625,-244.52708435058594,33.26840591430664,-0.2999792308453388,8.506624045493654
26.438530683517456,282.2699890136719,-244.5760955810547,33.26906204223633,-0.29834404993603014,8.49923066543333
26.448261737823486,282.2699890136719,-244.5760955810547,33.26906204223633,-0.29834404993603014,8.49923066543333
26.45876908302307,282.4328918457031,-244.6248016357422,33.269718170166016,-0.29669079282082256,8.491509292220227
26.4683780670166,282.4328918457031,-244.6248016357422,33.269718170166016,-0.29669079282082256,8.491509292220227
26.47858476638794,282.4328918457031,-244.6248016357422,33.269718170166016,-0.29669079282082256,8.491509292220227
26.488652229309082,282.595703125,-244.67315673828125,33.2703742980957,-0.29502518529605976,8.483516817382897
26.498565435409546,282.595703125,-244.67315673828125,33.2703742980957,-0.29502518529605976,8.483516817382897
26.509419202804565,282.595703125,-244.67315673828125,33.2703742980957,-0.29502518529605976,8.483516817382897
26.519479274749756,282.75848388671875,-244.72122192382812,33.27103042602539,-0.2933511888138632,8.475185238471605
26.5290424823761,282.75848388671875,-244.72122192382812,33.27103042602539,-0.2933511888138632,8.475185238471605
26.538997411727905,282.75848388671875,-244.72122192382812,33.27103042602539,-0.2933511888138632,8.475185238471605
26.549291133880615,282.9211120605469,-244.7689666748047,33.271690368652344,-0.29167126679824124,8.466426507813798
26.559267282485962,282.9211120605469,-244.7689666748047,33.271690368652344,-0.29167126679824124,8.466426507813798
26.569342613220215,283.0837097167969,-244.81640625,33.27234649658203,-0.2899881822788248,8.457513341364878
26.57971715927124,283.0837097167969,-244.81640625,33.27234649658203,-0.2899881822788248,8.457513341364878
26.58915376663208,283.0837097167969,-244.81640625,33.27234649658203,-0.2899881822788248,8.457513341364878
26.599612712860107,283.2461853027344,-244.86346435546875,33.27299880981445,-0.2883033999942134,8.448010165368045
26.609611749649048,283.2461853027344,-244.86346435546875,33.27299880981445,-0.2883033999942134,8.448010165368045
26.619442224502563,283.2461853027344,-244.86346435546875,33.27299880981445,-0.2883033999942134,8.448010165368045
26.629369020462036,283.4085998535156,-244.91015625,33.273651123046875,-0.28653083326217027,8.437920788263602
26.639524936676025,283.4085998535156,-244.91015625,33.273651123046875,-0.28653083326217027,8.437920788263602
26.649771690368652,283.57086181640625,-244.9564208984375,33.27429962158203,-0.2846773064329888,8.427357603537958
26.65984559059143,283.57086181640625,-244.9564208984375,33.27429962158203,-0.2846773064329888,8.427357603537958
26.669458866119385,283.57086181640625,-244.9564208984375,33.27429962158203,-0.2846773064329888,8.427357603537958
26.679693937301636,283.73309326171875,-245.00205993652344,33.27494430541992,-0.28258672497727655,8.41598428543808
26.690213680267334,283.73309326171875,-245.00205993652344,33.27494430541992,-0.28258672497727655,8.41598428543808
26.700329780578613,283.73309326171875,-245.00205993652344,33.27494430541992,-0.28258672497727655,8.41598428543808
26.709997177124023,283.89520263671875,-245.047119140625,33.27558135986328,-0.28028788432432017,8.403970412614473
26.720009803771973,283.89520263671875,-245.047119140625,33.27558135986328,-0.28028788432432017,8.403970412614473
26.730538368225098,283.89520263671875,-245.047119140625,33.27558135986328,-0.28028788432432017,8.403970412614473
26.74078917503357,284.0572814941406,-245.09158325195312,33.276222229003906,-0.2777897892875554,8.391632332663375
26.750075101852417,284.0572814941406,-245.09158325195312,33.276222229003906,-0.2777897892875554,8.391632332663375
26.760005712509155,284.2192077636719,-245.13543701171875,33.276859283447266,-0.27513788005308176,8.37895127611685
26.770509719848633,284.2192077636719,-245.13543701171875,33.276859283447266,-0.27513788005308176,8.37895127611685
26.78041672706604,284.2192077636719,-245.13543701171875,33.276859283447266,-0.27513788005308176,8.37895127611685
26.790340423583984,284.3810729980469,-245.17872619628906,33.27749252319336,-0.2723654960687956,8.365972571659972
26.800440788269043,284.3810729980469,-245.17872619628906,33.27749252319336,-0.2723654960687956,8.365972571659972
26.81068205833435,284.3810729980469,-245.17872619628906,33.27749252319336,-0.2723654960687956,8.365972571659972
26.82069230079651,284.5428161621094,-245.22142028808594,33.27812957763672,-0.2695004840128452,8.352698757424353
26.83086395263672,284.5428161621094,-245.22142028808594,33.27812957763672,-0.2695004840128452,8.352698757424353
26.840718507766724,284.5428161621094,-245.22142028808594,33.27812957763672,-0.2695004840128452,8.352698757424353
26.850440502166748,284.7043762207031,-245.2635498046875,33.27876281738281,-0.26656992490456516,8.339182244930411
26.86150360107422,284.7043762207031,-245.2635498046875,33.27876281738281,-0.26656992490456516,8.339182244930411
26.870714902877808,284.7043762207031,-245.2635498046875,33.27876281738281,-0.26656992490456516,8.339182244930411
26.880735397338867,284.8658447265625,-245.3052520751953,33.27939224243164,-0.26372139115785964,8.32569929826449
26.890774965286255,284.8658447265625,-245.3052520751953,33.27939224243164,-0.26372139115785964,8.32569929826449
26.90111804008484,285.0270690917969,-245.3465118408203,33.280029296875,-0.260962406202808,8.311873688740356
26.911071062088013,285.0270690917969,-245.3465118408203,33.280029296875,-0.260962406202808,8.311873688740356
26.921144247055054,285.0270690917969,-245.3465118408203,33.280029296875,-0.260962406202808,8.311873688740356
26.93141269683838,285.1881103515625,-245.38755798339844,33.28065872192383,-0.25848936152504676,8.298149140603382
26.941232204437256,285.1881103515625,-245.38755798339844,33.28065872192383,-0.25848936152504676,8.298149140603382
26.951513290405273,285.1881103515625,-245.38755798339844,33.28065872192383,-0.25848936152504676,8.298149140603382
26.961440563201904,285.34893798828125,-245.42835998535156,33.28128433227539,-0.256271014916038,8.283935495671475
26.971495628356934,285.34893798828125,-245.42835998535156,33.28128433227539,-0.256271014916038,8.283935495671475
26.98153042793274,285.5094909667969,-245.46897888183594,33.281917572021484,-0.254320515733664,8.269471846255092
26.991310119628906,285.5094909667969,-245.46897888183594,33.281917572021484,-0.254320515733664,8.269471846255092
27.00163698196411,285.5094909667969,-245.46897888183594,33.281917572021484,-0.254320515733664,8.269471846255092
27.01146912574768,285.6698303222656,-245.50938415527344,33.28254318237305,-0.2525820374635739,8.254713324521953
27.02173089981079,285.6698303222656,-245.50938415527344,33.28254318237305,-0.2525820374635739,8.254713324521953
27.03194570541382,285.6698303222656,-245.50938415527344,33.28254318237305,-0.2525820374635739,8.254713324521953
27.04206132888794,285.8298645019531,-245.549560546875,33.283172607421875,-0.25101976058910613,8.239729799794128
27.051748514175415,285.8298645019531,-245.549560546875,33.283172607421875,-0.25101976058910613,8.239729799794128
27.06223464012146,285.9896545410156,-245.58956909179688,33.2838020324707,-0.2496115475836995,8.224392136482148
27.071864128112793,285.9896545410156,-245.58956909179688,33.2838020324707,-0.2496115475836995,8.224392136482148
27.082155466079712,285.9896545410156,-245.58956909179688,33.2838020324707,-0.2496115475836995,8.224392136482148
27.09206199645996,286.1492004394531,-245.62933349609375,33.284423828125,-0.2483193318885226,8.20880813371814
27.102364540100098,286.1492004394531,-245.62933349609375,33.284423828125,-0.2483193318885226,8.20880813371814
27.112610816955566,286.1492004394531,-245.62933349609375,33.284423828125,-0.2483193318885226,8.20880813371814
27.122262477874756,286.3084411621094,-245.66891479492188,33.28504180908203,-0.24718906967713616,8.193144162935496
27.13213610649109,286.3084411621094,-245.66891479492188,33.28504180908203,-0.24718906967713616,8.193144162935496
27.142441034317017,286.3084411621094,-245.66891479492188,33.28504180908203,-0.24718906967713616,8.193144162935496
27.152226209640503,286.4674377441406,-245.7083740234375,33.28565979003906,-0.24619306407420333,8.177074104787366
27.162689447402954,286.4674377441406,-245.7083740234375,33.28565979003906,-0.24619306407420333,8.177074104787366
27.172409772872925,286.6260986328125,-245.74771118164062,33.286277770996094,-0.24536964795466445,8.16077845452991
27.182636260986328,286.6260986328125,-245.74771118164062,33.286277770996094,-0.24536964795466445,8.16077845452991
27.192718744277954,286.6260986328125,-245.74771118164062,33.286277770996094,-0.24536964795466445,8.16077845452991
27.202906131744385,286.7844543457031,-245.7869415283203,33.28688049316406,-0.24468463298802565,8.144468515322394
27.212512731552124,286.7844543457031,-245.7869415283203,33.28688049316406,-0.24468463298802565,8.144468515322394
27.2230327129364,286.7844543457031,-245.7869415283203,33.28688049316406,-0.24468463298802565,8.144468515322394
27.23298716545105,286.94244384765625,-245.8261260986328,33.2874870300293,-0.24415681110472875,8.12788329415509
27.242867946624756,286.94244384765625,-245.8261260986328,33.2874870300293,-0.24415681110472875,8.12788329415509
27.253387928009033,287.10015869140625,-245.86520385742188,33.28809356689453,-0.24375255989601155,8.111195145854136
27.263126134872437,287.10015869140625,-245.86520385742188,33.28809356689453,-0.24375255989601155,8.111195145854136
27.273571252822876,287.10015869140625,-245.86520385742188,33.28809356689453,-0.24375255989601155,8.111195145854136
27.283430337905884,287.2575378417969,-245.90426635742188,33.2886962890625,-0.24347237870457838,8.094397404978755
27.293303728103638,287.2575378417969,-245.90426635742188,33.2886962890625,-0.24347237870457838,8.094397404978755
27.30354142189026,287.2575378417969,-245.90426635742188,33.2886962890625,-0.24347237870457838,8.094397404978755
27.313663721084595,287.4145812988281,-245.9432373046875,33.28929901123047,-0.2432875719696837,8.077509653538662
27.323312759399414,287.4145812988281,-245.9432373046875,33.28929901123047,-0.2432875719696837,8.077509653538662
27.333678483963013,287.4145812988281,-245.9432373046875,33.28929901123047,-0.2432875719696837,8.077509653538662
27.34378933906555,287.5712890625,-245.982177734375,33.28989791870117,-0.24321190490521183,8.060587680999793
27.353562116622925,287.5712890625,-245.982177734375,33.28989791870117,-0.24321190490521183,8.060587680999793
27.363940000534058,287.72760009765625,-246.02113342285156,33.29050064086914,-0.24323534072280453,8.043589263859532
27.37397027015686,287.72760009765625,-246.02113342285156,33.29050064086914,-0.24323534072280453,8.043589263859532
27.38384747505188,287.72760009765625,-246.02113342285156,33.29050064086914,-0.24323534072280453,8.043589263859532
27.393935918807983,287.8836364746094,-246.0600128173828,33.291099548339844,-0.24333337834043306,8.026579894561442
27.403786182403564,287.8836364746094,-246.0600128173828,33.291099548339844,-0.24333337834043306,8.026579894561442
27.413746118545532,287.8836364746094,-246.0600128173828,33.291099548339844,-0.24333337834043306,8.026579894561442
27.424129962921143,288.0392761230469,-246.098876953125,33.29169845581055,-0.2434862271422468,8.009552757038138
27.43398404121399,288.0392761230469,-246.098876953125,33.29169845581055,-0.2434862271422468,8.009552757038138
27.443968296051025,288.0392761230469,-246.098876953125,33.29169845581055,-0.2434862271422468,8.009552757038138
27.45407223701477,288.19464111328125,-246.13771057128906,33.292293548583984,-0.24367957263738654,7.99257401470172
27.464369297027588,288.19464111328125,-246.13771057128906,33.292293548583984,-0.24367957263738654,7.99257401470172
27.473920106887817,288.349609375,-246.17654418945312,33.29288864135742,-0.24395068243635662,7.975520447289431
27.484405040740967,288.349609375,-246.17654418945312,33.29288864135742,-0.24395068243635662,7.975520447289431
27.494126558303833,288.349609375,-246.17654418945312,33.29288864135742,-0.24395068243635662,7.975520447289431
27.50450825691223,288.5042419433594,-246.2153778076172,33.29348373413086,-0.24428679001068143,7.958519936556073
27.51442575454712,288.5042419433594,-246.2153778076172,33.29348373413086,-0.24428679001068143,7.958519936556073
27.52483820915222,288.5042419433594,-246.2153778076172,33.29348373413086,-0.24428679001068143,7.958519936556073
27.534932851791382,288.65850830078125,-246.25428771972656,33.29407501220703,-0.24471074861146525,7.941475217052318
27.54560136795044,288.65850830078125,-246.25428771972656,33.29407501220703,-0.24471074861146525,7.941475217052318
27.554687023162842,288.8124084472656,-246.29319763183594,33.2946662902832,-0.24520504795454076,7.924462501080787
27.564751148223877,288.8124084472656,-246.29319763183594,33.2946662902832,-0.24520504795454076,7.924462501080787
27.57479190826416,288.8124084472656,-246.29319763183594,33.2946662902832,-0.24520504795454076,7.924462501080787
27.585326671600342,288.9659423828125,-246.33216857910156,33.295257568359375,-0.24576644231232947,7.90734243948938
27.59474754333496,288.9659423828125,-246.33216857910156,33.295257568359375,-0.24576644231232947,7.90734243948938
27.605453968048096,288.9659423828125,-246.33216857910156,33.295257568359375,-0.24576644231232947,7.90734243948938
27.614953994750977,289.119140625,-246.3711700439453,33.29585266113281,-0.2463795019952657,7.890254553049543
27.625203371047974,289.119140625,-246.3711700439453,33.29585266113281,-0.2463795019952657,7.890254553049543
27.634917497634888,289.2719421386719,-246.41026306152344,33.29644012451172,-0.24708412448543024,7.873038318691133
27.64489459991455,289.2719421386719,-246.41026306152344,33.29644012451172,-0.24708412448543024,7.873038318691133
27.654926300048828,289.2719421386719,-246.41026306152344,33.29644012451172,-0.24708412448543024,7.873038318691133
27.665266275405884,289.42437744140625,-246.44943237304688,33.29702377319336,-0.2478655125940163,7.855759035763589
27.675436973571777,289.42437744140625,-246.44943237304688,33.29702377319336,-0.2478655125940163,7.855759035763589
27.68517231941223,289.42437744140625,-246.44943237304688,33.29702377319336,-0.2478655125940163,7.855759035763589
27.695929765701294,289.57635498046875,-246.4888153076172,33.297611236572266,-0.2488397135655241,7.838346574100597
27.70509958267212,289.57635498046875,-246.4888153076172,33.297611236572266,-0.2488397135655241,7.838346574100597
27.71558952331543,289.57635498046875,-246.4888153076172,33.297611236572266,-0.2488397135655241,7.838346574100597
27.72530245780945,289.7279357910156,-246.52845764160156,33.29819869995117,-0.25001148780040217,7.82080827626863
27.735567808151245,289.7279357910156,-246.52845764160156,33.29819869995117,-0.25001148780040217,7.82080827626863
27.745503425598145,289.87908935546875,-246.56829833984375,33.29877853393555,-0.2513281546433373,7.803305366073828
27.75578808784485,289.87908935546875,-246.56829833984375,33.29877853393555,-0.2513281546433373,7.803305366073828
27.765981197357178,289.87908935546875,-246.56829833984375,33.29877853393555,-0.2513281546433373,7.803305366073828
27.775723934173584,290.02984619140625,-246.60833740234375,33.29935836791992,-0.25274925069051724,7.785765160288327
27.785945892333984,290.02984619140625,-246.60833740234375,33.29935836791992,-0.25274925069051724,7.785765160288327
27.795968294143677,290.02984619140625,-246.60833740234375,33.29935836791992,-0.25274925069051724,7.785765160288327
27.80626082420349,290.1802062988281,-246.64854431152344,33.29994201660156,-0.2542422021528588,7.768238831219416
27.816134452819824,290.1802062988281,-246.64854431152344,33.29994201660156,-0.2542422021528588,7.768238831219416
27.82632350921631,290.1802062988281,-246.64854431152344,33.29994201660156,-0.2542422021528588,7.768238831219416
27.83651375770569,290.3301696777344,-246.68882751464844,33.30052185058594,-0.2557111851653897,7.750777448842648
27.846887350082397,290.3301696777344,-246.68882751464844,33.30052185058594,-0.2557111851653897,7.750777448842648
27.856632471084595,290.479736328125,-246.72918701171875,33.30110168457031,-0.25714611300548124,7.73331661824377
27.866394758224487,290.479736328125,-246.72918701171875,33.30110168457031,-0.25714611300548124,7.73331661824377
27.876721382141113,290.479736328125,-246.72918701171875,33.30110168457031,-0.25714611300548124,7.73331661824377
27.886735200881958,290.62896728515625,-246.7695770263672,33.30167770385742,-0.25845430766719857,7.715865200261338
27.896591901779175,290.62896728515625,-246.7695770263672,33.30167770385742,-0.25845430766719857,7.715865200261338
27.90665102005005,290.62896728515625,-246.7695770263672,33.30167770385742,-0.25845430766719857,7.715865200261338
27.916950702667236,290.7778015136719,-246.80995178222656,33.30225372314453,-0.2596511322610802,7.698335134115431
27.927051782608032,290.7778015136719,-246.80995178222656,33.30225372314453,-0.2596511322610802,7.698335134115431
27.93727970123291,290.92633056640625,-246.85028076171875,33.30282974243164,-0.26070837392432805,7.680817061134138
27.946673154830933,290.92633056640625,-246.85028076171875,33.30282974243164,-0.26070837392432805,7.680817061134138
27.95701026916504,290.92633056640625,-246.85028076171875,33.30282974243164,-0.26070837392432805,7.680817061134138
27.96706247329712,291.074462890625,-246.89059448242188,33.303401947021484,-0.2616526975573565,7.6632063188495785
27.976938009262085,291.074462890625,-246.89059448242188,33.303401947021484,-0.2616526975573565,7.6632063188495785
27.987221479415894,291.074462890625,-246.89059448242188,33.303401947021484,-0.2616526975573565,7.6632063188495785
27.997116088867188,291.2222595214844,-246.93084716796875,33.30397033691406,-0.26250229587936225,7.645630525052955
28.00698184967041,291.2222595214844,-246.93084716796875,33.30397033691406,-0.26250229587936225,7.645630525052955
28.017559051513672,291.36968994140625,-246.97108459472656,33.304542541503906,-0.26327238219807225,7.628061355609744
28.027320623397827,291.36968994140625,-246.97108459472656,33.304542541503906,-0.26327238219807225,7.628061355609744
28.037358283996582,291.36968994140625,-246.97108459472656,33.304542541503906,-0.26327238219807225,7.628061355609744
28.047402381896973,291.51678466796875,-247.0113067626953,33.305110931396484,-0.2639851439743183,7.610475632376836
28.057542085647583,291.51678466796875,-247.0113067626953,33.305110931396484,-0.2639851439743183,7.610475632376836
28.067689895629883,291.51678466796875,-247.0113067626953,33.305110931396484,-0.2639851439743183,7.610475632376836
28.077539205551147,291.6634826660156,-247.051513671875,33.30567932128906,-0.264655128725555,7.592889985975578
28.087552309036255,291.6634826660156,-247.051513671875,33.30567932128906,-0.264655128725555,7.592889985975578
28.097752332687378,291.6634826660156,-247.051513671875,33.30567932128906,-0.264655128725555,7.592889985975578
28.107982635498047,291.8098449707031,-247.0917205810547,33.30624771118164,-0.2652953692963669,7.575380445504959
28.117828130722046,291.8098449707031,-247.0917205810547,33.30624771118164,-0.2652953692963669,7.575380445504959
28.127758026123047,291.9558410644531,-247.13186645507812,33.30681228637695,-0.26591373865672646,7.55788120037655
28.13792324066162,291.9558410644531,-247.13186645507812,33.30681228637695,-0.26591373865672646,7.55788120037655
28.147869348526,291.9558410644531,-247.13186645507812,33.30681228637695,-0.26591373865672646,7.55788120037655
28.158039331436157,292.10150146484375,-247.1720428466797,33.307376861572266,-0.2665161623400592,7.540430802943607
28.168168783187866,292.10150146484375,-247.1720428466797,33.307376861572266,-0.2665161623400592,7.540430802943607
28.17804455757141,292.10150146484375,-247.1720428466797,33.307376861572266,-0.2665161623400592,7.540430802943607
28.188272953033447,292.2467956542969,-247.21221923828125,33.30794906616211,-0.2671089320644404,7.522869176609001
28.19825506210327,292.2467956542969,-247.21221923828125,33.30794906616211,-0.2671089320644404,7.522869176609001
28.20812177658081,292.2467956542969,-247.21221923828125,33.30794906616211,-0.2671089320644404,7.522869176609001
28.218436002731323,292.3916931152344,-247.25238037109375,33.30851745605469,-0.2676900171695389,7.505912438512915
28.22919988632202,292.3916931152344,-247.25238037109375,33.30851745605469,-0.2676900171695389,7.505912438512915
28.23864459991455,292.5362854003906,-247.29251098632812,33.30907440185547,-0.2682647606222916,7.488388670209108
28.248693466186523,292.5362854003906,-247.29251098632812,33.30907440185547,-0.2682647606222916,7.488388670209108
28.259077787399292,292.5362854003906,-247.29251098632812,33.30907440185547,-0.2682647606222916,7.488388670209108
28.269124507904053,292.68048095703125,-247.33267211914062,33.309627532958984,-0.2688352263725434,7.47120971868314
28.27846336364746,292.68048095703125,-247.33267211914062,33.309627532958984,-0.2688352263725434,7.47120971868314
28.289023876190186,292.68048095703125,-247.33267211914062,33.309627532958984,-0.2688352263725434,7.47120971868314
28.298720121383667,292.8243408203125,-247.37283325195312,33.3101692199707,-0.26941151778767974,7.453934469244995
28.30871868133545,292.8243408203125,-247.37283325195312,33.3101692199707,-0.26941151778767974,7.453934469244995
28.319256067276,292.96783447265625,-247.4129638671875,33.31069564819336,-0.2700139414710125,7.436969158131791
28.329046487808228,292.96783447265625,-247.4129638671875,33.31069564819336,-0.2700139414710125,7.436969158131791
28.339131832122803,292.96783447265625,-247.4129638671875,33.31069564819336,-0.2700139414710125,7.436969158131791
28.34894585609436,293.1109619140625,-247.453125,33.31121826171875,-0.27064193150080995,7.4195544363861075
28.35901975631714,293.1109619140625,-247.453125,33.31121826171875,-0.27064193150080995,7.4195544363861075
28.369053840637207,293.1109619140625,-247.453125,33.31121826171875,-0.27064193150080995,7.4195544363861075
28.379409790039062,293.2536926269531,-247.4933319091797,33.31174087524414,-0.27129384004614776,7.402365358508052
28.389095783233643,293.2536926269531,-247.4933319091797,33.31174087524414,-0.27129384004614776,7.402365358508052
28.39935040473938,293.2536926269531,-247.4933319091797,33.31174087524414,-0.27129384004614776,7.402365358508052
28.409221172332764,293.3960876464844,-247.53355407714844,33.312259674072266,-0.2719644240086297,7.385240873646284
28.420145511627197,293.3960876464844,-247.53355407714844,33.312259674072266,-0.2719644240086297,7.385240873646284
28.42964220046997,293.53814697265625,-247.57382202148438,33.31277847290039,-0.2726579777355136,7.368118106685404
28.439749479293823,293.53814697265625,-247.57382202148438,33.31277847290039,-0.2726579777355136,7.368118106685404
28.450538158416748,293.53814697265625,-247.57382202148438,33.31277847290039,-0.2726579777355136,7.368118106685404
28.460161685943604,293.6798095703125,-247.61407470703125,33.313297271728516,-0.27336955773402594,7.350961446103035
28.470221757888794,293.6798095703125,-247.61407470703125,33.313297271728516,-0.27336955773402594,7.350961446103035
28.47955560684204,293.6798095703125,-247.61407470703125,33.313297271728516,-0.27336955773402594,7.350961446103035
28.489665508270264,293.8211364746094,-247.6543731689453,33.313812255859375,-0.27410350828569496,7.333907313419969
28.499650955200195,293.8211364746094,-247.6543731689453,33.313812255859375,-0.27410350828569496,7.333907313419969
28.509897232055664,293.8211364746094,-247.6543731689453,33.313812255859375,-0.27410350828569496,7.333907313419969
28.520973443984985,293.96209716796875,-247.69468688964844,33.314327239990234,-0.2748555683327765,7.316887711364822
28.529858112335205,293.96209716796875,-247.69468688964844,33.314327239990234,-0.2748555683327765,7.316887711364822
28.5400972366333,293.96209716796875,-247.69468688964844,33.314327239990234,-0.2748555683327765,7.316887711364822
28.54999327659607,294.1026611328125,-247.7350311279297,33.314842224121094,-0.2756348092677337,7.299787718400985
28.55989384651184,294.1026611328125,-247.7350311279297,33.314842224121094,-0.2756348092677337,7.299787718400985
28.570063591003418,294.24285888671875,-247.7755584716797,33.31535720825195,-0.27654399581913,7.282710043097439
28.580631494522095,294.24285888671875,-247.7755584716797,33.31535720825195,-0.27654399581913,7.282710043097439
28.590370893478394,294.24285888671875,-247.7755584716797,33.31535720825195,-0.27654399581913,7.282710043097439
28.600644826889038,294.38262939453125,-247.8162078857422,33.31587219238281,-0.2775655178342571,7.265695947987231
28.61027216911316,294.38262939453125,-247.8162078857422,33.31587219238281,-0.2775655178342571,7.265695947987231
28.620501041412354,294.38262939453125,-247.8162078857422,33.31587219238281,-0.2775655178342571,7.265695947987231
28.630901098251343,294.52203369140625,-247.85702514648438,33.31638717651367,-0.2787027541987482,7.248710833675439
28.640544891357422,294.52203369140625,-247.85702514648438,33.31638717651367,-0.2787027541987482,7.248710833675439
28.65077519416809,294.6610412597656,-247.89796447753906,33.31689453125,-0.27992722573369616,7.2317952734040105
28.660889625549316,294.6610412597656,-247.89796447753906,33.31689453125,-0.27992722573369616,7.2317952734040105
28.671030282974243,294.6610412597656,-247.89796447753906,33.31689453125,-0.27992722573369616,7.2317952734040105
28.680368185043335,294.79962158203125,-247.9390411376953,33.317405700683594,-0.2812220879452063,7.214937374973514
28.690784454345703,294.79962158203125,-247.9390411376953,33.317405700683594,-0.2812220879452063,7.214937374973514
28.700854063034058,294.79962158203125,-247.9390411376953,33.317405700683594,-0.2812220879452063,7.214937374973514
28.710782051086426,294.9378356933594,-247.98025512695312,33.31791687011719,-0.2825653863990423,7.198188254540865
28.720956325531006,294.9378356933594,-247.98025512695312,33.31791687011719,-0.2825653863990423,7.198188254540865
28.73140048980713,294.9378356933594,-247.98025512695312,33.31791687011719,-0.2825653863990423,7.198188254540865
28.74103283882141,295.0756530761719,-248.0215301513672,33.31843948364258,-0.28392782632321323,7.180960626860422
28.751861810684204,295.0756530761719,-248.0215301513672,33.31843948364258,-0.28392782632321323,7.180960626860422
28.76103901863098,295.2131042480469,-248.06295776367188,33.31895446777344,-0.28530847561133754,7.1642765457014015
28.770957946777344,295.2131042480469,-248.06295776367188,33.31895446777344,-0.28530847561133754,7.1642765457014015
28.781550645828247,295.2131042480469,-248.06295776367188,33.31895446777344,-0.28530847561133754,7.1642765457014015
28.791510820388794,295.3502197265625,-248.1043701171875,33.3194580078125,-0.28659048807058807,7.148144932068305
28.801108598709106,295.3502197265625,-248.1043701171875,33.3194580078125,-0.28659048807058807,7.148144932068305
28.811516046524048,295.3502197265625,-248.1043701171875,33.3194580078125,-0.28659048807058807,7.148144932068305
28.82175064086914,295.4869689941406,-248.14578247070312,33.31995391845703,-0.2877862474000336,7.131595847796889
28.831394910812378,295.4869689941406,-248.14578247070312,33.31995391845703,-0.2877862474000336,7.131595847796889
28.841698169708252,295.6234130859375,-248.18714904785156,33.3204460144043,-0.28884881538546164,7.1153079139542
28.851578950881958,295.6234130859375,-248.18714904785156,33.3204460144043,-0.28884881538546164,7.1153079139542
28.861500024795532,295.6234130859375,-248.18714904785156,33.3204460144043,-0.28884881538546164,7.1153079139542
28.87192463874817,295.759521484375,-248.2284393310547,33.3209228515625,-0.28980439087409565,7.098034778456432
28.881935596466064,295.759521484375,-248.2284393310547,33.3209228515625,-0.28980439087409565,7.098034778456432
28.892396688461304,295.759521484375,-248.2284393310547,33.3209228515625,-0.28980439087409565,7.098034778456432
28.901782751083374,295.89532470703125,-248.2696990966797,33.321388244628906,-0.2906613295338559,7.08123383254838
28.91151714324951,295.89532470703125,-248.2696990966797,33.321388244628906,-0.2906613295338559,7.08123383254838
28.921725511550903,295.89532470703125,-248.2696990966797,33.321388244628906,-0.2906613295338559,7.08123383254838
28.931721925735474,296.03076171875,-248.31089782714844,33.32184982299805,-0.2914448981055845,7.063472737095352
28.94158673286438,296.03076171875,-248.31089782714844,33.32184982299805,-0.2914448981055845,7.063472737095352
28.952275276184082,296.1658020019531,-248.35206604003906,33.32231521606445,-0.2921751368764842,7.04485836278331
28.96200704574585,296.1658020019531,-248.35206604003906,33.32231521606445,-0.2921751368764842,7.04485836278331
28.97204852104187,296.1658020019531,-248.35206604003906,33.32231521606445,-0.2921751368764842,7.04485836278331
28.98256492614746,296.30047607421875,-248.39317321777344,33.32278060913086,-0.29286333099167433,7.025538131134435
28.99226713180542,296.30047607421875,-248.39317321777344,33.32278060913086,-0.29286333099167433,7.025538131134435
29.002296924591064,296.30047607421875,-248.39317321777344,33.32278060913086,-0.29286333099167433,7.025538131134435
29.012262105941772,296.43475341796875,-248.4342498779297,33.3232421875,-0.29352159783411463,7.005269247391235
29.022534608840942,296.43475341796875,-248.4342498779297,33.3232421875,-0.29352159783411463,7.005269247391235
29.03254771232605,296.43475341796875,-248.4342498779297,33.3232421875,-0.29352159783411463,7.005269247391235
29.042528867721558,296.5685729980469,-248.47528076171875,33.32370376586914,-0.2941501704304006,6.9841703107588105
29.05280876159668,296.5685729980469,-248.47528076171875,33.32370376586914,-0.2941501704304006,6.9841703107588105
29.062514781951904,296.70196533203125,-248.51626586914062,33.32416534423828,-0.29475517405103935,6.962130274445182
29.072925806045532,296.70196533203125,-248.51626586914062,33.32416534423828,-0.29475517405103935,6.962130274445182
29.082926988601685,296.70196533203125,-248.51626586914062,33.32416534423828,-0.29475517405103935,6.962130274445182
29.09257221221924,296.8349304199219,-248.55715942382812,33.32462692260742,-0.29534369936243327,6.939149840456988
29.102631330490112,296.8349304199219,-248.55715942382812,33.32462692260742,-0.29534369936243327,6.939149840456988
29.112792253494263,296.8349304199219,-248.55715942382812,33.32462692260742,-0.29534369936243327,6.939149840456988
29.122618675231934,296.9674072265625,-248.59800720214844,33.32508850097656,-0.2959211725553033,6.915174916668367
29.13283085823059,296.9674072265625,-248.59800720214844,33.32508850097656,-0.2959211725553033,6.915174916668367
29.142817735671997,297.0993347167969,-248.63877868652344,33.32554244995117,-0.29648882534165366,6.890342022604376
29.152706146240234,297.0993347167969,-248.63877868652344,33.32554244995117,-0.29648882534165366,6.890342022604376
29.16283869743347,297.0993347167969,-248.63877868652344,33.32554244995117,-0.29648882534165366,6.890342022604376
29.173261880874634,297.2308349609375,-248.67947387695312,33.32600402832031,-0.2970497869357652,6.864437975868463
29.18287229537964,297.2308349609375,-248.67947387695312,33.32600402832031,-0.2970497869357652,6.864437975868463
29.19317603111267,297.2308349609375,-248.67947387695312,33.32600402832031,-0.2970497869357652,6.864437975868463
29.203314542770386,297.3617858886719,-248.7200927734375,33.32645797729492,-0.29760582168186017,6.837716526639023
29.213348150253296,297.3617858886719,-248.7200927734375,33.32645797729492,-0.29760582168186017,6.837716526639023
29.223212480545044,297.4921569824219,-248.76060485839844,33.3269157409668,-0.29815709602750656,6.810166322958101
29.233285427093506,297.4921569824219,-248.76060485839844,33.3269157409668,-0.29815709602750656,6.810166322958101
29.24351739883423,297.4921569824219,-248.76060485839844,33.3269157409668,-0.29815709602750656,6.810166322958101
29.253313302993774,297.6219787597656,-248.801025390625,33.327369689941406,-0.29870464194762686,6.781659193277417
29.26360774040222,297.6219787597656,-248.801025390625,33.327369689941406,-0.29870464194762686,6.781659193277417
29.27387499809265,297.6219787597656,-248.801025390625,33.327369689941406,-0.29870464194762686,6.781659193277417
29.28376603126526,297.7512512207031,-248.84133911132812,33.32781982421875,-0.29924899207443906,6.752393948581265
29.293839931488037,297.7512512207031,-248.84133911132812,33.32781982421875,-0.29924899207443906,6.752393948581265
29.303805828094482,297.8799133300781,-248.88156127929688,33.328269958496094,-0.29978961377572516,6.722465316375759
29.31375217437744,297.8799133300781,-248.88156127929688,33.328269958496094,-0.29978961377572516,6.722465316375759
29.32378339767456,297.8799133300781,-248.88156127929688,33.328269958496094,-0.29978961377572516,6.722465316375759
29.334008932113647,298.00799560546875,-248.92166137695312,33.32872009277344,-0.30032810494813916,6.691745362495702
29.34397315979004,298.00799560546875,-248.92166137695312,33.32872009277344,-0.30032810494813916,6.691745362495702
29.353875160217285,298.00799560546875,-248.92166137695312,33.32872009277344,-0.30032810494813916,6.691745362495702
29.364227533340454,298.13543701171875,-248.96163940429688,33.329166412353516,-0.30086333374821783,6.659839526085849
29.3740553855896,298.13543701171875,-248.96163940429688,33.329166412353516,-0.30086333374821783,6.659839526085849
29.384753942489624,298.13543701171875,-248.96163940429688,33.329166412353516,-0.30086333374821783,6.659839526085849
29.394399166107178,298.26220703125,-249.00149536132812,33.329612731933594,-0.3013964985984517,6.626883872192003
29.405118227005005,298.26220703125,-249.00149536132812,33.329612731933594,-0.3013964985984517,6.626883872192003
29.41478657722473,298.3883361816406,-249.04119873046875,33.330055236816406,-0.30192646765537745,6.59244172439977
29.424551010131836,298.3883361816406,-249.04119873046875,33.330055236816406,-0.30192646765537745,6.59244172439977
29.434607982635498,298.3883361816406,-249.04119873046875,33.330055236816406,-0.30192646765537745,6.59244172439977
29.444501876831055,298.5137634277344,-249.080810546875,33.33049392700195,-0.30245387341975405,6.556632709225389
29.455048322677612,298.5137634277344,-249.080810546875,33.33049392700195,-0.30245387341975405,6.556632709225389
29.46521282196045,298.5137634277344,-249.080810546875,33.33049392700195,-0.30245387341975405,6.556632709225389
29.47513222694397,298.6384582519531,-249.12025451660156,33.3309326171875,-0.30297898220769043,6.519304187987162
29.484594106674194,298.6384582519531,-249.12025451660156,33.3309326171875,-0.30297898220769043,6.519304187987162
29.49514937400818,298.7624206542969,-249.1595001220703,33.33137130737305,-0.30350052901766883,6.4805811988495305
29.504738569259644,298.7624206542969,-249.1595001220703,33.33137130737305,-0.30350052901766883,6.4805811988495305
29.51518964767456,298.7624206542969,-249.1595001220703,33.33137130737305,-0.30350052901766883,6.4805811988495305
29.525007009506226,298.8856201171875,-249.1986083984375,33.33180236816406,-0.30401921292947537,6.440562891303158
29.53483557701111,298.8856201171875,-249.1986083984375,33.33180236816406,-0.30401921292947537,6.440562891303158
29.544926643371582,298.8856201171875,-249.1986083984375,33.33180236816406,-0.30401921292947537,6.440562891303158
29.55500626564026,299.00799560546875,-249.23751831054688,33.332237243652344,-0.30453423499478305,6.39933596801287
29.564810276031494,299.00799560546875,-249.23751831054688,33.332237243652344,-0.30453423499478305,6.39933596801287
29.57517409324646,299.00799560546875,-249.23751831054688,33.332237243652344,-0.30453423499478305,6.39933596801287
29.585201263427734,299.12957763671875,-249.2762451171875,33.332664489746094,-0.30504662718851433,6.357008458597305
29.595521688461304,299.12957763671875,-249.2762451171875,33.332664489746094,-0.30504662718851433,6.357008458597305
29.605226039886475,299.2502746582031,-249.31475830078125,33.333091735839844,-0.30555532424623305,6.3137698275650775
29.615457773208618,299.2502746582031,-249.31475830078125,33.333091735839844,-0.30555532424623305,6.3137698275650775
29.625264167785645,299.2502746582031,-249.31475830078125,33.333091735839844,-0.30555532424623305,6.3137698275650775
29.635489463806152,299.37017822265625,-249.3530731201172,33.33352279663086,-0.3060634553822202,6.270122757698155
29.645517587661743,299.37017822265625,-249.3530731201172,33.33352279663086,-0.3060634553822202,6.270122757698155
29.65541386604309,299.37017822265625,-249.3530731201172,33.33352279663086,-0.3060634553822202,6.270122757698155
29.665449380874634,299.48919677734375,-249.3911895751953,33.33395767211914,-0.3065646290098595,6.225832024819653
29.675255060195923,299.48919677734375,-249.3911895751953,33.33395767211914,-0.3065646290098595,6.225832024819653
29.685380935668945,299.6073303222656,-249.42909240722656,33.334373474121094,-0.30706270671273156,6.180510443396978
29.695584774017334,299.6073303222656,-249.42909240722656,33.334373474121094,-0.30706270671273156,6.180510443396978
29.70544123649597,299.6073303222656,-249.42909240722656,33.334373474121094,-0.30706270671273156,6.180510443396978
29.715489149093628,299.7245788574219,-249.46676635742188,33.334774017333984,-0.307557988096459,6.134404663437104
29.725743532180786,299.7245788574219,-249.46676635742188,33.334774017333984,-0.307557988096459,6.134404663437104
29.73568630218506,299.7245788574219,-249.46676635742188,33.334774017333984,-0.307557988096459,6.134404663437104
29.745762825012207,299.8409423828125,-249.5042266845703,33.33515930175781,-0.30804960763368766,6.087555326077306
29.755932569503784,299.8409423828125,-249.5042266845703,33.33515930175781,-0.30804960763368766,6.087555326077306
29.76597285270691,299.8409423828125,-249.5042266845703,33.33515930175781,-0.30804960763368766,6.087555326077306
29.776434659957886,299.95635986328125,-249.54144287109375,33.335540771484375,-0.30853696611317216,6.039797854158059
29.786070823669434,299.95635986328125,-249.54144287109375,33.335540771484375,-0.30853696611317216,6.039797854158059
29.795943021774292,300.0708312988281,-249.57843017578125,33.33591079711914,-0.30902062945664416,5.990391940833515
29.80593180656433,300.0708312988281,-249.57843017578125,33.33591079711914,-0.30902062945664416,5.990391940833515
29.81628394126892,300.0708312988281,-249.57843017578125,33.33591079711914,-0.30902062945664416,5.990391940833515
29.82621932029724,300.1843566894531,-249.6151580810547,33.33627700805664,-0.30950106371729447,5.940625355499099
29.836219549179077,300.1843566894531,-249.6151580810547,33.33627700805664,-0.30950106371729447,5.940625355499099
29.846583604812622,300.1843566894531,-249.6151580810547,33.33627700805664,-0.30950106371729447,5.940625355499099
29.856335639953613,300.2969055175781,-249.65164184570312,33.336639404296875,-0.30997826889512303,5.890371961572215
29.866569995880127,300.2969055175781,-249.65164184570312,33.336639404296875,-0.30997826889512303,5.890371961572215
29.87690281867981,300.2969055175781,-249.65164184570312,33.336639404296875,-0.30997826889512303,5.890371961572215
29.88657283782959,300.408447265625,-249.68785095214844,33.336997985839844,-0.3104512130152075,5.83958941513598
29.896700859069824,300.408447265625,-249.68785095214844,33.336997985839844,-0.3104512130152075,5.83958941513598
29.906666040420532,300.51904296875,-249.7238006591797,33.33734893798828,-0.3109199959460887,5.788481558110204
29.91665506362915,300.51904296875,-249.7238006591797,33.33734893798828,-0.3109199959460887,5.788481558110204
29.92668604850769,300.51904296875,-249.7238006591797,33.33734893798828,-0.3109199959460887,5.788481558110204
29.93707513809204,300.6286315917969,-249.75950622558594,33.33769989013672,-0.3113849505829029,5.737074866976735
29.946767330169678,300.6286315917969,-249.75950622558594,33.33769989013672,-0.3113849505829029,5.737074866976735
29.957141160964966,300.6286315917969,-249.75950622558594,33.33769989013672,-0.3113849505829029,5.737074866976735
29.96721911430359,300.7372131347656,-249.79493713378906,33.33804702758789,-0.3118462100837046,5.685429646111668
29.977115154266357,300.7372131347656,-249.79493713378906,33.33804702758789,-0.3118462100837046,5.685429646111668
29.987166166305542,300.84478759765625,-249.83010864257812,33.33838653564453,-0.31230320852676224,5.63367085989866
29.997193574905396,300.84478759765625,-249.83010864257812,33.33838653564453,-0.31230320852676224,5.63367085989866
30.007261037826538,300.84478759765625,-249.83010864257812,33.33838653564453,-0.31230320852676224,5.63367085989866
30.017141342163086,300.9513854980469,-249.864990234375,33.33872985839844,-0.3127564452547801,5.5818732145655705
30.027225494384766,300.9513854980469,-249.864990234375,33.33872985839844,-0.3127564452547801,5.5818732145655705
30.03734016418457,300.9513854980469,-249.864990234375,33.33872985839844,-0.3127564452547801,5.5818732145655705
30.047513246536255,301.0569763183594,-249.89959716796875,33.33906936645508,-0.3132059535572718,5.529960856491569
30.05749797821045,301.0569763183594,-249.89959716796875,33.33906936645508,-0.3132059535572718,5.529960856491569
30.067562103271484,301.0569763183594,-249.89959716796875,33.33906936645508,-0.3132059535572718,5.529960856491569
30.078105211257935,301.1615905761719,-249.9339599609375,33.33940505981445,-0.3136512673810467,5.478039732694096
30.087652683258057,301.1615905761719,-249.9339599609375,33.33940505981445,-0.3136512673810467,5.478039732694096
30.097618341445923,301.26519775390625,-249.968017578125,33.3397331237793,-0.31409331883248626,5.426196467246414
30.10763931274414,301.26519775390625,-249.968017578125,33.3397331237793,-0.31409331883248626,5.426196467246414
30.117820978164673,301.26519775390625,-249.968017578125,33.3397331237793,-0.31409331883248626,5.426196467246414
30.127463579177856,301.3677673339844,-250.00181579589844,33.34006118774414,-0.3145311758052089,5.374425582580806
30.137853860855103,301.3677673339844,-250.00181579589844,33.34006118774414,-0.3145311758052089,5.374425582580806
30.147845029830933,301.3677673339844,-250.00181579589844,33.34006118774414,-0.3145311758052089,5.374425582580806
30.15800380706787,301.4693603515625,-250.0353240966797,33.340389251708984,-0.3149647384306738,5.322740938974099
30.168126106262207,301.4693603515625,-250.0353240966797,33.340389251708984,-0.3149647384306738,5.322740938974099
30.178151607513428,301.57000732421875,-250.06854248046875,33.3407096862793,-0.31539403999839455,5.271323547591644
30.188154697418213,301.57000732421875,-250.06854248046875,33.3407096862793,-0.31539403999839455,5.271323547591644
30.198572635650635,301.57000732421875,-250.06854248046875,33.3407096862793,-0.31539403999839455,5.271323547591644
30.208493947982788,301.66961669921875,-250.1015167236328,33.341026306152344,-0.3158201124832936,5.220038981966443
30.21838641166687,301.66961669921875,-250.1015167236328,33.341026306152344,-0.3158201124832936,5.220038981966443
30.22857666015625,301.66961669921875,-250.1015167236328,33.341026306152344,-0.3158201124832936,5.220038981966443
30.238563537597656,301.76824951171875,-250.13421630859375,33.34134292602539,-0.3162430557539118,5.16950557039624
30.248181581497192,301.76824951171875,-250.13421630859375,33.34134292602539,-0.3162430557539118,5.16950557039624
30.258233785629272,301.76824951171875,-250.13421630859375,33.34134292602539,-0.3162430557539118,5.16950557039624
30.268771171569824,301.8659362792969,-250.16664123535156,33.34165573120117,-0.3166622705990039,5.120198017477367
30.27875518798828,301.8659362792969,-250.16664123535156,33.34165573120117,-0.3166622705990039,5.120198017477367
30.288737773895264,301.8659362792969,-250.16664123535156,33.34165573120117,-0.3166622705990039,5.120198017477367
30.29836916923523,301.96270751953125,-250.1987762451172,33.34196472167969,-0.31707346267131215,5.072804162055787
30.308753967285156,301.96270751953125,-250.1987762451172,33.34196472167969,-0.31707346267131215,5.072804162055787
30.318599462509155,302.05859375,-250.23069763183594,33.3422737121582,-0.31747826315700417,5.027542329032436
30.32839608192444,302.05859375,-250.23069763183594,33.3422737121582,-0.31747826315700417,5.027542329032436
30.338594436645508,302.05859375,-250.23069763183594,33.3422737121582,-0.31747826315700417,5.027542329032436
30.349727630615234,302.1535949707031,-250.26235961914062,33.34259796142578,-0.3178654202004745,4.982732850425144
30.35850191116333,302.1535949707031,-250.26235961914062,33.34259796142578,-0.3178654202004745,4.982732850425144
30.36876344680786,302.1535949707031,-250.26235961914062,33.34259796142578,-0.3178654202004745,4.982732850425144
30.37867760658264,302.24853515625,-250.29408264160156,33.342857360839844,-0.31826439502128195,4.9963793714970075
30.38880968093872,302.24853515625,-250.29408264160156,33.342857360839844,-0.31826439502128195,4.9963793714970075
30.399107456207275,302.3435363769531,-250.32583618164062,33.34312057495117,-0.3186499874576118,5.006080614031141
30.409462690353394,302.3435363769531,-250.32583618164062,33.34312057495117,-0.3186499874576118,5.006080614031141
30.41929054260254,302.3435363769531,-250.32583618164062,33.34312057495117,-0.3186499874576118,5.006080614031141
30.429051160812378,302.4384765625,-250.3575897216797,33.34343338012695,-0.3190979644424768,4.991025912323344
30.43951988220215,302.4384765625,-250.3575897216797,33.34343338012695,-0.3190979644424768,4.991025912323344
30.449132204055786,302.4384765625,-250.3575897216797,33.34343338012695,-0.3190979644424768,4.991025912323344
30.45951199531555,302.533447265625,-250.38946533203125,33.34367370605469,-0.3193648131837027,5.012423686712427
30.46904969215393,302.533447265625,-250.38946533203125,33.34367370605469,-0.3193648131837027,5.012423686712427
30.479461669921875,302.533447265625,-250.38946533203125,33.34367370605469,-0.3193648131837027,5.012423686712427
30.489531993865967,302.6282653808594,-250.421142578125,33.34391403198242,-0.3200523747981339,4.99981757354864
30.499284029006958,302.6282653808594,-250.421142578125,33.34391403198242,-0.3200523747981339,4.99981757354864
30.50938391685486,302.72314453125,-250.45298767089844,33.34416580200195,-0.32038367203773976,5.002000169746398
30.52000617980957,302.72314453125,-250.45298767089844,33.34416580200195,-0.32038367203773976,5.002000169746398
30.529348611831665,302.72314453125,-250.45298767089844,33.34416580200195,-0.32038367203773976,5.002000169746398
30.53983736038208,302.8176574707031,-250.48475646972656,33.344478607177734,-0.3207203288890394,4.961707806213382
30.549550771713257,302.8176574707031,-250.48475646972656,33.344478607177734,-0.3207203288890394,4.961707806213382
30.560115098953247,302.8176574707031,-250.48475646972656,33.344478607177734,-0.3207203288890394,4.961707806213382
30.569891214370728,302.912109375,-250.5165252685547,33.34465789794922,-0.32104686572819674,4.983066917103392
30.580188751220703,302.912109375,-250.5165252685547,33.34465789794922,-0.32104686572819674,4.983066917103392
30.590421676635742,302.912109375,-250.5165252685547,33.34465789794922,-0.32104686572819674,4.983066917103392
30.600595712661743,303.0065612792969,-250.54833984375,33.34486389160156,-0.32136321597618456,4.982474662704029
30.610689878463745,303.0065612792969,-250.54833984375,33.34486389160156,-0.32136321597618456,4.982474662704029
30.620178699493408,303.1009521484375,-250.5801544189453,33.34508514404297,-0.32167590437767346,4.978892084880051
30.630011320114136,303.1009521484375,-250.5801544189453,33.34508514404297,-0.32167590437767346,4.978892084880051
30.64028549194336,303.1009521484375,-250.5801544189453,33.34508514404297,-0.32167590437767346,4.978892084880051
30.65039873123169,303.1952209472656,-250.61196899414062,33.34532165527344,-0.3219858963285587,4.972488170338795
30.66038203239441,303.1952209472656,-250.61196899414062,33.34532165527344,-0.3219858963285587,4.972488170338795
30.670355319976807,303.1952209472656,-250.61196899414062,33.34532165527344,-0.3219858963285587,4.972488170338795
30.68018364906311,303.289306640625,-250.64376831054688,33.3455696105957,-0.32229429038278984,4.96350356040744
30.69037103652954,303.289306640625,-250.64376831054688,33.3455696105957,-0.32229429038278984,4.96350356040744
30.701033115386963,303.3832092285156,-250.67552185058594,33.3458251953125,-0.3225919652136335,4.952382410225626
30.71051025390625,303.3832092285156,-250.67552185058594,33.3458251953125,-0.3225919652136335,4.952382410225626
30.720733880996704,303.3832092285156,-250.67552185058594,33.3458251953125,-0.3225919652136335,4.952382410225626
30.73078989982605,303.4768371582031,-250.70721435546875,33.346092224121094,-0.32288118450801606,4.939470156654027
30.74067735671997,303.4768371582031,-250.70721435546875,33.346092224121094,-0.32288118450801606,4.939470156654027
30.750527143478394,303.4768371582031,-250.70721435546875,33.346092224121094,-0.32288118450801606,4.939470156654027
30.76086115837097,303.5702209472656,-250.73878479003906,33.34635925292969,-0.32311504334123864,4.925114757186701
30.770689249038696,303.5702209472656,-250.73878479003906,33.34635925292969,-0.32311504334123864,4.925114757186701
30.780858755111694,303.6633605957031,-250.77017211914062,33.34662628173828,-0.32326308180833346,4.909509644839505
30.790847539901733,303.6633605957031,-250.77017211914062,33.34662628173828,-0.32326308180833346,4.909509644839505
30.801005840301514,303.6633605957031,-250.77017211914062,33.34662628173828,-0.32326308180833346,4.909509644839505
30.810847520828247,303.7561950683594,-250.80142211914062,33.34689712524414,-0.32335739100043587,4.892896357261295
30.82097315788269,303.7561950683594,-250.80142211914062,33.34689712524414,-0.32335739100043587,4.892896357261295
30.83108115196228,303.7561950683594,-250.80142211914062,33.34689712524414,-0.32335739100043587,4.892896357261295
30.841396808624268,303.84869384765625,-250.8324737548828,33.34716796875,-0.32338132616073295,4.875562337103114
30.8511483669281,303.84869384765625,-250.8324737548828,33.34716796875,-0.32338132616073295,4.875562337103114
30.861223936080933,303.84869384765625,-250.8324737548828,33.34716796875,-0.32338132616073295,4.875562337103114
30.87127923965454,303.94091796875,-250.86337280273438,33.34743881225586,-0.3233595215293079,4.857764969033994
30.881412982940674,303.94091796875,-250.86337280273438,33.34743881225586,-0.3233595215293079,4.857764969033994
30.891481637954712,304.03277587890625,-250.89413452148438,33.347713470458984,-0.32331155134017286,4.8396264549380765
30.901503324508667,304.03277587890625,-250.89413452148438,33.347713470458984,-0.32331155134017286,4.8396264549380765
30.911307334899902,304.03277587890625,-250.89413452148438,33.347713470458984,-0.32331155134017286,4.8396264549380765
30.92138409614563,304.12432861328125,-250.92474365234375,33.34798049926758,-0.323249233370665,4.821248480720629
30.93162989616394,304.12432861328125,-250.92474365234375,33.34798049926758,-0.323249233370665,4.821248480720629
30.941595315933228,304.12432861328125,-250.92474365234375,33.34798049926758,-0.323249233370665,4.821248480720629
30.95174741744995,304.21551513671875,-250.95518493652344,33.34824752807617,-0.323172600910298,4.80274528289979
30.96178674697876,304.21551513671875,-250.95518493652344,33.34824752807617,-0.323172600910298,4.80274528289979
30.97202444076538,304.3063659667969,-250.98550415039062,33.34851837158203,-0.32308574856924777,4.784215324541316
30.98202419281006,304.3063659667969,-250.98550415039062,33.34851837158203,-0.32308574856924777,4.784215324541316
30.992046117782593,304.3063659667969,-250.98550415039062,33.34851837158203,-0.32308574856924777,4.784215324541316
31.001931190490723,304.3968811035156,-251.0157012939453,33.34878921508789,-0.3229883101628645,4.765732262936229
31.01171588897705,304.3968811035156,-251.0157012939453,33.34878921508789,-0.3229883101628645,4.765732262936229
31.02212643623352,304.3968811035156,-251.0157012939453,33.34878921508789,-0.3229883101628645,4.765732262936229
31.03200912475586,304.4870300292969,-251.0457305908203,33.349056243896484,-0.32288444688035145,4.7473551044808175
31.042039155960083,304.4870300292969,-251.0457305908203,33.349056243896484,-0.32288444688035145,4.7473551044808175
31.0527663230896,304.4870300292969,-251.0457305908203,33.349056243896484,-0.32288444688035145,4.7473551044808175
31.06204652786255,304.5768737792969,-251.0756378173828,33.34931945800781,-0.3227736260894905,4.729589442212282
31.072030305862427,304.5768737792969,-251.0756378173828,33.34931945800781,-0.3227736260894905,4.729589442212282
31.082541942596436,304.6663818359375,-251.1054229736328,33.34958267211914,-0.32265907687310347,4.713139873910491
31.09211230278015,304.6663818359375,-251.1054229736328,33.34958267211914,-0.32265907687310347,4.713139873910491
31.102211713790894,304.6663818359375,-251.1054229736328,33.34958267211914,-0.32265907687310347,4.713139873910491
31.112117052078247,304.755615234375,-251.13511657714844,33.3498420715332,-0.32254352897130767,4.698051259778623
31.12220573425293,304.755615234375,-251.13511657714844,33.3498420715332,-0.32254352897130767,4.698051259778623
31.13249683380127,304.755615234375,-251.13511657714844,33.3498420715332,-0.32254352897130767,4.698051259778623
31.142578125,304.8445739746094,-251.16468811035156,33.35009765625,-0.32242102356116403,4.684273023574309
31.15250253677368,304.8445739746094,-251.16468811035156,33.35009765625,-0.32242102356116403,4.684273023574309
31.16291618347168,304.93328857421875,-251.19415283203125,33.35035705566406,-0.3222948230150079,4.6717709852137554
31.172852277755737,304.93328857421875,-251.19415283203125,33.35035705566406,-0.3222948230150079,4.6717709852137554
31.182913303375244,304.93328857421875,-251.19415283203125,33.35035705566406,-0.3222948230150079,4.6717709852137554
31.192721843719482,305.0218200683594,-251.2235565185547,33.35061264038086,-0.32216645865046606,4.660409745987937
31.20297336578369,305.0218200683594,-251.2235565185547,33.35061264038086,-0.32216645865046606,4.660409745987937
31.212839126586914,305.0218200683594,-251.2235565185547,33.35061264038086,-0.32216645865046606,4.660409745987937
31.223074674606323,305.110107421875,-251.2528839111328,33.35087203979492,-0.32203702902148823,4.650086004329342
31.23276448249817,305.110107421875,-251.2528839111328,33.35087203979492,-0.32203702902148823,4.650086004329342
31.243277549743652,305.110107421875,-251.2528839111328,33.35087203979492,-0.32203702902148823,4.650086004329342
31.253097772598267,305.1982727050781,-251.28211975097656,33.35112380981445,-0.32190437030968866,4.640711772378389
31.263206005096436,305.1982727050781,-251.28211975097656,33.35112380981445,-0.32190437030968866,4.640711772378389
31.27318572998047,305.2862548828125,-251.311279296875,33.351375579833984,-0.32176961435853063,4.632221379762981
31.283317804336548,305.2862548828125,-251.311279296875,33.351375579833984,-0.32176961435853063,4.632221379762981
31.293145418167114,305.2862548828125,-251.311279296875,33.351375579833984,-0.32176961435853063,4.632221379762981
31.30306100845337,305.37408447265625,-251.34036254882812,33.35162353515625,-0.3216338264324502,4.624417485769987
31.313302755355835,305.37408447265625,-251.34036254882812,33.35162353515625,-0.3216338264324502,4.624417485769987
31.323256254196167,305.37408447265625,-251.34036254882812,33.35162353515625,-0.3216338264324502,4.624417485769987
31.33368968963623,305.4618225097656,-251.3694305419922,33.35187911987305,-0.32149743929512453,4.617142917600481
31.343499183654785,305.4618225097656,-251.3694305419922,33.35187911987305,-0.32149743929512453,4.617142917600481
31.3535258769989,305.4618225097656,-251.3694305419922,33.35187911987305,-0.32149743929512453,4.617142917600481
31.36363124847412,305.54937744140625,-251.3983917236328,33.35213088989258,-0.3213611187368261,4.6102953826229385
31.373721837997437,305.54937744140625,-251.3983917236328,33.35213088989258,-0.3213611187368261,4.6102953826229385
31.383702993392944,305.6368408203125,-251.4273223876953,33.35238265991211,-0.321224764889014,4.603794898545138
31.393900632858276,305.6368408203125,-251.4273223876953,33.35238265991211,-0.321224764889014,4.603794898545138
31.404109001159668,305.6368408203125,-251.4273223876953,33.35238265991211,-0.321224764889014,4.603794898545138
31.41385841369629,305.7241516113281,-251.45619201660156,33.35263442993164,-0.32108894367342,4.597638259957959
31.42414927482605,305.7241516113281,-251.45619201660156,33.35263442993164,-0.32108894367342,4.597638259957959
31.434608459472656,305.7241516113281,-251.45619201660156,33.35263442993164,-0.32108894367342,4.597638259957959
31.443904638290405,305.8113708496094,-251.4850311279297,33.35288619995117,-0.320953122457826,4.593117334567256
31.454065322875977,305.8113708496094,-251.4850311279297,33.35288619995117,-0.320953122457826,4.593117334567256
31.464099884033203,305.89862060546875,-251.5138397216797,33.3531379699707,-0.32081836650666795,4.593308381468689
31.474016904830933,305.89862060546875,-251.5138397216797,33.3531379699707,-0.32081836650666795,4.593308381468689
31.484479427337646,305.89862060546875,-251.5138397216797,33.3531379699707,-0.32081836650666795,4.593308381468689
31.494134187698364,305.98590087890625,-251.54266357421875,33.3533821105957,-0.32068247871204664,4.599071448998638
31.50418996810913,305.98590087890625,-251.54266357421875,33.3533821105957,-0.32068247871204664,4.599071448998638
31.514395236968994,305.98590087890625,-251.54266357421875,33.3533821105957,-0.32068247871204664,4.599071448998638
31.524351119995117,306.07342529296875,-251.5715789794922,33.3536262512207,-0.3205466574964526,4.610098319193238
31.53431224822998,306.07342529296875,-251.5715789794922,33.3536262512207,-0.3205466574964526,4.610098319193238
31.544506311416626,306.07342529296875,-251.5715789794922,33.3536262512207,-0.3205466574964526,4.610098319193238
31.554532289505005,306.16119384765625,-251.6005401611328,33.353878021240234,-0.3204098043059362,4.625502141769732
31.564622402191162,306.16119384765625,-251.6005401611328,33.353878021240234,-0.3204098043059362,4.625502141769732
31.5743625164032,306.24932861328125,-251.62957763671875,33.354122161865234,-0.32027131992925206,4.644593423903683
31.584516525268555,306.24932861328125,-251.62957763671875,33.354122161865234,-0.32027131992925206,4.644593423903683
31.594722986221313,306.24932861328125,-251.62957763671875,33.354122161865234,-0.32027131992925206,4.644593423903683
31.604981660842896,306.337890625,-251.65878295898438,33.354366302490234,-0.32013286884208153,4.666482910782114
31.614704132080078,306.337890625,-251.65878295898438,33.354366302490234,-0.32013286884208153,4.666482910782114
31.624818563461304,306.337890625,-251.65878295898438,33.354366302490234,-0.32013286884208153,4.666482910782114
31.63470435142517,306.4268798828125,-251.68807983398438,33.3546142578125,-0.3199933192009614,4.690457041675533
31.645010709762573,306.4268798828125,-251.68807983398438,33.3546142578125,-0.3199933192009614,4.690457041675533
31.654892444610596,306.5163269042969,-251.71755981445312,33.35486602783203,-0.31985323692762324,4.715778959423009
31.664817571640015,306.5163269042969,-251.71755981445312,33.35486602783203,-0.31985323692762324,4.715778959423009
31.674893379211426,306.5163269042969,-251.71755981445312,33.35486602783203,-0.31985323692762324,4.715778959423009
31.685224056243896,306.6062927246094,-251.74716186523438,33.35511779785156,-0.3197126220220671,4.741860694029415
31.694866180419922,306.6062927246094,-251.74716186523438,33.35511779785156,-0.3197126220220671,4.741860694029415
31.705232620239258,306.6062927246094,-251.74716186523438,33.35511779785156,-0.3197126220220671,4.741860694029415
31.71501064300537,306.69677734375,-251.77694702148438,33.355369567871094,-0.3195714411947792,4.768500227279143
31.72526240348816,306.69677734375,-251.77694702148438,33.355369567871094,-0.3195714411947792,4.768500227279143
31.735087394714355,306.78778076171875,-251.80685424804688,33.35563278198242,-0.3194207395665944,4.795514285088236
31.74511480331421,306.78778076171875,-251.80685424804688,33.35563278198242,-0.3194207395665944,4.795514285088236
31.755217790603638,306.78778076171875,-251.80685424804688,33.35563278198242,-0.3194207395665944,4.795514285088236
31.765106916427612,306.8793029785156,-251.8369140625,33.35589599609375,-0.31926254779784363,4.822834986751248
31.7751784324646,306.8793029785156,-251.8369140625,33.35589599609375,-0.31926254779784363,4.822834986751248
31.785490036010742,306.8793029785156,-251.8369140625,33.35589599609375,-0.31926254779784363,4.822834986751248
31.795360565185547,306.9713439941406,-251.86712646484375,33.35616683959961,-0.3190909736446153,4.850364973902539
31.805432319641113,306.9713439941406,-251.86712646484375,33.35616683959961,-0.3190909736446153,4.850364973902539
31.815528631210327,306.9713439941406,-251.86712646484375,33.35616683959961,-0.3190909736446153,4.850364973902539
31.825498342514038,307.0639343261719,-251.89747619628906,33.3564453125,-0.31891044461222157,4.878033955223908
31.83579993247986,307.0639343261719,-251.89747619628906,33.3564453125,-0.31891044461222157,4.878033955223908
31.84587264060974,307.1570739746094,-251.92796325683594,33.356727600097656,-0.3187245226786204,4.905785140679881
31.855897426605225,307.1570739746094,-251.92796325683594,33.356727600097656,-0.3187245226786204,4.905785140679881
31.866015434265137,307.1570739746094,-251.92796325683594,33.356727600097656,-0.3187245226786204,4.905785140679881
31.87600040435791,307.2507019042969,-251.95863342285156,33.357017517089844,-0.31853603745247006,4.933569330959983
31.8858859539032,307.2507019042969,-251.95863342285156,33.357017517089844,-0.31853603745247006,4.933569330959983
31.896043062210083,307.2507019042969,-251.95863342285156,33.357017517089844,-0.31853603745247006,4.933569330959983
31.906503915786743,307.34490966796875,-251.9894256591797,33.35730743408203,-0.3183394628745086,4.9613051962100805
31.916390657424927,307.34490966796875,-251.9894256591797,33.35730743408203,-0.3183394628745086,4.9613051962100805
31.926773071289062,307.43963623046875,-252.0203857421875,33.357601165771484,-0.31813709592117617,4.9889345240066545
31.93635392189026,307.43963623046875,-252.0203857421875,33.357601165771484,-0.31813709592117617,4.9889345240066545
31.94606113433838,307.43963623046875,-252.0203857421875,33.357601165771484,-0.31813709592117617,4.9889345240066545
31.956403017044067,307.5348815917969,-252.05148315429688,33.357967376708984,-0.3179309339632904,5.016431784609426
31.966151237487793,307.5348815917969,-252.05148315429688,33.357967376708984,-0.3179309339632904,5.016431784609426
31.976141452789307,307.5348815917969,-252.05148315429688,33.357967376708984,-0.3179309339632904,5.016431784609426
31.986229181289673,307.63067626953125,-252.08273315429688,33.35837173461914,-0.3177226747660462,5.043773198873108
31.99604296684265,307.63067626953125,-252.08273315429688,33.35837173461914,-0.3177226747660462,5.043773198873108
32.00656604766846,307.63067626953125,-252.08273315429688,33.35837173461914,-0.3177226747660462,5.043773198873108
32.01627278327942,307.7283630371094,-252.1122589111328,33.360294342041016,-0.31749690528463476,5.070658806846174
32.02639174461365,307.7283630371094,-252.1122589111328,33.360294342041016,-0.31749690528463476,5.070658806846174
32.03642177581787,307.82647705078125,-252.1428985595703,33.36320114135742,-0.3171058866575839,5.103137124146185
32.0465362071991,307.82647705078125,-252.1428985595703,33.36320114135742,-0.3171058866575839,5.103137124146185
32.0563178062439,307.82647705078125,-252.1428985595703,33.36320114135742,-0.3171058866575839,5.103137124146185
32.06681966781616,307.9241027832031,-252.17507934570312,33.365440368652344,-0.31665051940069394,5.137073244067982
32.07675385475159,307.9241027832031,-252.17507934570312,33.365440368652344,-0.31665051940069394,5.137073244067982
32.086755990982056,307.9241027832031,-252.17507934570312,33.365440368652344,-0.31665051940069394,5.137073244067982
32.096882581710815,308.02117919921875,-252.2074432373047,33.36715316772461,-0.31621748940744704,5.09813028769943
32.10693883895874,308.02117919921875,-252.2074432373047,33.36715316772461,-0.31621748940744704,5.09813028769943
32.117042779922485,308.02117919921875,-252.2074432373047,33.36715316772461,-0.31621748940744704,5.09813028769943
32.12692213058472,308.1175842285156,-252.239501953125,33.36845397949219,-0.31595859685997774,5.0686096460379435
32.13718795776367,308.1175842285156,-252.239501953125,33.36845397949219,-0.31595859685997774,5.0686096460379435
32.14700174331665,308.21343994140625,-252.271240234375,33.369441986083984,-0.3157546652995049,5.042705635681256
32.15717101097107,308.21343994140625,-252.271240234375,33.369441986083984,-0.3157546652995049,5.042705635681256
32.167075395584106,308.21343994140625,-252.271240234375,33.369441986083984,-0.3157546652995049,5.042705635681256
32.1769859790802,308.30889892578125,-252.3026885986328,33.37018585205078,-0.3155698086303398,5.019753909138902
32.18759059906006,308.30889892578125,-252.3026885986328,33.37018585205078,-0.3155698086303398,5.019753909138902
32.19724464416504,308.30889892578125,-252.3026885986328,33.37018585205078,-0.3155698086303398,5.019753909138902
32.20720410346985,308.4039611816406,-252.3338623046875,33.37075424194336,-0.31538821433351,4.99925525432773
32.21719026565552,308.4039611816406,-252.3338623046875,33.37075424194336,-0.31538821433351,4.99925525432773
32.227187395095825,308.5001220703125,-252.36524963378906,33.37112808227539,-0.3151634102479937,5.069826331576204
32.23712110519409,308.5001220703125,-252.36524963378906,33.37112808227539,-0.3151634102479937,5.069826331576204
32.247549295425415,308.5001220703125,-252.36524963378906,33.37112808227539,-0.3151634102479937,5.069826331576204
32.25745987892151,308.59735107421875,-252.3968505859375,33.37148666381836,-0.3147964599392944,5.113212062930708
32.26745414733887,308.59735107421875,-252.3968505859375,33.37148666381836,-0.3147964599392944,5.113212062930708
32.27755117416382,308.59735107421875,-252.3968505859375,33.37148666381836,-0.3147964599392944,5.113212062930708
32.287747621536255,308.69427490234375,-252.4281768798828,33.37179183959961,-0.3147037819333596,5.088994775447896
32.29732847213745,308.69427490234375,-252.4281768798828,33.37179183959961,-0.3147037819333596,5.088994775447896
32.3076913356781,308.7908630371094,-252.45941162109375,33.37205505371094,-0.3144960886578471,5.068297493817911
32.31759309768677,308.7908630371094,-252.45941162109375,33.37205505371094,-0.3144960886578471,5.068297493817911
32.327637910842896,308.7908630371094,-252.45941162109375,33.37205505371094,-0.3144960886578471,5.068297493817911
32.33766508102417,308.88714599609375,-252.49046325683594,33.372291564941406,-0.31428563235270357,5.046557551986352
32.3480429649353,308.88714599609375,-252.49046325683594,33.372291564941406,-0.31428563235270357,5.046557551986352
32.357778787612915,308.88714599609375,-252.49046325683594,33.372291564941406,-0.31428563235270357,5.046557551986352
32.36776900291443,308.98309326171875,-252.52137756347656,33.37251281738281,-0.31407108143738405,5.030045221830915
32.377829790115356,308.98309326171875,-252.52137756347656,33.37251281738281,-0.31407108143738405,5.030045221830915
